Називний;Родовий;Давальний;Орудний;Інші форми;Склад;Код посади (МО 317);Номери ВОС (МО 317);Усі ВОС;Назва в переліку МО 317;Джерело
автопілотник;автопілотника;автопілотнику;автопілотником;;рядовий, сержантський, старшинський;003;;так;Автопілотник;Excel, МО 317
авіаційний механік;авіаційного механіка;авіаційному механіку;авіаційним механіком;;рядовий, сержантський, старшинський;002;220, 221, 222, 223, 224, 225, 226, 227, 228, 240, 279;;Авіаційний механік;Excel, МО 317
авіаційний спеціаліст;авіаційного спеціаліста;авіаційному спеціалісту;авіаційним спеціалістом;;рядовий, сержантський, старшинський;001;220, 221, 222, 223, 224, 225, 226, 227, 228, 240, 279;;Авіаційний спеціаліст;Excel, МО 317
авіаційний технік;авіаційного техніка;авіаційному техніку;авіаційним техніком;;"рядовий, сержантський, старшинський; офіцерський";049;220, 221, 222, 223, 224, 225, 226, 227, 228, 240, 279;;Авіаційний технік;Excel, МО 317, складено
ад'юнкт;ад'юнкта;ад'юнкту;ад'юнктом;;офіцерський;;;;;складено
ад'ютант;ад'ютанта;ад'ютанту;ад'ютантом;;"рядовий, сержантський, старшинський; офіцерський";004;901;;Ад'ютант;Excel, МО 317, складено
акумуляторник;акумуляторника;акумуляторнику;акумуляторником;;рядовий, сержантський, старшинський;005;262, 366, 792;;Акумуляторник;Excel, МО 317
апаратник;апаратника;апаратнику;апаратником;;рядовий, сержантський, старшинський;007;799, 959, 982;;Апаратник;Excel, МО 317
арматурник;арматурника;арматурнику;арматурником;;рядовий, сержантський, старшинський;008;956;;Арматурник;Excel, МО 317
артист;артиста;артисту;артистом;;рядовий, сержантський, старшинський;006, 013;;;Артист (для оркестру вищої категорії, 1 категорії) | Артист (для оркестру 2 категорії);Excel, МО 317
артист вищої категорії;артиста вищої категорії;артисту вищої категорії;артистом вищої категорії;;рядовий, сержантський, старшинський;012, 293;;;Артист вищої категорії (для оркестру вищої категорії, 1 категорії) | Артист вищої категорії (для оркестру 2 категорії);Excel, МО 317
артист другої категорії;артиста другої категорії;артисту другої категорії;артистом другої категорії;;рядовий, сержантський, старшинський;239, 066;;;Артист другої категорії (для оркестру вищої категорії, 1 категорії) | Артист другої категорії (для оркестру 2 категорії);Excel, МО 317
артист першої категорії;артиста першої категорії;артисту першої категорії;артистом першої категорії;;рядовий, сержантський, старшинський;011, 029;;;Артист першої категорії (для оркестру вищої категорії, 1 категорії) | Артист першої категорії (для оркестру 2 категорії);Excel, МО 317
артист-тамбурмажор вищої категорії;артиста-тамбурмажора вищої категорії;артисту-тамбурмажору вищої категорії;артистом-тамбурмажором вищої категорії;;рядовий, сержантський, старшинський;026;917;;Артист-тамбурмажор вищої категорії;Excel, МО 317
артист-тамбурмажор другої категорії;артиста-тамбурмажора другої категорії;артисту-тамбурмажору другої категорії;артистом-тамбурмажором другої категорії;;рядовий, сержантський, старшинський;028;917;;Артист-тамбурмажор другої категорії;Excel, МО 317
артист-тамбурмажор першої категорії;артиста-тамбурмажора першої категорії;артисту-тамбурмажору першої категорії;артистом-тамбурмажором першої категорії;;рядовий, сержантський, старшинський;027;917;;Артист-тамбурмажор першої категорії;Excel, МО 317
архіваріус;архіваріуса;архіваріусу;архіваріусом;;рядовий, сержантський, старшинський;009;901;;Архіваріус;Excel, МО 317
асистент;асистента;асистенту;асистентом;;рядовий, сержантський, старшинський;979;881;;Асистент (фізичного терапевта, ерготерапевта);Excel, МО 317
асистент фармацевта;асистента фармацевта;асистенту фармацевта;асистентом фармацевта;;рядовий, сержантський, старшинський;959;879;;Асистент фармацевта;Excel, МО 317
асфальтобетонник;асфальтобетонника;асфальтобетоннику;асфальтобетонником;;рядовий, сержантський, старшинський;010;956;;Асфальтобетонник;Excel, МО 317
баталер;баталера;баталеру;баталером;;рядовий, сержантський, старшинський;015;787, 788, 789, 900, 911;;Баталер;Excel, МО 317
бетоняр;бетоняра;бетоняру;бетоняром;бетонярем;рядовий, сержантський, старшинський;016;956;;Бетоняр;Excel, МО 317
бетоняр резерву;бетоняра резерву;бетоняру резерву;бетоняром резерву;;рядовий, сержантський, старшинський;;;;;Excel
бойовий медик;бойового медика;бойовому медику;бойовим медиком;;рядовий, сержантський, старшинський;;;;;Excel
бойовий медик взводу;бойового медика взводу;бойовому медику взводу;бойовим медиком взводу;;рядовий, сержантський, старшинський;033;878;;Бойовий медик взводу;Excel, МО 317
бортовий механік;бортового механіка;бортовому механіку;бортовим механіком;;рядовий, сержантський, старшинський;019;220, 221, 223;;Бортовий механік (літака, вертольота);МО 317
бортовий механік-випробувач;бортового механіка-випробувача;бортовому механіку-випробувачу;бортовим механіком-випробувачем;;рядовий, сержантський, старшинський;018;220, 221, 223;;Бортовий механік-випробувач;Excel, МО 317
бортовий технік;бортового техніка;бортовому техніку;бортовим техніком;;"рядовий, сержантський, старшинський; офіцерський";021;220, 221, 223;;Бортовий технік;Excel, МО 317, складено
боцман;боцмана;боцману;боцманом;;рядовий, сержантський, старшинський;022, 020, 083;303;;"Боцман (великого підводного човна, надводного корабля 1 рангу, морського судна, де за посадою командира цього судна встановлено військове звання ""капітан 1 рангу"") | Боцман (середнього підводного човна, надводного корабля 2 рангу, морського судна, де за посадою командира цього судна встановлено військове звання ""капітан 2 рангу"") | Боцман (малого підводного човна, надводного корабля 3 рангу, морського судна, де за посадою командира цього судна встановлено військове звання ""капітан 3 рангу"")";МО 317
бухгалтер;бухгалтера;бухгалтеру;бухгалтером;;рядовий, сержантський, старшинський;025, 111, 053;900;;Бухгалтер | Бухгалтер (1 категорії) | Бухгалтер (2 категорії);Excel, МО 317
бібліотекар;бібліотекаря;бібліотекарю;бібліотекарем;бібліотекаром;рядовий, сержантський, старшинський;017;912;;Бібліотекар;Excel, МО 317
вагранник;вагранника;ваграннику;вагранником;;рядовий, сержантський, старшинський;030;975;;Вагранник;Excel, МО 317
викладач;викладача;викладачу;викладачем;;"рядовий, сержантський, старшинський; офіцерський";;;;;Excel, складено
випробувач;випробувача;випробувачу;випробувачем;;рядовий, сержантський, старшинський;125, 050;113, 116, 117, 118, 121, 122, 123, 124, 125, 126, 210, 212, 738, 739, 790;;Випробувач (колісних, гусеничних машин, танків) | Випробувач (парашутів);МО 317
вогнеметник;вогнеметника;вогнеметнику;вогнеметником;;рядовий, сержантський, старшинський;540;193;;Вогнеметник;Excel, МО 317
вогнеметник-оператор;вогнеметника-оператора;вогнеметнику-оператору;вогнеметником-оператором;;рядовий, сержантський, старшинський;;;;;Excel
водолаз;водолаза;водолазу;водолазом;;рядовий, сержантський, старшинський;039;172, 379, 380, 381, 382, 383, 384, 385, 386;;Водолаз;Excel, МО 317
водолаз-механік;водолаза-механіка;водолазу-механіку;водолазом-механіком;;рядовий, сержантський, старшинський;;;;;Excel
водолаз-радист;водолаза-радиста;водолазу-радисту;водолазом-радистом;;рядовий, сержантський, старшинський;031;383;;Водолаз-радист (військових частин і підрозділів спеціального призначення, спеціальної розвідки);Excel, МО 317
водій;водія;водію;водієм;;рядовий, сержантський, старшинський;037;124, 125, 127, 180, 790;так;Водій;Excel, МО 317
водій дрезини;водія дрезини;водію дрезини;водієм дрезини;;рядовий, сержантський, старшинський;038;953;;Водій дрезини;Excel, МО 317
водій електровізка;водія електровізка;водію електровізка;водієм електровізка;;рядовий, сержантський, старшинський;996;792;;Водій електровізка;Excel, МО 317
водій електронавантажувача;водія електронавантажувача;водію електронавантажувача;водієм електронавантажувача;;рядовий, сержантський, старшинський;048;;так;Водій електронавантажувача (автонавантажувача);МО 317
водій-акумуляторник;водія-акумуляторника;водію-акумуляторнику;водієм-акумуляторником;;рядовий, сержантський, старшинський;;;;;Excel
водій-дезінфектор;водія-дезінфектора;водію-дезінфектору;водієм-дезінфектором;;рядовий, сержантський, старшинський;;;;;Excel
водій-експедитор;водія-експедитора;водію-експедитору;водієм-експедитором;;рядовий, сержантський, старшинський;;;;;Excel
водій-електрик;водія-електрика;водію-електрику;водієм-електриком;;рядовий, сержантський, старшинський;058;124, 125, 790;;Водій-електрик;Excel, МО 317
водій-електрик-майстер;водія-електрика-майстра;водію-електрику-майстру;водієм-електриком-майстром;;рядовий, сержантський, старшинський;;;;;Excel
водій-електрик-молодший;водія-електрика-молодшого;водію-електрику-молодшому;водієм-електриком-молодшим;;рядовий, сержантський, старшинський;;;;;Excel
водій-електрик-моторист;водія-електрика-моториста;водію-електрику-мотористу;водієм-електриком-мотористом;;рядовий, сержантський, старшинський;;;;;Excel
водій-електрик-оператор;водія-електрика-оператора;водію-електрику-оператору;водієм-електриком-оператором;;рядовий, сержантський, старшинський;;;;;Excel
водій-заправник;водія-заправника;водію-заправнику;водієм-заправником;;рядовий, сержантський, старшинський;057;790;;Водій-заправник;Excel, МО 317
водій-заряджаючий;водія-заряджаючого;водію-заряджаючому;водієм-заряджаючим;;рядовий, сержантський, старшинський;;;;;Excel
водій-коваль;водія-коваля;водію-ковалю;водієм-ковалем;;рядовий, сержантський, старшинський;;;;;Excel
водій-кранівник;водія-кранівника;водію-кранівнику;водієм-кранівником;;рядовий, сержантський, старшинський;059;790;;Водій-кранівник;Excel, МО 317
водій-кулеметник;водія-кулеметника;водію-кулеметнику;водієм-кулеметником;;рядовий, сержантський, старшинський;;;;;Excel
водій-кіномеханік;водія-кіномеханіка;водію-кіномеханіку;водієм-кіномеханіком;;рядовий, сержантський, старшинський;;;;;Excel
водій-лінійний наглядач;водія-лінійного наглядача;водію-лінійному наглядачу;водієм-лінійним наглядачем;водія-лінійного налядача;рядовий, сержантський, старшинський;;;;;Excel
водій-майстер;водія-майстра;водію-майстру;водієм-майстром;;рядовий, сержантський, старшинський;;;;;Excel
водій-машиніст;водія-машиніста;водію-машиністу;водієм-машиністом;;рядовий, сержантський, старшинський;;;;;Excel
водій-механік;водія-механіка;водію-механіку;водієм-механіком;;рядовий, сержантський, старшинський;;;;;Excel
водій-монтажник;водія-монтажника;водію-монтажнику;водієм-монтажником;;рядовий, сержантський, старшинський;;;;;Excel
водій-номер;водія-номера;водію-номеру;водієм-номером;;рядовий, сержантський, старшинський;;;;;Excel
водій-оператор;водія-оператора;водію-оператору;водієм-оператором;;рядовий, сержантський, старшинський;549;790;;Водій-оператор (наземних засобів керування безпілотними літальними апаратами військових частин і підрозділів спеціального призначення, спеціальної розвідки та екіпажів безпілотних систем);Excel, МО 317
водій-паропровідник;водія-паропровідника;водію-паропровіднику;водієм-паропровідником;;рядовий, сержантський, старшинський;;;;;Excel
водій-пожежний;водія-пожежного;водію-пожежному;водієм-пожежним;;рядовий, сержантський, старшинський;;;;;Excel
водій-помічник;водія-помічника;водію-помічнику;водієм-помічником;;рядовий, сержантський, старшинський;;;;;Excel
водій-понтонер;водія-понтонера;водію-понтонеру;водієм-понтонером;;рядовий, сержантський, старшинський;;;;;Excel
водій-радіотелефоніст;водія-радіотелефоніста;водію-радіотелефоністу;водієм-радіотелефоністом;;рядовий, сержантський, старшинський;;;;;Excel
водій-радіотелфоніст;водія-радіотелфоніста;водію-радіотелфоністу;водієм-радіотелфоністом;водієм-радіотелефоністом;рядовий, сержантський, старшинський;;;;;Excel
водій-санітар;водія-санітара;водію-санітару;водієм-санітаром;;рядовий, сержантський, старшинський;;;;;Excel
водій-сапер;водія-сапера;водію-саперу;водієм-сапером;;рядовий, сержантський, старшинський;;;;;Excel
водій-сапер розмінування;водія-сапера розмінування;водію-саперу розмінування;водієм-сапером розмінування;;рядовий, сержантський, старшинський;046;185;;Водій-сапер розмінування;Excel, МО 317
водій-слюсар;водія-слюсаря;водію-слюсарю;водієм-слюсарем;;рядовий, сержантський, старшинський;;;;;Excel
водій-спостерігач;водія-спостерігача;водію-спостерігачу;водієм-спостерігачем;;рядовий, сержантський, старшинський;;;;;Excel
водій-стрілець;водія-стрільця;водію-стрільцю;водієм-стрільцем;;рядовий, сержантський, старшинський;;;;;Excel
водій-токар;водія-токаря;водію-токарю;водієм-токарем;;рядовий, сержантський, старшинський;;;;;Excel
водій-фельд'єгер;водія-фельд'єгеря;водію-фельд'єгерю;водієм-фельд'єгерем;;рядовий, сержантський, старшинський;;;;;Excel
водій-хімік;водія-хіміка;водію-хіміку;водієм-хіміком;;рядовий, сержантський, старшинський;;;;;Excel
вожатий;вожатого;вожатому;вожатим;;рядовий, сержантський, старшинський;;;;;Excel
вожатий службових собак;вожатого службових собак;вожатому службових собак;вожатим службових собак;;рядовий, сержантський, старшинський;040;200, 886;;Вожатий службових собак;Excel, МО 317
вулканізаторник;вулканізаторника;вулканізаторнику;вулканізаторником;;рядовий, сержантський, старшинський;044;796;;Вулканізаторник;Excel, МО 317
відповідальний виконавець;відповідального виконавця;відповідальному виконавцю;відповідальним виконавцем;;"рядовий, сержантський, старшинський; офіцерський";014, 547;901, 904, 992, 994;;Відповідальний виконавець (центрів забезпечення охорони державної таємниці, кораблів 1 рангу) | Відповідальний виконавець;Excel, МО 317, складено
відповідальний секретар;відповідального секретаря;відповідальному секретарю;відповідальним секретарем;;рядовий, сержантський, старшинський;548;914;;Відповідальний секретар (редакції);МО 317
візирник;візирника;візирнику;візирником;;рядовий, сержантський, старшинський;036;;так;Візирник;Excel, МО 317
військовий капелан;військового капелана;військовому капелану;військовим капеланом;;офіцерський;;;;;складено
військовий комендант;військового коменданта;військовому коменданту;військовим комендантом;;офіцерський;;;;;складено
військовий спостерігач;військового спостерігача;військовому спостерігачу;військовим спостерігачем;;офіцерський;;;;;складено
військовослужбовець;військовослужбовця;військовослужбовцю;військовослужбовцем;;офіцерський;;;;;складено
вістовий;вістового;вістовому;вістовим;;рядовий, сержантський, старшинський;063;788;;Вістовий;Excel, МО 317
газівник;газівника;газівнику;газівником;;рядовий, сержантський, старшинський;051;799;;Газівник;Excel, МО 317
гальванік;гальваніка;гальваніку;гальваніком;;рядовий, сержантський, старшинський;052;972;;Гальванік;Excel, МО 317
головна медична сестра;головної медичної сестри;головній медичній сестрі;головною медичною сестрою;;рядовий, сержантський, старшинський;064;879;;Головна медична сестра (головний медичний брат);МО 317
головний боцман;головного боцмана;головному боцману;головним боцманом;;рядовий, сержантський, старшинський;065;303;;Головний боцман;Excel, МО 317
головний науковий співробітник;головного наукового співробітника;головному науковому співробітнику;головним науковим співробітником;;офіцерський;;;;;складено
головний офіцер;головного офіцера;головному офіцеру;головним офіцером;;офіцерський;;;;;складено
головний офіцер відділення;головного офіцера відділення;головному офіцеру відділення;головним офіцером відділення;;офіцерський;;;;;складено
головний офіцер відділу;головного офіцера відділу;головному офіцеру відділу;головним офіцером відділу;;офіцерський;;;;;складено
головний офіцер групи;головного офіцера групи;головному офіцеру групи;головним офіцером групи;;офіцерський;;;;;складено
головний офіцер напряму;головного офіцера напряму;головному офіцеру напряму;головним офіцером напряму;;офіцерський;;;;;складено
головний офіцер сектору;головного офіцера сектору;головному офіцеру сектору;головним офіцером сектору;;офіцерський;;;;;складено
головний офіцер секції;головного офіцера секції;головному офіцеру секції;головним офіцером секції;;офіцерський;;;;;складено
головний офіцер служби;головного офіцера служби;головному офіцеру служби;головним офіцером служби;;офіцерський;;;;;складено
головний офіцер управління;головного офіцера управління;головному офіцеру управління;головним офіцером управління;;офіцерський;;;;;складено
головний офіцер центру;головного офіцера центру;головному офіцеру центру;головним офіцером центру;;офіцерський;;;;;складено
головний офіцер штабу;головного офіцера штабу;головному офіцеру штабу;головним офіцером штабу;;офіцерський;;;;;складено
головний сержант;головного сержанта;головному сержанту;головним сержантом;;рядовий, сержантський, старшинський;974, 975, 982, 062, 060;929;так;Головний сержант (роти, батареї та їм рівних) | Головний сержант (взводу, обслуги) | Головний сержант (батальйону, дивізіону, ескадрильї, госпіталю, структурного підрозділу Військової служби правопорядку Збройних Сил України, окремої роти та їм рівних, крім окремого батальйону, окремого дивізіону) | Головний сержант (Генерального штабу Збройних Сил України, виду Збройних Сил України, Об’єднаних сил Збройних Сил України та Адміністрації Державної спеціальної служби транспорту) | Головний сержант (окремого роду сил, військ, оперативного, повітряного та морського командування, органу військового управління, у підпорядкуванні якого знаходяться військові частини та командування підготовки виду Збройних Сил України);Excel, МО 317, складено
головний сержант ансамблю;головного сержанта ансамблю;головному сержанту ансамблю;головним сержантом ансамблю;;рядовий, сержантський, старшинський;912;918;;Головний сержант ансамблю;МО 317
головний сержант батальйону;головного сержанта батальйону;головному сержанту батальйону;головним сержантом батальйону;;рядовий, сержантський, старшинський;;;;;складено
головний сержант батареї;головного сержанта батареї;головному сержанту батареї;головним сержантом батареї;;рядовий, сержантський, старшинський;;;;;складено
головний сержант бригади;головного сержанта бригади;головному сержанту бригади;головним сержантом бригади;;рядовий, сержантський, старшинський;;;;;складено
головний сержант взводу;головного сержанта взводу;головному сержанту взводу;головним сержантом взводу;;рядовий, сержантський, старшинський;;;;;складено
головний сержант відділення;головного сержанта відділення;головному сержанту відділення;головним сержантом відділення;;рядовий, сержантський, старшинський;;;;;складено
головний сержант військової частини;головного сержанта військової частини;головному сержанту військової частини;головним сержантом військової частини;;рядовий, сержантський, старшинський;981;929;так;Головний сержант військової частини (бригади, полку, структурного підрозділу Військової служби правопорядку Збройних Сил України, військово-медичного клінічного центру, окремого батальйону, окремого дивізіону та їм рівних);МО 317, складено
головний сержант групи;головного сержанта групи;головному сержанту групи;головним сержантом групи;;рядовий, сержантський, старшинський;;;;;складено
головний сержант дивізіону;головного сержанта дивізіону;головному сержанту дивізіону;головним сержантом дивізіону;;рядовий, сержантський, старшинський;;;;;складено
головний сержант екіпажу;головного сержанта екіпажу;головному сержанту екіпажу;головним сержантом екіпажу;;рядовий, сержантський, старшинський;;;;;складено
головний сержант ескадрильї;головного сержанта ескадрильї;головному сержанту ескадрильї;головним сержантом ескадрильї;;рядовий, сержантський, старшинський;;;;;складено
головний сержант загону;головного сержанта загону;головному сержанту загону;головним сержантом загону;;рядовий, сержантський, старшинський;;;;;складено
головний сержант збройних сил україни;головного сержанта збройних сил україни;головному сержанту збройних сил україни;головним сержантом збройних сил україни;;рядовий, сержантський, старшинський;075;929;;Головний сержант Збройних Сил України;МО 317
головний сержант командування;головного сержанта командування;головному сержанту командування;головним сержантом командування;;рядовий, сержантський, старшинський;;;;;складено
головний сержант корпусу;головного сержанта корпусу;головному сержанту корпусу;головним сержантом корпусу;;рядовий, сержантський, старшинський;;;;;складено
головний сержант ланки;головного сержанта ланки;головному сержанту ланки;головним сержантом ланки;;рядовий, сержантський, старшинський;;;;;складено
головний сержант оркестру;головного сержанта оркестру;головному сержанту оркестру;головним сержантом оркестру;;рядовий, сержантський, старшинський;900, 917;917;;Головний сержант оркестру (для оркестрів вищої категорії, 1 категорії) | Головний сержант оркестру (для оркестрів 2 категорії);МО 317
головний сержант полку;головного сержанта полку;головному сержанту полку;головним сержантом полку;;рядовий, сержантський, старшинський;;;;;складено
головний сержант роти;головного сержанта роти;головному сержанту роти;головним сержантом роти;;рядовий, сержантський, старшинський;;;;;складено
головний сержант, коледжу, вищого військового навчального закладу;головного сержант, коледжу, вищого військового навчального закладу;головному сержант, коледжу, вищого військового навчального закладу;головним сержант, коледжу, вищого військового навчального закладу;;рядовий, сержантський, старшинський;991;;так;Головний сержант (навчальної військової частини (центру), коледжу, вищого військового навчального закладу);МО 317
головний сержант-командир;головного сержанта-командира;головному сержанту-командиру;головним сержантом-командиром;;рядовий, сержантський, старшинський;;;;;Excel
головний сержант-командир зенітного ракетного відділення;головного сержанта-командира зенітного ракетного відділення;головному сержанту-командиру зенітного ракетного відділення;головним сержантом-командиром зенітного ракетного відділення;;рядовий, сержантський, старшинський;;;;;Excel
головний сержант-начальник;головного сержанта-начальника;головному сержанту-начальнику;головним сержантом-начальником;;рядовий, сержантський, старшинський;;;;;Excel
головний сержант-спортсмен;головного сержанта-спортсмена;головному сержанту-спортсмену;головним сержантом-спортсменом;;рядовий, сержантський, старшинський;992;906, 929;;Головний сержант-спортсмен (спортивного клубу);МО 317
головний старшина корабля;головного старшини корабля;головному старшині корабля;головним старшиною корабля;;рядовий, сержантський, старшинський;983, 985, 998, 999;;так;"Головний старшина корабля (великого підводного човна, надводного корабля 1 рангу, морського судна, де за посадою командира цього судна встановлено військове звання ""капітан 1 рангу"") | Головний старшина корабля (середнього підводного човна, надводного корабля 2 рангу, морського судна, де за посадою командира цього судна встановлено військове звання ""капітан 2 рангу"") | Головний старшина корабля (малого підводного човна, надводного корабля 3 рангу, морського судна, де за посадою командира цього судна встановлено військове звання ""капітан 3 рангу"") | Головний старшина корабля (крім головного старшини підводного човна, надводного корабля 1, 2 і 3 рангу та морського судна, де за посадою командира корабля встановлено військове звання ""капітан 1, 2 і 3 рангу"")";МО 317
головний інспектор;головного інспектора;головному інспектору;головним інспектором;;офіцерський;;;;;складено
гранатометник;гранатометника;гранатометнику;гранатометником;;рядовий, сержантський, старшинський;061;102, 103;;Гранатометник;Excel, МО 317
гранатометник-радіотелефоніст;гранатометника-радіотелефоніста;гранатометнику-радіотелефоністу;гранатометником-радіотелефоністом;;рядовий, сержантський, старшинський;;;;;Excel
гідроакустик;гідроакустика;гідроакустику;гідроакустиком;;рядовий, сержантський, старшинський;054;340, 341, 342, 343, 344, 345, 346;;Гідроакустик;Excel, МО 317
гідрометеоспостерігач;гідрометеоспостерігача;гідрометеоспостерігачу;гідрометеоспостерігачем;;рядовий, сержантський, старшинський;055;631, 632;;Гідрометеоспостерігач;Excel, МО 317
гіроскопіст;гіроскопіста;гіроскопісту;гіроскопістом;;рядовий, сержантський, старшинський;056;;так;Гіроскопіст;Excel, МО 317
далекомірник;далекомірника;далекомірнику;далекомірником;;рядовий, сержантський, старшинський;067;626;;Далекомірник;Excel, МО 317
далекомірник-номер;далекомірника-номера;далекомірнику-номеру;далекомірником-номером;;рядовий, сержантський, старшинський;;;;;Excel
дегазатор;дегазатора;дегазатору;дегазатором;;рядовий, сержантський, старшинський;072;189;;Дегазатор;Excel, МО 317
дезінфектор;дезінфектора;дезінфектору;дезінфектором;;рядовий, сержантський, старшинський;073;878;;Дезінфектор;Excel, МО 317
дефектувальник;дефектувальника;дефектувальнику;дефектувальником;;рядовий, сержантський, старшинський;076;;так;Дефектувальник;Excel, МО 317
дешифрувальник;дешифрувальника;дешифрувальнику;дешифрувальником;;рядовий, сержантський, старшинський;077, 078;677;так;Дешифрувальник | Дешифрувальник (аерофотографічної служби);Excel, МО 317
дешифрувальник розвідувальних матеріалів з безпілотних літальних апаратів;дешифрувальника розвідувальних матеріалів з безпілотних літальних апаратів;дешифрувальнику розвідувальних матеріалів з безпілотних літальних апаратів;дешифрувальником розвідувальних матеріалів з безпілотних літальних апаратів;;рядовий, сержантський, старшинський;090;276;;Дешифрувальник розвідувальних матеріалів з безпілотних літальних апаратів;МО 317
дизеліст;дизеліста;дизелісту;дизелістом;;рядовий, сержантський, старшинський;079;;так;Дизеліст;Excel, МО 317
дизеліст-електрик;дизеліста-електрика;дизелісту-електрику;дизелістом-електриком;;рядовий, сержантський, старшинський;;;;;Excel
диспетчер;диспетчера;диспетчеру;диспетчером;;рядовий, сержантський, старшинський;080, 081;211;так;Диспетчер (з перельотів і посадок) | Диспетчер;Excel, МО 317
диспетчер поїзний;диспетчера поїзного;диспетчеру поїзному;диспетчером поїзним;;рядовий, сержантський, старшинський;130;948;;Диспетчер поїзний;Excel, МО 317
днювальний;днювального;днювальному;днювальним;;рядовий, сержантський, старшинський;032;957;;Днювальний;Excel, МО 317
дозиметрист;дозиметриста;дозиметристу;дозиметристом;;рядовий, сержантський, старшинський;084;187;;Дозиметрист;Excel, МО 317
дозувальник;дозувальника;дозувальнику;дозувальником;;рядовий, сержантський, старшинський;085;;так;Дозувальник;Excel, МО 317
докторант;докторанта;докторанту;докторантом;;офіцерський;;;;;складено
доцент;доцента;доценту;доцентом;;офіцерський;;;;;складено
дресирувальник;дресирувальника;дресирувальнику;дресирувальником;;рядовий, сержантський, старшинський;088;886;;Дресирувальник;Excel, МО 317
друкар;друкара;друкару;друкаром;;рядовий, сержантський, старшинський;561;922;;Друкар;Excel, МО 317
діловод;діловода;діловоду;діловодом;;рядовий, сержантський, старшинський;074;901;;Діловод;Excel, МО 317
діловод-статистик;діловода-статистика;діловоду-статистику;діловодом-статистиком;;рядовий, сержантський, старшинський;082;901;;Діловод-статистик (з обліку особового складу);МО 317
експедитор;експедитора;експедитору;експедитором;;рядовий, сержантський, старшинський;993;485, 901;;Експедитор;Excel, МО 317
електрик;електрика;електрику;електриком;;рядовий, сержантський, старшинський;995;;так;Електрик;Excel, МО 317
електрик-дизеліст;електрика-дизеліста;електрику-дизелісту;електриком-дизелістом;;рядовий, сержантський, старшинський;;;;;Excel
електрик-моторист;електрика-моториста;електрику-мотористу;електриком-мотористом;;рядовий, сержантський, старшинський;;;;;Excel
електрик-слюсар;електрика-слюсаря;електрику-слюсарю;електриком-слюсарем;;рядовий, сержантський, старшинський;;;;;Excel
електрозварник;електрозварника;електрозварнику;електрозварником;;рядовий, сержантський, старшинський;664;795;;Електрозварник;Excel, МО 317
електрозварник-коваль;електрозварника-коваля;електрозварнику-ковалю;електрозварником-ковалем;;рядовий, сержантський, старшинський;;;;;Excel
електрозварювальник;електрозварювальника;електрозварювальнику;електрозварювальником;;рядовий, сержантський, старшинський;;;;;Excel
електромонтер;електромонтера;електромонтеру;електромонтером;;рядовий, сержантський, старшинський;997;;так;Електромонтер;Excel, МО 317
заряджаючий;заряджаючого;заряджаючому;заряджаючим;;рядовий, сержантський, старшинський;105;;так;Заряджаючий;Excel, МО 317
заступник;заступника;заступнику;заступником;;рядовий, сержантський, старшинський;;;;;Excel
заступник командира батальйону;заступника командира батальйону;заступнику командира батальйону;заступником командира батальйону;;офіцерський;;;;;складено
заступник командира батальйону з безпеки військової служби;заступника командира батальйону з безпеки військової служби;заступнику командира батальйону з безпеки військової служби;заступником командира батальйону з безпеки військової служби;;офіцерський;;;;;складено
заступник командира батальйону з бойової підготовки;заступника командира батальйону з бойової підготовки;заступнику командира батальйону з бойової підготовки;заступником командира батальйону з бойової підготовки;;офіцерський;;;;;складено
заступник командира батальйону з зв'язку;заступника командира батальйону з зв'язку;заступнику командира батальйону з зв'язку;заступником командира батальйону з зв'язку;;офіцерський;;;;;складено
заступник командира батальйону з логістики;заступника командира батальйону з логістики;заступнику командира батальйону з логістики;заступником командира батальйону з логістики;;офіцерський;;;;;складено
заступник командира батальйону з морально-психологічного забезпечення;заступника командира батальйону з морально-психологічного забезпечення;заступнику командира батальйону з морально-психологічного забезпечення;заступником командира батальйону з морально-психологічного забезпечення;;офіцерський;;;;;складено
заступник командира батальйону з озброєння;заступника командира батальйону з озброєння;заступнику командира батальйону з озброєння;заступником командира батальйону з озброєння;;офіцерський;;;;;складено
заступник командира батальйону з персоналу;заступника командира батальйону з персоналу;заступнику командира батальйону з персоналу;заступником командира батальйону з персоналу;;офіцерський;;;;;складено
заступник командира батальйону з повітряно-десантної підготовки;заступника командира батальйону з повітряно-десантної підготовки;заступнику командира батальйону з повітряно-десантної підготовки;заступником командира батальйону з повітряно-десантної підготовки;;офіцерський;;;;;складено
заступник командира батальйону з психологічної підтримки персоналу;заступника командира батальйону з психологічної підтримки персоналу;заступнику командира батальйону з психологічної підтримки персоналу;заступником командира батальйону з психологічної підтримки персоналу;;офіцерський;;;;;складено
заступник командира батальйону з ракетно-артилерійського озброєння;заступника командира батальйону з ракетно-артилерійського озброєння;заступнику командира батальйону з ракетно-артилерійського озброєння;заступником командира батальйону з ракетно-артилерійського озброєння;;офіцерський;;;;;складено
заступник командира батальйону з роботи з особовим складом;заступника командира батальйону з роботи з особовим складом;заступнику командира батальйону з роботи з особовим складом;заступником командира батальйону з роботи з особовим складом;;офіцерський;;;;;складено
заступник командира батальйону з технічного забезпечення;заступника командира батальйону з технічного забезпечення;заступнику командира батальйону з технічного забезпечення;заступником командира батальйону з технічного забезпечення;;офіцерський;;;;;складено
заступник командира батальйону з тилу;заступника командира батальйону з тилу;заступнику командира батальйону з тилу;заступником командира батальйону з тилу;;офіцерський;;;;;складено
заступник командира батальйону з цивільно-військового співробітництва;заступника командира батальйону з цивільно-військового співробітництва;заступнику командира батальйону з цивільно-військового співробітництва;заступником командира батальйону з цивільно-військового співробітництва;;офіцерський;;;;;складено
заступник командира батальйону з інженерного забезпечення;заступника командира батальйону з інженерного забезпечення;заступнику командира батальйону з інженерного забезпечення;заступником командира батальйону з інженерного забезпечення;;офіцерський;;;;;складено
заступник командира батареї;заступника командира батареї;заступнику командира батареї;заступником командира батареї;;офіцерський;;;;;складено
заступник командира батареї з безпеки військової служби;заступника командира батареї з безпеки військової служби;заступнику командира батареї з безпеки військової служби;заступником командира батареї з безпеки військової служби;;офіцерський;;;;;складено
заступник командира батареї з бойової підготовки;заступника командира батареї з бойової підготовки;заступнику командира батареї з бойової підготовки;заступником командира батареї з бойової підготовки;;офіцерський;;;;;складено
заступник командира батареї з зв'язку;заступника командира батареї з зв'язку;заступнику командира батареї з зв'язку;заступником командира батареї з зв'язку;;офіцерський;;;;;складено
заступник командира батареї з логістики;заступника командира батареї з логістики;заступнику командира батареї з логістики;заступником командира батареї з логістики;;офіцерський;;;;;складено
заступник командира батареї з морально-психологічного забезпечення;заступника командира батареї з морально-психологічного забезпечення;заступнику командира батареї з морально-психологічного забезпечення;заступником командира батареї з морально-психологічного забезпечення;;офіцерський;;;;;складено
заступник командира батареї з озброєння;заступника командира батареї з озброєння;заступнику командира батареї з озброєння;заступником командира батареї з озброєння;;офіцерський;;;;;складено
заступник командира батареї з персоналу;заступника командира батареї з персоналу;заступнику командира батареї з персоналу;заступником командира батареї з персоналу;;офіцерський;;;;;складено
заступник командира батареї з повітряно-десантної підготовки;заступника командира батареї з повітряно-десантної підготовки;заступнику командира батареї з повітряно-десантної підготовки;заступником командира батареї з повітряно-десантної підготовки;;офіцерський;;;;;складено
заступник командира батареї з психологічної підтримки персоналу;заступника командира батареї з психологічної підтримки персоналу;заступнику командира батареї з психологічної підтримки персоналу;заступником командира батареї з психологічної підтримки персоналу;;офіцерський;;;;;складено
заступник командира батареї з ракетно-артилерійського озброєння;заступника командира батареї з ракетно-артилерійського озброєння;заступнику командира батареї з ракетно-артилерійського озброєння;заступником командира батареї з ракетно-артилерійського озброєння;;офіцерський;;;;;складено
заступник командира батареї з роботи з особовим складом;заступника командира батареї з роботи з особовим складом;заступнику командира батареї з роботи з особовим складом;заступником командира батареї з роботи з особовим складом;;офіцерський;;;;;складено
заступник командира батареї з технічного забезпечення;заступника командира батареї з технічного забезпечення;заступнику командира батареї з технічного забезпечення;заступником командира батареї з технічного забезпечення;;офіцерський;;;;;складено
заступник командира батареї з тилу;заступника командира батареї з тилу;заступнику командира батареї з тилу;заступником командира батареї з тилу;;офіцерський;;;;;складено
заступник командира батареї з цивільно-військового співробітництва;заступника командира батареї з цивільно-військового співробітництва;заступнику командира батареї з цивільно-військового співробітництва;заступником командира батареї з цивільно-військового співробітництва;;офіцерський;;;;;складено
заступник командира батареї з інженерного забезпечення;заступника командира батареї з інженерного забезпечення;заступнику командира батареї з інженерного забезпечення;заступником командира батареї з інженерного забезпечення;;офіцерський;;;;;складено
заступник командира бойової машини - навідник-оператор;заступника командира бойової машини - навідника-оператора;заступнику командира бойової машини - навіднику-оператору;заступником командира бойової машини - навідником-оператором;;рядовий, сержантський, старшинський;100;121, 122;;Заступник командира бойової машини - навідник-оператор;МО 317
заступник командира бригади;заступника командира бригади;заступнику командира бригади;заступником командира бригади;;офіцерський;;;;;складено
заступник командира бригади з безпеки військової служби;заступника командира бригади з безпеки військової служби;заступнику командира бригади з безпеки військової служби;заступником командира бригади з безпеки військової служби;;офіцерський;;;;;складено
заступник командира бригади з бойової підготовки;заступника командира бригади з бойової підготовки;заступнику командира бригади з бойової підготовки;заступником командира бригади з бойової підготовки;;офіцерський;;;;;складено
заступник командира бригади з зв'язку;заступника командира бригади з зв'язку;заступнику командира бригади з зв'язку;заступником командира бригади з зв'язку;;офіцерський;;;;;складено
заступник командира бригади з логістики;заступника командира бригади з логістики;заступнику командира бригади з логістики;заступником командира бригади з логістики;;офіцерський;;;;;складено
заступник командира бригади з морально-психологічного забезпечення;заступника командира бригади з морально-психологічного забезпечення;заступнику командира бригади з морально-психологічного забезпечення;заступником командира бригади з морально-психологічного забезпечення;;офіцерський;;;;;складено
заступник командира бригади з озброєння;заступника командира бригади з озброєння;заступнику командира бригади з озброєння;заступником командира бригади з озброєння;;офіцерський;;;;;складено
заступник командира бригади з персоналу;заступника командира бригади з персоналу;заступнику командира бригади з персоналу;заступником командира бригади з персоналу;;офіцерський;;;;;складено
заступник командира бригади з повітряно-десантної підготовки;заступника командира бригади з повітряно-десантної підготовки;заступнику командира бригади з повітряно-десантної підготовки;заступником командира бригади з повітряно-десантної підготовки;;офіцерський;;;;;складено
заступник командира бригади з психологічної підтримки персоналу;заступника командира бригади з психологічної підтримки персоналу;заступнику командира бригади з психологічної підтримки персоналу;заступником командира бригади з психологічної підтримки персоналу;;офіцерський;;;;;складено
заступник командира бригади з ракетно-артилерійського озброєння;заступника командира бригади з ракетно-артилерійського озброєння;заступнику командира бригади з ракетно-артилерійського озброєння;заступником командира бригади з ракетно-артилерійського озброєння;;офіцерський;;;;;складено
заступник командира бригади з роботи з особовим складом;заступника командира бригади з роботи з особовим складом;заступнику командира бригади з роботи з особовим складом;заступником командира бригади з роботи з особовим складом;;офіцерський;;;;;складено
заступник командира бригади з технічного забезпечення;заступника командира бригади з технічного забезпечення;заступнику командира бригади з технічного забезпечення;заступником командира бригади з технічного забезпечення;;офіцерський;;;;;складено
заступник командира бригади з тилу;заступника командира бригади з тилу;заступнику командира бригади з тилу;заступником командира бригади з тилу;;офіцерський;;;;;складено
заступник командира бригади з цивільно-військового співробітництва;заступника командира бригади з цивільно-військового співробітництва;заступнику командира бригади з цивільно-військового співробітництва;заступником командира бригади з цивільно-військового співробітництва;;офіцерський;;;;;складено
заступник командира бригади з інженерного забезпечення;заступника командира бригади з інженерного забезпечення;заступнику командира бригади з інженерного забезпечення;заступником командира бригади з інженерного забезпечення;;офіцерський;;;;;складено
заступник командира взводу;заступника командира взводу;заступнику командира взводу;заступником командира взводу;;офіцерський;;;;;складено
заступник командира відділення;заступника командира відділення;заступнику командира відділення;заступником командира відділення;;"рядовий, сержантський, старшинський; офіцерський";101;100, 101, 102, 103, 104, 106, 124, 140, 143, 155, 156, 163, 300, 302, 307, 310;;Заступник командира відділення (для підрозділів морської піхоти та корабельного складу);МО 317, складено
заступник командира військової частини;заступника командира військової частини;заступнику командира військової частини;заступником командира військової частини;;офіцерський;;;;;складено
заступник командира військової частини з безпеки військової служби;заступника командира військової частини з безпеки військової служби;заступнику командира військової частини з безпеки військової служби;заступником командира військової частини з безпеки військової служби;;офіцерський;;;;;складено
заступник командира військової частини з бойової підготовки;заступника командира військової частини з бойової підготовки;заступнику командира військової частини з бойової підготовки;заступником командира військової частини з бойової підготовки;;офіцерський;;;;;складено
заступник командира військової частини з зв'язку;заступника командира військової частини з зв'язку;заступнику командира військової частини з зв'язку;заступником командира військової частини з зв'язку;;офіцерський;;;;;складено
заступник командира військової частини з логістики;заступника командира військової частини з логістики;заступнику командира військової частини з логістики;заступником командира військової частини з логістики;;офіцерський;;;;;складено
заступник командира військової частини з морально-психологічного забезпечення;заступника командира військової частини з морально-психологічного забезпечення;заступнику командира військової частини з морально-психологічного забезпечення;заступником командира військової частини з морально-психологічного забезпечення;;офіцерський;;;;;складено
заступник командира військової частини з озброєння;заступника командира військової частини з озброєння;заступнику командира військової частини з озброєння;заступником командира військової частини з озброєння;;офіцерський;;;;;складено
заступник командира військової частини з персоналу;заступника командира військової частини з персоналу;заступнику командира військової частини з персоналу;заступником командира військової частини з персоналу;;офіцерський;;;;;складено
заступник командира військової частини з повітряно-десантної підготовки;заступника командира військової частини з повітряно-десантної підготовки;заступнику командира військової частини з повітряно-десантної підготовки;заступником командира військової частини з повітряно-десантної підготовки;;офіцерський;;;;;складено
заступник командира військової частини з психологічної підтримки персоналу;заступника командира військової частини з психологічної підтримки персоналу;заступнику командира військової частини з психологічної підтримки персоналу;заступником командира військової частини з психологічної підтримки персоналу;;офіцерський;;;;;складено
заступник командира військової частини з ракетно-артилерійського озброєння;заступника командира військової частини з ракетно-артилерійського озброєння;заступнику командира військової частини з ракетно-артилерійського озброєння;заступником командира військової частини з ракетно-артилерійського озброєння;;офіцерський;;;;;складено
заступник командира військової частини з роботи з особовим складом;заступника командира військової частини з роботи з особовим складом;заступнику командира військової частини з роботи з особовим складом;заступником командира військової частини з роботи з особовим складом;;офіцерський;;;;;складено
заступник командира військової частини з технічного забезпечення;заступника командира військової частини з технічного забезпечення;заступнику командира військової частини з технічного забезпечення;заступником командира військової частини з технічного забезпечення;;офіцерський;;;;;складено
заступник командира військової частини з тилу;заступника командира військової частини з тилу;заступнику командира військової частини з тилу;заступником командира військової частини з тилу;;офіцерський;;;;;складено
заступник командира військової частини з цивільно-військового співробітництва;заступника командира військової частини з цивільно-військового співробітництва;заступнику командира військової частини з цивільно-військового співробітництва;заступником командира військової частини з цивільно-військового співробітництва;;офіцерський;;;;;складено
заступник командира військової частини з інженерного забезпечення;заступника командира військової частини з інженерного забезпечення;заступнику командира військової частини з інженерного забезпечення;заступником командира військової частини з інженерного забезпечення;;офіцерський;;;;;складено
заступник командира групи;заступника командира групи;заступнику командира групи;заступником командира групи;;"рядовий, сержантський, старшинський; офіцерський";099;107, 108;;Заступник командира групи (військових частин і підрозділів спеціального призначення, спеціальних операцій та спеціальної розвідки);МО 317, складено
заступник командира дивізіону;заступника командира дивізіону;заступнику командира дивізіону;заступником командира дивізіону;;офіцерський;;;;;складено
заступник командира дивізіону з безпеки військової служби;заступника командира дивізіону з безпеки військової служби;заступнику командира дивізіону з безпеки військової служби;заступником командира дивізіону з безпеки військової служби;;офіцерський;;;;;складено
заступник командира дивізіону з бойової підготовки;заступника командира дивізіону з бойової підготовки;заступнику командира дивізіону з бойової підготовки;заступником командира дивізіону з бойової підготовки;;офіцерський;;;;;складено
заступник командира дивізіону з зв'язку;заступника командира дивізіону з зв'язку;заступнику командира дивізіону з зв'язку;заступником командира дивізіону з зв'язку;;офіцерський;;;;;складено
заступник командира дивізіону з логістики;заступника командира дивізіону з логістики;заступнику командира дивізіону з логістики;заступником командира дивізіону з логістики;;офіцерський;;;;;складено
заступник командира дивізіону з морально-психологічного забезпечення;заступника командира дивізіону з морально-психологічного забезпечення;заступнику командира дивізіону з морально-психологічного забезпечення;заступником командира дивізіону з морально-психологічного забезпечення;;офіцерський;;;;;складено
заступник командира дивізіону з озброєння;заступника командира дивізіону з озброєння;заступнику командира дивізіону з озброєння;заступником командира дивізіону з озброєння;;офіцерський;;;;;складено
заступник командира дивізіону з персоналу;заступника командира дивізіону з персоналу;заступнику командира дивізіону з персоналу;заступником командира дивізіону з персоналу;;офіцерський;;;;;складено
заступник командира дивізіону з повітряно-десантної підготовки;заступника командира дивізіону з повітряно-десантної підготовки;заступнику командира дивізіону з повітряно-десантної підготовки;заступником командира дивізіону з повітряно-десантної підготовки;;офіцерський;;;;;складено
заступник командира дивізіону з психологічної підтримки персоналу;заступника командира дивізіону з психологічної підтримки персоналу;заступнику командира дивізіону з психологічної підтримки персоналу;заступником командира дивізіону з психологічної підтримки персоналу;;офіцерський;;;;;складено
заступник командира дивізіону з ракетно-артилерійського озброєння;заступника командира дивізіону з ракетно-артилерійського озброєння;заступнику командира дивізіону з ракетно-артилерійського озброєння;заступником командира дивізіону з ракетно-артилерійського озброєння;;офіцерський;;;;;складено
заступник командира дивізіону з роботи з особовим складом;заступника командира дивізіону з роботи з особовим складом;заступнику командира дивізіону з роботи з особовим складом;заступником командира дивізіону з роботи з особовим складом;;офіцерський;;;;;складено
заступник командира дивізіону з технічного забезпечення;заступника командира дивізіону з технічного забезпечення;заступнику командира дивізіону з технічного забезпечення;заступником командира дивізіону з технічного забезпечення;;офіцерський;;;;;складено
заступник командира дивізіону з тилу;заступника командира дивізіону з тилу;заступнику командира дивізіону з тилу;заступником командира дивізіону з тилу;;офіцерський;;;;;складено
заступник командира дивізіону з цивільно-військового співробітництва;заступника командира дивізіону з цивільно-військового співробітництва;заступнику командира дивізіону з цивільно-військового співробітництва;заступником командира дивізіону з цивільно-військового співробітництва;;офіцерський;;;;;складено
заступник командира дивізіону з інженерного забезпечення;заступника командира дивізіону з інженерного забезпечення;заступнику командира дивізіону з інженерного забезпечення;заступником командира дивізіону з інженерного забезпечення;;офіцерський;;;;;складено
заступник командира екіпажу;заступника командира екіпажу;заступнику командира екіпажу;заступником командира екіпажу;;офіцерський;;;;;складено
заступник командира ескадрильї;заступника командира ескадрильї;заступнику командира ескадрильї;заступником командира ескадрильї;;офіцерський;;;;;складено
заступник командира загону;заступника командира загону;заступнику командира загону;заступником командира загону;;офіцерський;;;;;складено
заступник командира командування;заступника командира командування;заступнику командира командування;заступником командира командування;;офіцерський;;;;;складено
заступник командира корпусу;заступника командира корпусу;заступнику командира корпусу;заступником командира корпусу;;офіцерський;;;;;складено
заступник командира ланки;заступника командира ланки;заступнику командира ланки;заступником командира ланки;;офіцерський;;;;;складено
заступник командира полку;заступника командира полку;заступнику командира полку;заступником командира полку;;офіцерський;;;;;складено
заступник командира полку з безпеки військової служби;заступника командира полку з безпеки військової служби;заступнику командира полку з безпеки військової служби;заступником командира полку з безпеки військової служби;;офіцерський;;;;;складено
заступник командира полку з бойової підготовки;заступника командира полку з бойової підготовки;заступнику командира полку з бойової підготовки;заступником командира полку з бойової підготовки;;офіцерський;;;;;складено
заступник командира полку з зв'язку;заступника командира полку з зв'язку;заступнику командира полку з зв'язку;заступником командира полку з зв'язку;;офіцерський;;;;;складено
заступник командира полку з логістики;заступника командира полку з логістики;заступнику командира полку з логістики;заступником командира полку з логістики;;офіцерський;;;;;складено
заступник командира полку з морально-психологічного забезпечення;заступника командира полку з морально-психологічного забезпечення;заступнику командира полку з морально-психологічного забезпечення;заступником командира полку з морально-психологічного забезпечення;;офіцерський;;;;;складено
заступник командира полку з озброєння;заступника командира полку з озброєння;заступнику командира полку з озброєння;заступником командира полку з озброєння;;офіцерський;;;;;складено
заступник командира полку з персоналу;заступника командира полку з персоналу;заступнику командира полку з персоналу;заступником командира полку з персоналу;;офіцерський;;;;;складено
заступник командира полку з повітряно-десантної підготовки;заступника командира полку з повітряно-десантної підготовки;заступнику командира полку з повітряно-десантної підготовки;заступником командира полку з повітряно-десантної підготовки;;офіцерський;;;;;складено
заступник командира полку з психологічної підтримки персоналу;заступника командира полку з психологічної підтримки персоналу;заступнику командира полку з психологічної підтримки персоналу;заступником командира полку з психологічної підтримки персоналу;;офіцерський;;;;;складено
заступник командира полку з ракетно-артилерійського озброєння;заступника командира полку з ракетно-артилерійського озброєння;заступнику командира полку з ракетно-артилерійського озброєння;заступником командира полку з ракетно-артилерійського озброєння;;офіцерський;;;;;складено
заступник командира полку з роботи з особовим складом;заступника командира полку з роботи з особовим складом;заступнику командира полку з роботи з особовим складом;заступником командира полку з роботи з особовим складом;;офіцерський;;;;;складено
заступник командира полку з технічного забезпечення;заступника командира полку з технічного забезпечення;заступнику командира полку з технічного забезпечення;заступником командира полку з технічного забезпечення;;офіцерський;;;;;складено
заступник командира полку з тилу;заступника командира полку з тилу;заступнику командира полку з тилу;заступником командира полку з тилу;;офіцерський;;;;;складено
заступник командира полку з цивільно-військового співробітництва;заступника командира полку з цивільно-військового співробітництва;заступнику командира полку з цивільно-військового співробітництва;заступником командира полку з цивільно-військового співробітництва;;офіцерський;;;;;складено
заступник командира полку з інженерного забезпечення;заступника командира полку з інженерного забезпечення;заступнику командира полку з інженерного забезпечення;заступником командира полку з інженерного забезпечення;;офіцерський;;;;;складено
заступник командира роти;заступника командира роти;заступнику командира роти;заступником командира роти;;офіцерський;;;;;складено
заступник командира роти з безпеки військової служби;заступника командира роти з безпеки військової служби;заступнику командира роти з безпеки військової служби;заступником командира роти з безпеки військової служби;;офіцерський;;;;;складено
заступник командира роти з бойової підготовки;заступника командира роти з бойової підготовки;заступнику командира роти з бойової підготовки;заступником командира роти з бойової підготовки;;офіцерський;;;;;складено
заступник командира роти з зв'язку;заступника командира роти з зв'язку;заступнику командира роти з зв'язку;заступником командира роти з зв'язку;;офіцерський;;;;;складено
заступник командира роти з логістики;заступника командира роти з логістики;заступнику командира роти з логістики;заступником командира роти з логістики;;офіцерський;;;;;складено
заступник командира роти з морально-психологічного забезпечення;заступника командира роти з морально-психологічного забезпечення;заступнику командира роти з морально-психологічного забезпечення;заступником командира роти з морально-психологічного забезпечення;;офіцерський;;;;;складено
заступник командира роти з озброєння;заступника командира роти з озброєння;заступнику командира роти з озброєння;заступником командира роти з озброєння;;офіцерський;;;;;складено
заступник командира роти з персоналу;заступника командира роти з персоналу;заступнику командира роти з персоналу;заступником командира роти з персоналу;;офіцерський;;;;;складено
заступник командира роти з повітряно-десантної підготовки;заступника командира роти з повітряно-десантної підготовки;заступнику командира роти з повітряно-десантної підготовки;заступником командира роти з повітряно-десантної підготовки;;офіцерський;;;;;складено
заступник командира роти з психологічної підтримки персоналу;заступника командира роти з психологічної підтримки персоналу;заступнику командира роти з психологічної підтримки персоналу;заступником командира роти з психологічної підтримки персоналу;;офіцерський;;;;;складено
заступник командира роти з ракетно-артилерійського озброєння;заступника командира роти з ракетно-артилерійського озброєння;заступнику командира роти з ракетно-артилерійського озброєння;заступником командира роти з ракетно-артилерійського озброєння;;офіцерський;;;;;складено
заступник командира роти з роботи з особовим складом;заступника командира роти з роботи з особовим складом;заступнику командира роти з роботи з особовим складом;заступником командира роти з роботи з особовим складом;;офіцерський;;;;;складено
заступник командира роти з технічного забезпечення;заступника командира роти з технічного забезпечення;заступнику командира роти з технічного забезпечення;заступником командира роти з технічного забезпечення;;офіцерський;;;;;складено
заступник командира роти з тилу;заступника командира роти з тилу;заступнику командира роти з тилу;заступником командира роти з тилу;;офіцерський;;;;;складено
заступник командира роти з цивільно-військового співробітництва;заступника командира роти з цивільно-військового співробітництва;заступнику командира роти з цивільно-військового співробітництва;заступником командира роти з цивільно-військового співробітництва;;офіцерський;;;;;складено
заступник командира роти з інженерного забезпечення;заступника командира роти з інженерного забезпечення;заступнику командира роти з інженерного забезпечення;заступником командира роти з інженерного забезпечення;;офіцерський;;;;;складено
заступник командувача;заступника командувача;заступнику командувача;заступником командувача;;офіцерський;;;;;складено
заступник начальника;заступника начальника;заступнику начальника;заступником начальника;;офіцерський;;;;;складено
заступник начальника апарату;заступника начальника апарату;заступнику начальника апарату;заступником начальника апарату;;офіцерський;;;;;складено
заступник начальника бази;заступника начальника бази;заступнику начальника бази;заступником начальника бази;;офіцерський;;;;;складено
заступник начальника вузла;заступника начальника вузла;заступнику начальника вузла;заступником начальника вузла;;офіцерський;;;;;складено
заступник начальника відділення;заступника начальника відділення;заступнику начальника відділення;заступником начальника відділення;;офіцерський;;;;;складено
заступник начальника відділу;заступника начальника відділу;заступнику начальника відділу;заступником начальника відділу;;офіцерський;;;;;складено
заступник начальника госпіталю;заступника начальника госпіталю;заступнику начальника госпіталю;заступником начальника госпіталю;;офіцерський;;;;;складено
заступник начальника групи;заступника начальника групи;заступнику начальника групи;заступником начальника групи;;офіцерський;;;;;складено
заступник начальника департаменту;заступника начальника департаменту;заступнику начальника департаменту;заступником начальника департаменту;;офіцерський;;;;;складено
заступник начальника кафедри;заступника начальника кафедри;заступнику начальника кафедри;заступником начальника кафедри;;офіцерський;;;;;складено
заступник начальника клініки;заступника начальника клініки;заступнику начальника клініки;заступником начальника клініки;;офіцерський;;;;;складено
заступник начальника комендатури;заступника начальника комендатури;заступнику начальника комендатури;заступником начальника комендатури;;офіцерський;;;;;складено
заступник начальника курсу;заступника начальника курсу;заступнику начальника курсу;заступником начальника курсу;;офіцерський;;;;;складено
заступник начальника курсу лідерства сержантського складу;заступника начальника курсу лідерства сержантського складу;заступнику начальника курсу лідерства сержантського складу;заступником начальника курсу лідерства сержантського складу;;рядовий, сержантський, старшинський;366;929;;Заступник начальника Курсу лідерства сержантського (старшинського) складу;МО 317
заступник начальника лабораторії;заступника начальника лабораторії;заступнику начальника лабораторії;заступником начальника лабораторії;;офіцерський;;;;;складено
заступник начальника майстерні;заступника начальника майстерні;заступнику начальника майстерні;заступником начальника майстерні;;офіцерський;;;;;складено
заступник начальника навчального центру;заступника начальника навчального центру;заступнику начальника навчального центру;заступником начальника навчального центру;;офіцерський;;;;;складено
заступник начальника обслуги;заступника начальника обслуги;заступнику начальника обслуги;заступником начальника обслуги;;рядовий, сержантський, старшинський;103;034, 048, 053, 070, 072, 612;;Заступник начальника обслуги;Excel, МО 317
заступник начальника пункту;заступника начальника пункту;заступнику начальника пункту;заступником начальника пункту;;офіцерський;;;;;складено
заступник начальника пункту управління;заступника начальника пункту управління;заступнику начальника пункту управління;заступником начальника пункту управління;;рядовий, сержантський, старшинський;102;616;;Заступник начальника пункту управління;Excel, МО 317
заступник начальника сектору;заступника начальника сектору;заступнику начальника сектору;заступником начальника сектору;;офіцерський;;;;;складено
заступник начальника секції;заступника начальника секції;заступнику начальника секції;заступником начальника секції;;офіцерський;;;;;складено
заступник начальника складу;заступника начальника складу;заступнику начальника складу;заступником начальника складу;;офіцерський;;;;;складено
заступник начальника служби;заступника начальника служби;заступнику начальника служби;заступником начальника служби;;офіцерський;;;;;складено
заступник начальника станції;заступника начальника станції;заступнику начальника станції;заступником начальника станції;;офіцерський;;;;;складено
заступник начальника територіального центру комплектування та соціальної підтримки;заступника начальника територіального центру комплектування та соціальної підтримки;заступнику начальника територіального центру комплектування та соціальної підтримки;заступником начальника територіального центру комплектування та соціальної підтримки;;офіцерський;;;;;складено
заступник начальника управління;заступника начальника управління;заступнику начальника управління;заступником начальника управління;;"рядовий, сержантський, старшинський; офіцерський";094;929;;Заступник начальника Управління (в апараті головного сержанта Збройних Сил України);МО 317, складено
заступник начальника факультету;заступника начальника факультету;заступнику начальника факультету;заступником начальника факультету;;офіцерський;;;;;складено
заступник начальника центру;заступника начальника центру;заступнику начальника центру;заступником начальника центру;;офіцерський;;;;;складено
заступник начальника центру підготовки сержантського складу;заступника начальника центру підготовки сержантського складу;заступнику начальника центру підготовки сержантського складу;заступником начальника центру підготовки сержантського складу;;рядовий, сержантський, старшинський;108;929;;Заступник начальника Центру підготовки сержантського (старшинського) складу;МО 317
заступник начальника штабу;заступника начальника штабу;заступнику начальника штабу;заступником начальника штабу;;офіцерський;;;;;складено
заступник начальника штабу батальйону;заступника начальника штабу батальйону;заступнику начальника штабу батальйону;заступником начальника штабу батальйону;;офіцерський;;;;;складено
заступник начальника штабу батареї;заступника начальника штабу батареї;заступнику начальника штабу батареї;заступником начальника штабу батареї;;офіцерський;;;;;складено
заступник начальника штабу бригади;заступника начальника штабу бригади;заступнику начальника штабу бригади;заступником начальника штабу бригади;;офіцерський;;;;;складено
заступник начальника штабу взводу;заступника начальника штабу взводу;заступнику начальника штабу взводу;заступником начальника штабу взводу;;офіцерський;;;;;складено
заступник начальника штабу відділення;заступника начальника штабу відділення;заступнику начальника штабу відділення;заступником начальника штабу відділення;;офіцерський;;;;;складено
заступник начальника штабу військової частини;заступника начальника штабу військової частини;заступнику начальника штабу військової частини;заступником начальника штабу військової частини;;офіцерський;;;;;складено
заступник начальника штабу групи;заступника начальника штабу групи;заступнику начальника штабу групи;заступником начальника штабу групи;;офіцерський;;;;;складено
заступник начальника штабу дивізіону;заступника начальника штабу дивізіону;заступнику начальника штабу дивізіону;заступником начальника штабу дивізіону;;офіцерський;;;;;складено
заступник начальника штабу екіпажу;заступника начальника штабу екіпажу;заступнику начальника штабу екіпажу;заступником начальника штабу екіпажу;;офіцерський;;;;;складено
заступник начальника штабу ескадрильї;заступника начальника штабу ескадрильї;заступнику начальника штабу ескадрильї;заступником начальника штабу ескадрильї;;офіцерський;;;;;складено
заступник начальника штабу загону;заступника начальника штабу загону;заступнику начальника штабу загону;заступником начальника штабу загону;;офіцерський;;;;;складено
заступник начальника штабу командування;заступника начальника штабу командування;заступнику начальника штабу командування;заступником начальника штабу командування;;офіцерський;;;;;складено
заступник начальника штабу корпусу;заступника начальника штабу корпусу;заступнику начальника штабу корпусу;заступником начальника штабу корпусу;;офіцерський;;;;;складено
заступник начальника штабу ланки;заступника начальника штабу ланки;заступнику начальника штабу ланки;заступником начальника штабу ланки;;офіцерський;;;;;складено
заступник начальника штабу полку;заступника начальника штабу полку;заступнику начальника штабу полку;заступником начальника штабу полку;;офіцерський;;;;;складено
заступник начальника штабу роти;заступника начальника штабу роти;заступнику начальника штабу роти;заступником начальника штабу роти;;офіцерський;;;;;складено
заступник начальника інспекції;заступника начальника інспекції;заступнику начальника інспекції;заступником начальника інспекції;;офіцерський;;;;;складено
звукометрист;звукометриста;звукометристу;звукометристом;;рядовий, сержантський, старшинський;106;627;;Звукометрист;Excel, МО 317
звукометрист-радіотелеграфіст;звукометриста-радіотелеграфіста;звукометристу-радіотелеграфісту;звукометристом-радіотелеграфістом;;рядовий, сержантський, старшинський;;;;;Excel
звукометрист-радіотелефоніст;звукометриста-радіотелефоніста;звукометристу-радіотелефоністу;звукометристом-радіотелефоністом;;рядовий, сержантський, старшинський;;;;;Excel
зовнішній пілот;зовнішнього пілота;зовнішньому пілоту;зовнішнім пілотом;;рядовий, сержантський, старшинський;;;;;Excel
зуборізальник;зуборізальника;зуборізальнику;зуборізальником;;рядовий, сержантський, старшинський;107;793;;Зуборізальник;Excel, МО 317
кабельник;кабельника;кабельнику;кабельником;;рядовий, сержантський, старшинський;128;403;;Кабельник;Excel, МО 317
кабельник-спаювальник;кабельника-спаювальника;кабельнику-спаювальнику;кабельником-спаювальником;;рядовий, сержантський, старшинський;129;403;;Кабельник-спаювальник;Excel, МО 317
каменотес;каменотеса;каменотесу;каменотесом;;рядовий, сержантський, старшинський;131;956;;Каменотес;Excel, МО 317
клепальник;клепальника;клепальнику;клепальником;;рядовий, сержантський, старшинський;136;793;;Клепальник;Excel, МО 317
коваль;коваля;ковалю;ковалем;;рядовий, сержантський, старшинський;213;794;;Коваль;Excel, МО 317
кок;кока;коку;коком;;рядовий, сержантський, старшинський;139;788;;Кок;Excel, МО 317
командир;командира;командиру;командиром;;"рядовий, сержантський, старшинський; офіцерський";;;;;Excel, складено
командир артилерійського катера;командира артилерійського катера;командиру артилерійського катера;командиром артилерійського катера;;рядовий, сержантський, старшинський;151;300;;Командир артилерійського катера;Excel, МО 317
командир баржі;командира баржі;командиру баржі;командиром баржі;;рядовий, сержантський, старшинський;142;302;;Командир баржі (рейдової, водоналивної, суховантажної);МО 317
командир батальйону;командира батальйону;командиру батальйону;командиром батальйону;;офіцерський;;;;;складено
командир батареї;командира батареї;командиру батареї;командиром батареї;;офіцерський;;;;;складено
командир бойової машини;командира бойової машини;командиру бойової машини;командиром бойової машини;;рядовий, сержантський, старшинський;144;037, 056, 073, 121, 122, 128, 140;;Командир бойової машини;МО 317
командир бригади;командира бригади;командиру бригади;командиром бригади;;офіцерський;;;;;складено
командир буксира;командира буксира;командиру буксира;командиром буксира;;рядовий, сержантський, старшинський;146;302;;Командир буксира (рейдового та річкового);МО 317
командир буксирного катера;командира буксирного катера;командиру буксирного катера;командиром буксирного катера;;рядовий, сержантський, старшинський;153, 154;302;;Командир буксирного катера (потужністю 150 к.с. і більше) | Командир буксирного катера (потужністю до 150 к.с.);МО 317
командир великого гідрографічного катера;командира великого гідрографічного катера;командиру великого гідрографічного катера;командиром великого гідрографічного катера;;рядовий, сержантський, старшинський;152;300;;Командир великого гідрографічного катера;Excel, МО 317
командир взводу;командира взводу;командиру взводу;командиром взводу;;"рядовий, сержантський, старшинський; офіцерський";147;;так;Командир взводу;Excel, МО 317, складено
командир взводу - старший інструктор;командира взводу - старшого інструктора;командиру взводу - старшому інструктору;командиром взводу - старшим інструктором;;рядовий, сержантський, старшинський;196;;так;Командир взводу - старший інструктор (навчального центру);МО 317
командир взводу-старший;командира взводу-старшого;командиру взводу-старшому;командиром взводу-старшим;;рядовий, сержантський, старшинський;;;;;Excel
командир вогневих установок корабля;командира вогневих установок корабля;командиру вогневих установок корабля;командиром вогневих установок корабля;;рядовий, сержантський, старшинський;180;220, 221, 223;;Командир вогневих установок корабля;МО 317
командир відділення;командира відділення;командиру відділення;командиром відділення;;"рядовий, сержантський, старшинський; офіцерський";182, 138, 215;100, 101, 102, 103, 104, 106, 107, 108, 110, 111, 121, 122, 123, 124, 125, 126, 143, 146, 156, 163, 166, 168, 182, 183, 187, 193, 381, 382, 383, 384, 385, 443;так;Командир відділення | Командир відділення (військових частин і підрозділів спеціального призначення, спеціальної розвідки) | Командир відділення (механізованого, мотопіхотного, піхотного, аеромобільного, десантно-штурмового, штурмового, повітряно-десантного, гірсько-штурмового та морської піхоти);МО 317, складено
командир відділення - інструктор з фізичної підготовки;командира відділення - інструктора з фізичної підготовки;командиру відділення - інструктору з фізичної підготовки;командиром відділення - інструктором з фізичної підготовки;;рядовий, сержантський, старшинський;133;;так;Командир відділення - інструктор з фізичної підготовки;МО 317
командир відділення-інструктор;командира відділення-інструктор;командиру відділення-інструктор;командиром відділення-інструктор;;рядовий, сержантський, старшинський;132;;так;Командир відділення-інструктор;МО 317
командир військової частини;командира військової частини;командиру військової частини;командиром військової частини;;офіцерський;;;;;складено
командир гармати;командира гармати;командиру гармати;командиром гармати;;рядовий, сержантський, старшинський;181;132, 133, 134, 135, 136, 153, 155, 156;;Командир гармати;Excel, МО 317
командир групи;командира групи;командиру групи;командиром групи;;"рядовий, сержантський, старшинський; офіцерський";223;100;;Командир групи (механізованого, мотопіхотного, піхотного, аеромобільного, десантно-штурмового, штурмового, повітряно-десантного, гірсько-штурмового відділення та морської піхоти);МО 317, складено
командир гідрографічного катера;командира гідрографічного катера;командиру гідрографічного катера;командиром гідрографічного катера;;рядовий, сержантський, старшинський;116;300;;Командир гідрографічного катера;Excel, МО 317
командир гірсько-штурмового взводу;командира гірсько-штурмового взводу;командиру гірсько-штурмового взводу;командиром гірсько-штурмового взводу;;рядовий, сержантський, старшинський;;;;;Excel
командир десантного катера;командира десантного катера;командиру десантного катера;командиром десантного катера;;рядовий, сержантський, старшинський;156;300;;Командир десантного катера;Excel, МО 317
командир дивізіону;командира дивізіону;командиру дивізіону;командиром дивізіону;;офіцерський;;;;;складено
командир дослідного катера;командира дослідного катера;командиру дослідного катера;командиром дослідного катера;;рядовий, сержантський, старшинський;161;300;;Командир дослідного катера;Excel, МО 317
командир екіпажу;командира екіпажу;командиру екіпажу;командиром екіпажу;;офіцерський;;;;;складено
командир екіпажу безпілотних авіаційних комплексів;командира екіпажу безпілотних авіаційних комплексів;командиру екіпажу безпілотних авіаційних комплексів;командиром екіпажу безпілотних авіаційних комплексів;;рядовий, сержантський, старшинський;264, 270, 794;216, 217, 218, 219;;Командир екіпажу безпілотних авіаційних комплексів (мікро та міні) | Командир екіпажу безпілотних авіаційних комплексів (малі) | Командир екіпажу безпілотних авіаційних комплексів (з реактивним двигуном);МО 317
командир ескадрильї;командира ескадрильї;командиру ескадрильї;командиром ескадрильї;;офіцерський;;;;;складено
командир загону;командира загону;командиру загону;командиром загону;;офіцерський;;;;;складено
командир зенітної ракетної самохідної установки;командира зенітної ракетної самохідної установки;командиру зенітної ракетної самохідної установки;командиром зенітної ракетної самохідної установки;;рядовий, сержантський, старшинський;149;163;;Командир зенітної ракетної самохідної установки;Excel, МО 317
командир зенітної самохідної установки;командира зенітної самохідної установки;командиру зенітної самохідної установки;командиром зенітної самохідної установки;;рядовий, сержантський, старшинський;150;157;;Командир зенітної самохідної установки;Excel, МО 317
командир катера зв'язку;командира катера зв'язку;командиру катера зв'язку;командиром катера зв'язку;;рядовий, сержантський, старшинський;173;300;;Командир катера зв'язку;Excel, МО 317
командир катера радіаційної, хімічної, біологічної розвідки;командира катера радіаційної, хімічної, біологічної розвідки;командиру катера радіаційної, хімічної, біологічної розвідки;командиром катера радіаційної, хімічної, біологічної розвідки;;рядовий, сержантський, старшинський;166;300;;Командир катера радіаційної, хімічної, біологічної розвідки;МО 317
командир катера-водія мішені;командира катера-водія мішені;командиру катера-водія мішені;командиром катера-водія мішені;;рядовий, сержантський, старшинський;155;300;;Командир катера-водія мішені;Excel, МО 317
командир катера-мішені;командира катера-мішені;командиру катера-мішені;командиром катера-мішені;;рядовий, сержантський, старшинський;159;300;;Командир катера-мішені;Excel, МО 317
командир катера-торпедолова;командира катера-торпедолова;командиру катера-торпедолова;командиром катера-торпедолова;;рядовий, сержантський, старшинський;175;300;;Командир катера-торпедолова;Excel, МО 317
командир командування;командира командування;командиру командування;командиром командування;;офіцерський;;;;;складено
командир корпусу;командира корпусу;командиру корпусу;командиром корпусу;;офіцерський;;;;;складено
командир ланки;командира ланки;командиру ланки;командиром ланки;;офіцерський;;;;;складено
командир малого гідрографічного катера;командира малого гідрографічного катера;командиру малого гідрографічного катера;командиром малого гідрографічного катера;;рядовий, сержантський, старшинський;158;302;;Командир малого гідрографічного катера;Excel, МО 317
командир машини;командира машини;командиру машини;командиром машини;;рядовий, сержантський, старшинський;177, 114;128, 140, 168, 175, 177, 178, 179, 180;так;Командир машини;МО 317
командир механізованого;командира механізованого;командиру механізованого;командиром механізованого;;рядовий, сержантський, старшинський;;;;;Excel
командир морського буксира;командира морського буксира;командиру морського буксира;командиром морського буксира;;рядовий, сержантський, старшинський;145;300;;Командир морського буксира;Excel, МО 317
командир морського водолазного судна;командира морського водолазного судна;командиру морського водолазного судна;командиром морського водолазного судна;;рядовий, сержантський, старшинський;188;300;;Командир морського водолазного судна;Excel, МО 317
командир морського катера;командира морського катера;командиру морського катера;командиром морського катера;;рядовий, сержантський, старшинський;160;300;;Командир морського катера;Excel, МО 317
командир морської баржі;командира морської баржі;командиру морської баржі;командиром морської баржі;;рядовий, сержантський, старшинський;140, 141;300, 302;;Командир морської баржі (ракетної, артилерійської, мінної, торпедної) | Командир морської баржі (крім ракетної, артилерійської, мінної, торпедної);МО 317
командир міномета;командира міномета;командиру міномета;командиром міномета;;рядовий, сержантський, старшинський;178;143, 144;;Командир міномета;Excel, МО 317
командир навчально-тренувального судна;командира навчально-тренувального судна;командиру навчально-тренувального судна;командиром навчально-тренувального судна;;рядовий, сержантський, старшинський;192;300;;Командир навчально-тренувального судна;Excel, МО 317
командир навчального катера;командира навчального катера;командиру навчального катера;командиром навчального катера;;рядовий, сержантський, старшинський;168;300;;Командир навчального катера;Excel, МО 317
командир навчальної групи;командира навчальної групи;командиру навчальної групи;командиром навчальної групи;;офіцерський;;;;;складено
командир нейтралізуючої машини;командира нейтралізуючої машини;командиру нейтралізуючої машини;командиром нейтралізуючої машини;;рядовий, сержантський, старшинський;179;767;;Командир нейтралізуючої машини;Excel, МО 317
командир плавучого складу;командира плавучого складу;командиру плавучого складу;командиром плавучого складу;;рядовий, сержантський, старшинський;117;300;;Командир плавучого складу;Excel, МО 317
командир плавучої казарми;командира плавучої казарми;командиру плавучої казарми;командиром плавучої казарми;;рядовий, сержантський, старшинський;183;302;;Командир плавучої казарми;Excel, МО 317
командир полку;командира полку;командиру полку;командиром полку;;офіцерський;;;;;складено
командир пошуково-рятувального катера;командира пошуково-рятувального катера;командиру пошуково-рятувального катера;командиром пошуково-рятувального катера;;рядовий, сержантський, старшинський;162, 163;302;;Командир пошуково-рятувального катера (водотоннажністю 15 т і більше) | Командир пошуково-рятувального катера (водотоннажністю до 15 т);МО 317
командир протидиверсійного катера;командира протидиверсійного катера;командиру протидиверсійного катера;командиром протидиверсійного катера;;рядовий, сержантський, старшинський;143;300;;Командир протидиверсійного катера;Excel, МО 317
командир протипожежного катера;командира протипожежного катера;командиру протипожежного катера;командиром протипожежного катера;;рядовий, сержантський, старшинський;165;300;;Командир протипожежного катера;Excel, МО 317
командир протичовнового катера;командира протичовнового катера;командиру протичовнового катера;командиром протичовнового катера;;рядовий, сержантський, старшинський;164;300;;Командир протичовнового катера;Excel, МО 317
командир підводного розвідника;командира підводного розвідника;командиру підводного розвідника;командиром підводного розвідника;;рядовий, сержантський, старшинський;185;168;;Командир підводного розвідника;Excel, МО 317
командир ракетного катера;командира ракетного катера;командиру ракетного катера;командиром ракетного катера;;рядовий, сержантський, старшинський;190;300;;Командир ракетного катера;Excel, МО 317
командир рейдового буксира;командира рейдового буксира;командиру рейдового буксира;командиром рейдового буксира;;рядовий, сержантський, старшинський;202;300;;Командир рейдового буксира;Excel, МО 317
командир рейдового водолазного катера;командира рейдового водолазного катера;командиру рейдового водолазного катера;командиром рейдового водолазного катера;;рядовий, сержантський, старшинський;167;302;;Командир рейдового водолазного катера;Excel, МО 317
командир рейдового катера-заправника;командира рейдового катера-заправника;командиру рейдового катера-заправника;командиром рейдового катера-заправника;;рядовий, сержантський, старшинський;157;302;;Командир рейдового катера-заправника;Excel, МО 317
командир рейдового робочого катера;командира рейдового робочого катера;командиру рейдового робочого катера;командиром рейдового робочого катера;;рядовий, сержантський, старшинський;169;302;;Командир рейдового робочого катера;Excel, МО 317
командир рейдового роз'їзного катера;командира рейдового роз'їзного катера;командиру рейдового роз'їзного катера;командиром рейдового роз'їзного катера;;рядовий, сержантський, старшинський;170, 171;302;;Командир рейдового роз'їзного катера (водотоннажністю 15 т і більше) | Командир рейдового роз'їзного катера (водотоннажністю до 15 т);МО 317
командир рейдового санітарного катера;командира рейдового санітарного катера;командиру рейдового санітарного катера;командиром рейдового санітарного катера;;рядовий, сержантський, старшинський;172;300;;Командир рейдового санітарного катера;Excel, МО 317
командир рейдового судна;командира рейдового судна;командиру рейдового судна;командиром рейдового судна;;рядовий, сержантський, старшинський;191;302;;Командир рейдового судна (розмагнічування, зарядного, електростанції);МО 317
командир розвідувального;командира розвідувального;командиру розвідувального;командиром розвідувального;;рядовий, сержантський, старшинський;;;;;Excel
командир роти;командира роти;командиру роти;командиром роти;;офіцерський;;;;;складено
командир рятувального судна;командира рятувального судна;командиру рятувального судна;командиром рятувального судна;;рядовий, сержантський, старшинський;176;300;;Командир рятувального судна;Excel, МО 317
командир самохідної артилерійської установки;командира самохідної артилерійської установки;командиру самохідної артилерійської установки;командиром самохідної артилерійської установки;;рядовий, сержантський, старшинський;187;118;;Командир самохідної артилерійської установки;Excel, МО 317
командир станкового гранатомета;командира станкового гранатомета;командиру станкового гранатомета;командиром станкового гранатомета;;рядовий, сержантський, старшинський;148;103;;Командир станкового гранатомета;Excel, МО 317
командир сторожового катера;командира сторожового катера;командиру сторожового катера;командиром сторожового катера;;рядовий, сержантський, старшинський;204;300;;Командир сторожового катера;Excel, МО 317
командир судна;командира судна;командиру судна;командиром судна;;рядовий, сержантський, старшинський;189;300;;Командир судна (мішені, дослідного, плавучого стенда, протипожежного, водолазного, комплексного постачання та їм рівних);МО 317
командир судна зв'язку;командира судна зв'язку;командиру судна зв'язку;командиром судна зв'язку;;рядовий, сержантський, старшинський;205;300;;Командир судна зв'язку;Excel, МО 317
командир такелажного відділення;командира такелажного відділення;командиру такелажного відділення;командиром такелажного відділення;;рядовий, сержантський, старшинський;;;;;Excel
командир танка;командира танка;командиру танка;командиром танка;;рядовий, сержантський, старшинський;194;113, 116, 117;;Командир танка;Excel, МО 317
командир танка - оператор;командира танка - оператора;командиру танка - оператору;командиром танка - оператором;;рядовий, сержантський, старшинський;217;967;;Командир танка - оператор;МО 317
командир танкера;командира танкера;командиру танкера;командиром танкера;;рядовий, сержантський, старшинський;220;302;;Командир танкера;Excel, МО 317
командир танкового;командира танкового;командиру танкового;командиром танкового;;рядовий, сержантський, старшинський;;;;;Excel
командир торпедного катера;командира торпедного катера;командиру торпедного катера;командиром торпедного катера;;рядовий, сержантський, старшинський;174;300;;Командир торпедного катера;Excel, МО 317
командир тральщика;командира тральщика;командиру тральщика;командиром тральщика;;рядовий, сержантський, старшинський;186;302;;Командир тральщика (рейдового та річкового);МО 317
командир транспортно-зарядної машини;командира транспортно-зарядної машини;командиру транспортно-зарядної машини;командиром транспортно-зарядної машини;;рядовий, сержантський, старшинський;193;033, 034, 035, 036, 037, 157, 163;;Командир транспортно-зарядної машини;Excel, МО 317
командир транспорту;командира транспорту;командиру транспорту;командиром транспорту;;рядовий, сержантський, старшинський;219;302;;Командир транспорту (морського суховантажного транспорту, воєнного транспорту, морського транспорту озброєння);МО 317
командир установки;командира установки;командиру установки;командиром установки;;рядовий, сержантський, старшинський;195;033, 034, 035, 036, 037, 179;;Командир установки;Excel, МО 317
командувач;командувача;командувачу;командувачем;;офіцерський;;;;;складено
команир;команира;команиру;команиром;командира;рядовий, сержантський, старшинський;;;;;Excel
комендант;коменданта;коменданту;комендантом;;"рядовий, сержантський, старшинський; офіцерський";197;908;;Комендант;Excel, МО 317, складено
комендант споруд;коменданта споруд;коменданту споруд;комендантом споруд;комендантом спорудом;рядовий, сержантський, старшинський;198;957;;Комендант споруд;Excel, МО 317
комендор;комендора;комендору;комендором;;рядовий, сержантський, старшинський;199;148, 153, 155, 156, 160;;Комендор;Excel, МО 317
комплектувальник;комплектувальника;комплектувальнику;комплектувальником;;рядовий, сержантський, старшинський;200;;так;Комплектувальник;Excel, МО 317
комірник;комірника;комірнику;комірником;;рядовий, сержантський, старшинський;135;;так;Комірник;Excel, МО 317
контролер;контролера;контролеру;контролером;;рядовий, сержантський, старшинський;203;100, 907, 908;;Контролер;Excel, МО 317
копрівник;копрівника;копрівнику;копрівником;;рядовий, сержантський, старшинський;206;941;;Копрівник;Excel, МО 317
коректор;коректора;коректору;коректором;;рядовий, сержантський, старшинський;207;922;;Коректор;Excel, МО 317
кореспондент;кореспондента;кореспонденту;кореспондентом;;"рядовий, сержантський, старшинський; офіцерський";208;914;;Кореспондент;Excel, МО 317, складено
кочегар;кочегара;кочегару;кочегаром;;рядовий, сержантський, старшинський;209;980;;Кочегар;Excel, МО 317
кравець;кравця;кравцю;кравцем;;рядовий, сержантський, старшинський;619;789;;Кравець;Excel, МО 317
кранівник;кранівника;кранівнику;кранівником;;рядовий, сержантський, старшинський;210;;так;Кранівник;Excel, МО 317
кресляр;кресляра;кресляру;кресляром;;рядовий, сержантський, старшинський;984;671, 902;;Кресляр;Excel, МО 317
кріпильник;кріпильника;кріпильнику;кріпильником;;рядовий, сержантський, старшинський;211;956;;Кріпильник;Excel, МО 317
кулеметник;кулеметника;кулеметнику;кулеметником;;рядовий, сержантський, старшинський;627;101, 124, 160;;Кулеметник;Excel, МО 317
кулеметник-номер;кулеметника-номера;кулеметнику-номеру;кулеметником-номером;;рядовий, сержантський, старшинський;;;;;Excel
кулеметник-розвідник;кулеметника-розвідника;кулеметнику-розвіднику;кулеметником-розвідником;;рядовий, сержантський, старшинський;;;;;Excel
кулеметник-сапер;кулеметника-сапера;кулеметнику-саперу;кулеметником-сапером;;рядовий, сержантський, старшинський;;;;;Excel
курсант;курсанта;курсанту;курсантом;;"рядовий, сержантський, старшинський; офіцерський";214, 218, 221, 222;;так;Курсант (з підготовки у вищому військовому навчальному закладі, військовому навчальному підрозділі закладу вищої освіти, військовому коледжі) | Курсант (який проходить базову загальновійськову підготовку) | Курсант | Курсант (за рахунок військ);Excel, МО 317, складено
кухар;кухаря;кухарю;кухарем;;рядовий, сержантський, старшинський;569;788;;Кухар;Excel, МО 317
кіномеханік;кіномеханіка;кіномеханіку;кіномеханіком;;рядовий, сержантський, старшинський;134;913;;Кіномеханік;Excel, МО 317
лаборант;лаборанта;лаборанту;лаборантом;;рядовий, сержантський, старшинський;224, 225, 226, 227, 228, 229, 230, 231, 232, 216;766, 879;так;Лаборант (бактеріологічної лабораторії) | Лаборант (військових навчальних закладів) | Лаборант (клінічної лабораторії) | Лаборант (патолого-анатомічної лабораторії) | Лаборант (радіологічної лабораторії) | Лаборант (санітарно-епідеміологічної лабораторії) | Лаборант (судово-медичної лабораторії) | Лаборант (токсикологічної лабораторії) | Лаборант (крім військових навчальних закладів) | Лаборант (з якості пального);Excel, МО 317
лаборант-такелажник;лаборанта-такелажника;лаборанту-такелажнику;лаборантом-такелажником;;рядовий, сержантський, старшинський;;;;;Excel
ливарник;ливарника;ливарнику;ливарником;;рядовий, сержантський, старшинський;235;975;;Ливарник;Excel, МО 317
лудильник;лудильника;лудильнику;лудильником;;рядовий, сержантський, старшинський;236;972;;Лудильник;Excel, МО 317
льотчик;льотчика;льотчику;льотчиком;;"рядовий, сержантський, старшинський; офіцерський";238;210;;Льотчик (літака);МО 317, складено
льотчик-оператор;льотчика-оператора;льотчику-оператору;льотчиком-оператором;;"рядовий, сержантський, старшинський; офіцерський";237;210;;Льотчик-оператор (вертольота);МО 317, складено
льотчик-штурман;льотчика-штурмана;льотчику-штурману;льотчиком-штурманом;;рядовий, сержантський, старшинський;240;210;;Льотчик-штурман (вертольота);МО 317
лікар;лікаря;лікарю;лікарем;;офіцерський;;;;;складено
лікар-ординатор;лікаря-ординатора;лікарю-ординатору;лікарем-ординатором;;офіцерський;;;;;складено
лінотипіст;лінотипіста;лінотипісту;лінотипістом;;рядовий, сержантський, старшинський;234;922;;Лінотипіст;Excel, МО 317
лінійний наглядач;лінійного наглядача;лінійному наглядачу;лінійним наглядачем;;рядовий, сержантський, старшинський;233;403;;Лінійний наглядач;Excel, МО 317
майстер;майстра;майстру;майстром;;рядовий, сержантський, старшинський;244;;так;Майстер;Excel, МО 317
майстер-акумуляторник;майстра-акумуляторника;майстру-акумуляторнику;майстром-акумуляторником;;рядовий, сержантський, старшинський;;;;;Excel
майстер-електрик;майстра-електрика;майстру-електрику;майстром-електриком;;рядовий, сержантський, старшинський;;;;;Excel
майстер-номер;майстра-номера;майстру-номеру;майстром-номером;;рядовий, сержантський, старшинський;;;;;Excel
майстер-помічник;майстра-помічника;майстру-помічнику;майстром-помічником;;рядовий, сержантський, старшинський;;;;;Excel
маляр;маляра;маляру;маляром;;рядовий, сержантський, старшинський;241;797;;Маляр;Excel, МО 317
марксмен;марксмена;марксмену;марксменом;;рядовий, сержантський, старшинський;672;100;;Марксмен;Excel, МО 317
марсовий;марсового;марсовому;марсовим;;рядовий, сержантський, старшинський;242;303;;Марсовий;Excel, МО 317
маскувальник;маскувальника;маскувальнику;маскувальником;;рядовий, сержантський, старшинський;243;169;;Маскувальник;Excel, МО 317
машиніст;машиніста;машиністу;машиністом;;рядовий, сержантський, старшинський;245;;так;Машиніст;Excel, МО 317
машиніст автогрейдера;машиніста автогрейдера;машиністу автогрейдера;машиністом автогрейдера;;рядовий, сержантський, старшинський;248;180, 740;;Машиніст автогрейдера;Excel, МО 317
машиніст бульдозера;машиніста бульдозера;машиністу бульдозера;машиністом бульдозера;;рядовий, сержантський, старшинський;023;740;;Машиніст бульдозера;Excel, МО 317
машиніст бурової установки;машиніста бурової установки;машиністу бурової установки;машиністом бурової установки;;рядовий, сержантський, старшинський;024;174, 184, 943;;Машиніст бурової установки;Excel, МО 317
машиніст екскаватора;машиніста екскаватора;машиністу екскаватора;машиністом екскаватора;;рядовий, сержантський, старшинський;994;184, 740;;Машиніст екскаватора;Excel, МО 317
машиніст заправної машини;машиніста заправної машини;машиністу заправної машини;машиністом заправної машини;;рядовий, сержантський, старшинський;104;766, 790;;Машиніст заправної машини;Excel, МО 317
машиніст компресора;машиніста компресора;машиністу компресора;машиністом компресора;;рядовий, сержантський, старшинський;201;982;;Машиніст компресора;Excel, МО 317
машиніст паровоза;машиніста паровоза;машиністу паровоза;машиністом паровоза;;рядовий, сержантський, старшинський;246;949;;Машиніст паровоза;Excel, МО 317
машиніст скрепера;машиніста скрепера;машиністу скрепера;машиністом скрепера;;рядовий, сержантський, старшинський;668;180;;Машиніст скрепера;Excel, МО 317
машиніст тепловоза;машиніста тепловоза;машиністу тепловоза;машиністом тепловоза;;рядовий, сержантський, старшинський;247;949;;Машиніст тепловоза;Excel, МО 317
машиніст-екскаватора;машиніста-екскаватора;машиністу-екскаватора;машиністом-екскаватора;;рядовий, сержантський, старшинський;;;;;Excel
медична сестра;медичної сестри;медичній сестрі;медичною сестрою;медичну сестру;рядовий, сержантський, старшинський;;;;;Excel
метеоролог;метеоролога;метеорологу;метеорологом;;рядовий, сержантський, старшинський;254;631;;Метеоролог;Excel, МО 317
метеоспостерігач;метеоспостерігача;метеоспостерігачу;метеоспостерігачем;;рядовий, сержантський, старшинський;253;520, 631;;Метеоспостерігач;Excel, МО 317
механік;механіка;механіку;механіком;;рядовий, сержантський, старшинський;256, 257;220, 221, 223, 233, 234, 235, 236, 237, 238, 244, 245, 247, 248, 250, 251, 252, 254, 255, 256, 260, 261, 262, 263, 265, 266, 268, 269, 460, 474, 478, 575, 798;так;Механік | Механік (літака, вертольота);Excel, МО 317
механік-водій;механіка-водія;механіку-водію;механіком-водієм;;рядовий, сержантський, старшинський;258, 259;113, 116, 117, 118, 130, 132, 134, 175, 177, 178, 179, 180, 967;так;Механік-водій (машини на бронетанковій базі та танків) | Механік-водій;Excel, МО 317
механік-водій-електрик;механіка-водія-електрика;механіку-водію-електрику;механіком-водієм-електриком;;рядовий, сержантський, старшинський;;;;;Excel
механік-водій-кранівник;механіка-водія-кранівника;механіку-водію-кранівнику;механіком-водієм-кранівником;;рядовий, сержантський, старшинський;;;;;Excel
механік-водій-оператор;механіка-водія-оператора;механіку-водію-оператору;механіком-водієм-оператором;;рядовий, сержантський, старшинський;;;;;Excel
механік-водій-радист;механіка-водія-радиста;механіку-водію-радисту;механіком-водієм-радистом;;рядовий, сержантський, старшинський;;;;;Excel
механік-водій-санітар;механіка-водія-санітара;механіку-водію-санітару;механіком-водієм-санітаром;;рядовий, сержантський, старшинський;;;;;Excel
механік-гранатометник;механіка-гранатометника;механіку-гранатометнику;механіком-гранатометником;;рядовий, сержантський, старшинський;;;;;Excel
механік-електрик;механіка-електрика;механіку-електрику;механіком-електриком;;рядовий, сержантський, старшинський;;;;;Excel
механік-електрозварник;механіка-електрозварника;механіку-електрозварнику;механіком-електрозварником;;рядовий, сержантський, старшинський;;;;;Excel
механік-кулеметник;механіка-кулеметника;механіку-кулеметнику;механіком-кулеметником;;рядовий, сержантський, старшинський;;;;;Excel
механік-оператор;механіка-оператора;механіку-оператору;механіком-оператором;;рядовий, сержантський, старшинський;;;;;Excel
механік-помічник;механіка-помічника;механіку-помічнику;механіком-помічником;;рядовий, сержантський, старшинський;;;;;Excel
механік-радіотелеграфіст;механіка-радіотелеграфіста;механіку-радіотелеграфісту;механіком-радіотелеграфістом;;рядовий, сержантський, старшинський;;;;;Excel
механік-радіотелефоніст;механіка-радіотелефоніста;механіку-радіотелефоністу;механіком-радіотелефоністом;;рядовий, сержантський, старшинський;;;;;Excel
механік-слюсар;механіка-слюсаря;механіку-слюсарю;механіком-слюсарем;;рядовий, сержантський, старшинський;;;;;Excel
механік-телефоніст;механіка-телефоніста;механіку-телефоністу;механіком-телефоністом;;рядовий, сержантський, старшинський;;;;;Excel
молодша медична сестра;молодшої медичної сестри;молодшій медичній сестрі;молодшою медичною сестрою;;рядовий, сержантський, старшинський;265;878;;Молодша медична сестра (молодший медичний брат);МО 317
молодший геодезист;молодшого геодезиста;молодшому геодезисту;молодшим геодезистом;;рядовий, сержантський, старшинський;262;673;;Молодший геодезист;Excel, МО 317
молодший картограф;молодшого картографа;молодшому картографу;молодшим картографом;;рядовий, сержантський, старшинський;263;671;;Молодший картограф;Excel, МО 317
молодший спеціаліст;молодшого спеціаліста;молодшому спеціалісту;молодшим спеціалістом;;рядовий, сержантський, старшинський;137;909, 993, 994;;Молодший спеціаліст;Excel, МО 317
молодший топограф;молодшого топографа;молодшому топографу;молодшим топографом;;рядовий, сержантський, старшинський;266;672;;Молодший топограф;Excel, МО 317
монтажник;монтажника;монтажнику;монтажником;;рядовий, сержантський, старшинський;267;;так;Монтажник;Excel, МО 317
монтер;монтера;монтеру;монтером;;рядовий, сержантський, старшинський;;;;;Excel
монтер колій;монтера колій;монтеру колій;монтером колій;монтером колієм;рядовий, сержантський, старшинський;268;937;;Монтер колій;Excel, МО 317
моторист;моториста;мотористу;мотористом;;рядовий, сержантський, старшинський;269;360, 361, 362, 363, 364, 365, 366, 367, 368, 369, 370, 371, 372, 373;так;Моторист;Excel, МО 317
моторист-дизеліст;моториста-дизеліста;мотористу-дизелісту;мотористом-дизелістом;;рядовий, сержантський, старшинський;;;;;Excel
музикант;музиканта;музиканту;музикантом;;рядовий, сержантський, старшинський;271, 272;;;Музикант (оркестру вищої категорії, 1 категорії) | Музикант (оркестру 2 категорії);Excel, МО 317
муляр;муляра;муляру;муляром;;рядовий, сержантський, старшинський;273;956;;Муляр;Excel, МО 317
мідник;мідника;міднику;мідником;;рядовий, сержантський, старшинський;251;793, 794;;Мідник;Excel, МО 317
мінер;мінера;мінеру;мінером;;рядовий, сержантський, старшинський;260;;так;Мінер;Excel, МО 317
мінометник;мінометника;мінометнику;мінометником;;рядовий, сержантський, старшинський;261;143;;Мінометник;Excel, МО 317
мірошник;мірошника;мірошнику;мірошником;;рядовий, сержантський, старшинський;252;788;;Мірошник;Excel, МО 317
навідник;навідника;навіднику;навідником;;рядовий, сержантський, старшинський;281;029, 111, 113, 116, 117, 118, 128, 132, 133, 134, 135, 136, 140, 143, 144, 148, 153, 155, 156, 157, 160;так;Навідник;Excel, МО 317
навідник-номер;навідника-номера;навіднику-номеру;навідником-номером;;рядовий, сержантський, старшинський;;;;;Excel
навідник-оператор;навідника-оператора;навіднику-оператору;навідником-оператором;;рядовий, сержантський, старшинський;282;;так;Навідник-оператор;Excel, МО 317
навідник-топогеодезист;навідника-топогеодезиста;навіднику-топогеодезисту;навідником-топогеодезистом;;рядовий, сержантський, старшинський;;;;;Excel
наладник поліграфічного устаткування;наладника поліграфічного устаткування;наладнику поліграфічного устаткування;наладником поліграфічного устаткування;;рядовий, сержантський, старшинський;283;924;;Наладник поліграфічного устаткування;Excel, МО 317
наладчик;наладчика;наладчику;наладчиком;;рядовий, сержантський, старшинський;285;325, 354, 600, 602, 603, 604, 652, 653, 721, 759, 769, 800, 801, 805;;Наладчик;Excel, МО 317
нарядник;нарядника;наряднику;нарядником;;рядовий, сержантський, старшинський;284;;так;Нарядник;Excel, МО 317
науковий співробітник;наукового співробітника;науковому співробітнику;науковим співробітником;;офіцерський;;;;;складено
начальник;начальника;начальнику;начальником;;"рядовий, сержантський, старшинський; офіцерський";;;;;Excel, складено
начальник аварійно-рятувальної станції;начальника аварійно-рятувальної станції;начальнику аварійно-рятувальної станції;начальником аварійно-рятувальної станції;;рядовий, сержантський, старшинський;434;386;;Начальник аварійно-рятувальної станції;Excel, МО 317
начальник автодрому;начальника автодрому;начальнику автодрому;начальником автодрому;;рядовий, сержантський, старшинський;286;790;;Начальник автодрому;Excel, МО 317
начальник автоматичної телефонної станції;начальника автоматичної телефонної станції;начальнику автоматичної телефонної станції;начальником автоматичної телефонної станції;;рядовий, сержантський, старшинський;435;403;;Начальник автоматичної телефонної станції;Excel, МО 317
начальник автомобільної колони;начальника автомобільної колони;начальнику автомобільної колони;начальником автомобільної колони;;рядовий, сержантський, старшинський;287;790;;Начальник автомобільної колони;Excel, МО 317
начальник автомобільної служби;начальника автомобільної служби;начальнику автомобільної служби;начальником автомобільної служби;;офіцерський;;;;;складено
начальник адміністративно-господарчої частини;начальника адміністративно-господарчої частини;начальнику адміністративно-господарчої частини;начальником адміністративно-господарчої частини;;рядовий, сержантський, старшинський;289;787;;Начальник адміністративно-господарчої частини;Excel, МО 317
начальник акумуляторно-генераторної станції;начальника акумуляторно-генераторної станції;начальнику акумуляторно-генераторної станції;начальником акумуляторно-генераторної станції;;рядовий, сержантський, старшинський;436;792;;Начальник акумуляторно-генераторної станції;Excel, МО 317
начальник акустичного поста;начальника акустичного поста;начальнику акустичного поста;начальником акустичного поста;;рядовий, сержантський, старшинський;354;346;;Начальник акустичного поста;Excel, МО 317
начальник апаратної;начальника апаратної;начальнику апаратної;начальником апаратної;;рядовий, сержантський, старшинський;291, 290;244, 250, 251, 255, 403, 429, 430, 432, 441, 446, 450, 451, 452, 453, 454, 455, 474, 478, 582, 583, 600, 611, 612, 614, 615, 616, 617, 618, 619, 620, 621, 659, 769, 792;;Начальник апаратної | Начальник апаратної (засекреченого телефонного та телеграфного зв'язку, кросів, телебачення, контролю безпеки зв'язку, радіорозвідки та пеленгування);Excel, МО 317
начальник апарату;начальника апарату;начальнику апарату;начальником апарату;;офіцерський;;;;;складено
начальник аптеки - асистент фармацевта;начальника аптеки - асистента фармацевта;начальнику аптеки - асистенту фармацевта;начальником аптеки - асистентом фармацевта;;рядовий, сержантський, старшинський;292;879;;Начальник аптеки - асистент фармацевта;МО 317
начальник артилерії;начальника артилерії;начальнику артилерії;начальником артилерії;;офіцерський;;;;;складено
начальник бази;начальника бази;начальнику бази;начальником бази;;офіцерський;;;;;складено
начальник балістичної станції;начальника балістичної станції;начальнику балістичної станції;начальником балістичної станції;;рядовий, сержантський, старшинський;437;633;;Начальник балістичної станції;Excel, МО 317
начальник бронетанкової служби;начальника бронетанкової служби;начальнику бронетанкової служби;начальником бронетанкової служби;;офіцерський;;;;;складено
начальник бурової установки;начальника бурової установки;начальнику бурової установки;начальником бурової установки;;рядовий, сержантський, старшинський;299;174, 943;;Начальник бурової установки;Excel, МО 317
начальник бюро;начальника бюро;начальнику бюро;начальником бюро;;рядовий, сержантський, старшинський;528;902;;Начальник бюро (креслярського);МО 317
начальник бюро перепусток;начальника бюро перепусток;начальнику бюро перепусток;начальником бюро перепусток;;рядовий, сержантський, старшинський;300;908;;Начальник бюро перепусток;МО 317
начальник бібліотеки;начальника бібліотеки;начальнику бібліотеки;начальником бібліотеки;;рядовий, сержантський, старшинський;298;912;;Начальник бібліотеки;Excel, МО 317
начальник вагона поштового;начальника вагона поштового;начальнику вагона поштового;начальником вагона поштового;;рядовий, сержантський, старшинський;515;485;;Начальник вагона поштового;Excel, МО 317
начальник варти;начальника варти;начальнику варти;начальником варти;;рядовий, сержантський, старшинський;316;100;;Начальник варти;Excel, МО 317
начальник ветеринарного пункту;начальника ветеринарного пункту;начальнику ветеринарного пункту;начальником ветеринарного пункту;;рядовий, сержантський, старшинський;387;885;;Начальник ветеринарного пункту;Excel, МО 317
начальник водолазного поста;начальника водолазного поста;начальнику водолазного поста;начальником водолазного поста;;рядовий, сержантський, старшинський;355;379, 380;;Начальник водолазного поста;Excel, МО 317
начальник водолазної станції;начальника водолазної станції;начальнику водолазної станції;начальником водолазної станції;;рядовий, сержантський, старшинський;438;172, 379;;Начальник водолазної станції;Excel, МО 317
начальник вузла;начальника вузла;начальнику вузла;начальником вузла;;офіцерський;;;;;складено
начальник вузла зв'язку;начальника вузла зв'язку;начальнику вузла зв'язку;начальником вузла зв'язку;;рядовий, сержантський, старшинський;508;403, 474;;Начальник вузла зв'язку;Excel, МО 317
начальник вузла радіоперехоплення;начальника вузла радіоперехоплення;начальнику вузла радіоперехоплення;начальником вузла радіоперехоплення;;рядовий, сержантський, старшинський;509;446;;Начальник вузла радіоперехоплення;Excel, МО 317
начальник віварію;начальника віварію;начальнику віварію;начальником віварію;;рядовий, сержантський, старшинський;302;885;;Начальник віварію;Excel, МО 317
начальник відділення;начальника відділення;начальнику відділення;начальником відділення;;"рядовий, сержантський, старшинський; офіцерський";342, 359, 346;100, 403, 420, 450, 451, 452, 453, 454, 455, 460, 474, 485, 600, 787, 901, 915, 929;;Начальник відділення (керівник підрозділу) | Начальник відділення (групи) (в апараті головного сержанта Збройних Сил України, головних сержантів видів Збройних Сил України, Командування об’єднаних сил) | Начальник відділення (групи) (виконавчої вертикалі сержантського складу в структурних підрозділах Генерального штабу Збройних Сил України та органах військового управління, які виконують його функції);МО 317, складено
начальник відділення зберігання;начальника відділення зберігання;начальнику відділення зберігання;начальником відділення зберігання;;рядовий, сержантський, старшинський;344;700;;Начальник відділення зберігання;Excel, МО 317
начальник відділення хлібовипікання;начальника відділення хлібовипікання;начальнику відділення хлібовипікання;начальником відділення хлібовипікання;;рядовий, сержантський, старшинський;343;788;;Начальник відділення хлібовипікання;Excel, МО 317
начальник відділу;начальника відділу;начальнику відділу;начальником відділу;;"рядовий, сержантський, старшинський; офіцерський";341;929;;Начальник відділу (в апараті головного сержанта Збройних Сил України, головних сержантів видів Збройних Сил України, Командування об’єднаних сил);МО 317, складено
начальник газодобувної станції;начальника газодобувної станції;начальнику газодобувної станції;начальником газодобувної станції;;рядовий, сержантський, старшинський;440;799;;Начальник газодобувної станції;Excel, МО 317
начальник газозарядної станції;начальника газозарядної станції;начальнику газозарядної станції;начальником газозарядної станції;;рядовий, сержантський, старшинський;439;799;;Начальник газозарядної станції;Excel, МО 317
начальник гаража;начальника гаража;начальнику гаража;начальником гаража;;рядовий, сержантський, старшинський;304;790;;Начальник гаража;Excel, МО 317
начальник гауптвахти;начальника гауптвахти;начальнику гауптвахти;начальником гауптвахти;;рядовий, сержантський, старшинський;305;100, 908;;Начальник гауптвахти;Excel, МО 317
начальник гелієво-кисневої станції;начальника гелієво-кисневої станції;начальнику гелієво-кисневої станції;начальником гелієво-кисневої станції;;рядовий, сержантський, старшинський;441;799;;Начальник гелієво-кисневої станції;Excel, МО 317
начальник господарчої частини;начальника господарчої частини;начальнику господарчої частини;начальником господарчої частини;;рядовий, сержантський, старшинський;522;787;;Начальник господарчої частини;Excel, МО 317
начальник госпіталю;начальника госпіталю;начальнику госпіталю;начальником госпіталю;;офіцерський;;;;;складено
начальник готелю;начальника готелю;начальнику готелю;начальником готелю;;рядовий, сержантський, старшинський;307;957;;Начальник готелю;Excel, МО 317
начальник групи;начальника групи;начальнику групи;начальником групи;;"рядовий, сержантський, старшинський; офіцерський";424, 308, 092;929;так;Начальник групи (в апараті головних сержантів органу військового управління, корпусу) | Начальник групи | Начальник групи (з відбору військовослужбовців за контрактом);Excel, МО 317, складено
начальник групи секретного документального забезпечення;начальника групи секретного документального забезпечення;начальнику групи секретного документального забезпечення;начальником групи секретного документального забезпечення;;рядовий, сержантський, старшинський;425;992;;Начальник групи секретного документального забезпечення (полку, бригади та їм рівних);МО 317
начальник групи секретного документального забезпечення та їм рівних;начальника групи секретного документального забезпечення та їм рівних;начальнику групи секретного документального забезпечення та їм рівних;начальником групи секретного документального забезпечення та їм рівних;;рядовий, сержантський, старшинський;426;992;;Начальник групи секретного документального забезпечення (окремого батальйону (дивізіону) та їм рівних);МО 317
начальник групи складу;начальника групи складу;начальнику групи складу;начальником групи складу;;рядовий, сержантський, старшинський;303, 539;929;так;Начальник групи (Центру підготовки сержантського (старшинського) складу) | Начальник групи (Курсу лідерства сержантського (старшинського) складу;МО 317
начальник групи та їм рівних;начальника групи та їм рівних;начальнику групи та їм рівних;начальником групи та їм рівних;;рядовий, сержантський, старшинський;348, 319;100, 915, 929;;Начальник групи (виконавчої вертикалі сержантського складу в структурних підрозділах командувань видів, родів військ (сил) та їм рівних) | Начальник групи (виконавчої вертикалі сержантського складу бригади, полку та їм рівних і вище військових частин, окремого батальйону (дивізіону) та їм рівних);МО 317
начальник гуртожитку;начальника гуртожитку;начальнику гуртожитку;начальником гуртожитку;;рядовий, сержантський, старшинський;340;957;;Начальник гуртожитку;Excel, МО 317
начальник гідроакустичного поста;начальника гідроакустичного поста;начальнику гідроакустичного поста;начальником гідроакустичного поста;;рядовий, сержантський, старшинський;356;340, 341, 342, 343, 344, 345, 346;;Начальник гідроакустичного поста;Excel, МО 317
начальник гідроакустичної станції;начальника гідроакустичної станції;начальнику гідроакустичної станції;начальником гідроакустичної станції;;рядовий, сержантський, старшинський;442;340, 341, 342, 343, 344, 345, 346;;Начальник гідроакустичної станції;Excel, МО 317
начальник департаменту;начальника департаменту;начальнику департаменту;начальником департаменту;;офіцерський;;;;;складено
начальник директриси;начальника директриси;начальнику директриси;начальником директриси;;рядовий, сержантський, старшинський;311;111, 113, 116, 117, 118, 121, 132, 133, 134, 135, 136, 140, 143, 144;;Начальник директриси;Excel, МО 317
начальник диспетчерського пункту;начальника диспетчерського пункту;начальнику диспетчерського пункту;начальником диспетчерського пункту;;рядовий, сержантський, старшинський;309, 390;211, 907;;Начальник диспетчерського пункту | Начальник диспетчерського пункту (з перельотів і посадок);Excel, МО 317
начальник диспетчерської служби;начальника диспетчерської служби;начальнику диспетчерської служби;начальником диспетчерської служби;;рядовий, сержантський, старшинський;312;790;;Начальник диспетчерської служби;Excel, МО 317
начальник друкарні;начальника друкарні;начальнику друкарні;начальником друкарні;;рядовий, сержантський, старшинський;503;922, 924;;Начальник друкарні;Excel, МО 317
начальник дільниці;начальника дільниці;начальнику дільниці;начальником дільниці;;рядовий, сержантський, старшинський;516;;так;Начальник дільниці;Excel, МО 317
начальник експедиції;начальника експедиції;начальнику експедиції;начальником експедиції;;рядовий, сержантський, старшинський;529, 530;485, 901;;Начальник експедиції (засекречувальної апаратури зв'язку) | Начальник експедиції;Excel, МО 317
начальник електросилових пристроїв;начальника електросилових пристроїв;начальнику електросилових пристроїв;начальником електросилових пристроїв;;рядовий, сержантський, старшинський;532;059, 659;;Начальник електросилових пристроїв;МО 317
начальник електростанції;начальника електростанції;начальнику електростанції;начальником електростанції;;рядовий, сержантський, старшинський;491, 490;659;;Начальник електростанції (менше 200 кВт) | Начальник електростанції (200 кВт і більше);МО 317
начальник елінгу;начальника елінгу;начальнику елінгу;начальником елінгу;;рядовий, сержантський, старшинський;531;303;;Начальник елінгу;Excel, МО 317
начальник залізничної станції;начальника залізничної станції;начальнику залізничної станції;начальником залізничної станції;;рядовий, сержантський, старшинський;446;948;;Начальник залізничної станції (4 класу);МО 317
начальник зарядно-акумуляторної станції;начальника зарядно-акумуляторної станції;начальнику зарядно-акумуляторної станції;начальником зарядно-акумуляторної станції;;рядовий, сержантський, старшинський;448;792;;Начальник зарядно-акумуляторної станції;Excel, МО 317
начальник зв'язку;начальника зв'язку;начальнику зв'язку;начальником зв'язку;;офіцерський;;;;;складено
начальник звукозаписувальної станції;начальника звукозаписувальної станції;начальнику звукозаписувальної станції;начальником звукозаписувальної станції;;рядовий, сержантський, старшинський;451;420, 432;;Начальник звукозаписувальної станції;Excel, МО 317
начальник звукометричного поста;начальника звукометричного поста;начальнику звукометричного поста;начальником звукометричного поста;;рядовий, сержантський, старшинський;357;146, 627;;Начальник звукометричного поста;Excel, МО 317
начальник звукомовної станції;начальника звукомовної станції;начальнику звукомовної станції;начальником звукомовної станції;;рядовий, сержантський, старшинський;450;430, 913;;Начальник звукомовної станції;Excel, МО 317
начальник зміни;начальника зміни;начальнику зміни;начальником зміни;;рядовий, сержантський, старшинський;429, 430;525;так;Начальник зміни | Начальник зміни (диспетчерської служби);Excel, МО 317
начальник кабельної експлуатаційної машини;начальника кабельної експлуатаційної машини;начальнику кабельної експлуатаційної машини;начальником кабельної експлуатаційної машини;;рядовий, сержантський, старшинський;315;408;;Начальник кабельної експлуатаційної машини;Excel, МО 317
начальник кабельної мережі;начальника кабельної мережі;начальнику кабельної мережі;начальником кабельної мережі;;рядовий, сержантський, старшинський;314;661, 662;;Начальник кабельної мережі;Excel, МО 317
начальник кабінету;начальника кабінету;начальнику кабінету;начальником кабінету;;рядовий, сержантський, старшинський;313;;так;Начальник кабінету;Excel, МО 317
начальник кафедри;начальника кафедри;начальнику кафедри;начальником кафедри;;офіцерський;;;;;складено
начальник квартирно-експлуатаційної частини;начальника квартирно-експлуатаційної частини;начальнику квартирно-експлуатаційної частини;начальником квартирно-експлуатаційної частини;;рядовий, сержантський, старшинський;317;957;;Начальник квартирно-експлуатаційної частини;Excel, МО 317
начальник киснедобувної станції;начальника киснедобувної станції;начальнику киснедобувної станції;начальником киснедобувної станції;;рядовий, сержантський, старшинський;453;799;;Начальник киснедобувної станції;Excel, МО 317
начальник киснезарядної станції;начальника киснезарядної станції;начальнику киснезарядної станції;начальником киснезарядної станції;;рядовий, сержантський, старшинський;454;799;;Начальник киснезарядної станції;Excel, МО 317
начальник клубу;начальника клубу;начальнику клубу;начальником клубу;;"рядовий, сержантський, старшинський; офіцерський";278;912;;Начальник клубу;Excel, МО 317, складено
начальник клініки;начальника клініки;начальнику клініки;начальником клініки;;офіцерський;;;;;складено
начальник команди;начальника команди;начальнику команди;начальником команди;;рядовий, сержантський, старшинський;322;100, 673, 674, 787, 886;;Начальник команди;Excel, МО 317
начальник команди плавзасобів;начальника команди плавзасобів;начальнику команди плавзасобів;начальником команди плавзасобів;;рядовий, сержантський, старшинський;323;302;;Начальник команди плавзасобів;Excel, МО 317
начальник комендатури;начальника комендатури;начальнику комендатури;начальником комендатури;;офіцерський;;;;;складено
начальник комплексу;начальника комплексу;начальнику комплексу;начальником комплексу;;рядовий, сержантський, старшинський;321;544, 545;;Начальник комплексу;Excel, МО 317
начальник компресорної станції;начальника компресорної станції;начальнику компресорної станції;начальником компресорної станції;;рядовий, сержантський, старшинський;455;982;;Начальник компресорної станції;Excel, МО 317
начальник контрольно-випробного пункту;начальника контрольно-випробного пункту;начальнику контрольно-випробного пункту;начальником контрольно-випробного пункту;;рядовий, сержантський, старшинський;392;403;;Начальник контрольно-випробного пункту;Excel, МО 317
начальник контрольно-випробної станції;начальника контрольно-випробної станції;начальнику контрольно-випробної станції;начальником контрольно-випробної станції;;рядовий, сержантський, старшинський;456;702, 703, 704, 705, 706, 707, 741, 742, 743;;Начальник контрольно-випробної станції;Excel, МО 317
начальник контрольно-пропускного пункту;начальника контрольно-пропускного пункту;начальнику контрольно-пропускного пункту;начальником контрольно-пропускного пункту;;рядовий, сержантський, старшинський;393;100, 907, 908;;Начальник контрольно-пропускного пункту;Excel, МО 317
начальник контрольно-регулюючої станції;начальника контрольно-регулюючої станції;начальнику контрольно-регулюючої станції;начальником контрольно-регулюючої станції;;рядовий, сержантський, старшинський;457;322, 334, 702, 703, 706, 707, 726, 727, 732, 741, 742, 743, 776;;Начальник контрольно-регулюючої станції;Excel, МО 317
начальник контрольно-технічного пункту;начальника контрольно-технічного пункту;начальнику контрольно-технічного пункту;начальником контрольно-технічного пункту;;рядовий, сержантський, старшинський;394;738, 739, 790;;Начальник контрольно-технічного пункту;Excel, МО 317
начальник контрольно-технічної станції;начальника контрольно-технічної станції;начальнику контрольно-технічної станції;начальником контрольно-технічної станції;;рядовий, сержантський, старшинський;458;474, 769;;Начальник контрольно-технічної станції (з контролю телефонної та телеграфної засекречувальної апаратури зв'язку);МО 317
начальник котельної;начальника котельної;начальнику котельної;начальником котельної;;рядовий, сержантський, старшинський;324;980;;Начальник котельної;Excel, МО 317
начальник крана;начальника крана;начальнику крана;начальником крана;;рядовий, сержантський, старшинський;325, 326;302, 942;;Начальник крана (вантажопідйомністю 25 т і більше та залізничного) | Начальник крана (плавучого);МО 317
начальник кроса;начальника кроса;начальнику кроса;начальником кроса;;рядовий, сержантський, старшинський;327, 328;403;;Начальник кроса (інформаційно-телекомунікаційних вузлів Генерального штабу Збройних Сил України, виду Збройних Сил України, оперативного командування) | Начальник кроса (інформаційно-телекомунікаційних вузлів корпусу, їм рівних та нижчих);МО 317
начальник курсу;начальника курсу;начальнику курсу;начальником курсу;;офіцерський;;;;;складено
начальник курсу лідерства сержантського складу;начальника курсу лідерства сержантського складу;начальнику курсу лідерства сержантського складу;начальником курсу лідерства сержантського складу;;рядовий, сержантський, старшинський;514;929;;Начальник Курсу лідерства сержантського (старшинського) складу;МО 317
начальник кінопункту;начальника кінопункту;начальнику кінопункту;начальником кінопункту;;рядовий, сержантський, старшинський;318;913;;Начальник кінопункту;Excel, МО 317
начальник кінофототеодолітного поста;начальника кінофототеодолітного поста;начальнику кінофототеодолітного поста;начальником кінофототеодолітного поста;;рядовий, сержантський, старшинський;360;641;;Начальник кінофототеодолітного поста;Excel, МО 317
начальник кінофототеодолітної станції;начальника кінофототеодолітної станції;начальнику кінофототеодолітної станції;начальником кінофототеодолітної станції;;рядовий, сержантський, старшинський;452;641;;Начальник кінофототеодолітної станції;Excel, МО 317
начальник лабораторії;начальника лабораторії;начальнику лабораторії;начальником лабораторії;;"рядовий, сержантський, старшинський; офіцерський";329, 350;105, 702, 703, 706, 707, 726, 727, 732;так;Начальник лабораторії | Начальник лабораторії (спеціальної, з ремонту та зберігання ракетного озброєння);Excel, МО 317, складено
начальник лазне-прального дезінфекційного пункту;начальника лазне-прального дезінфекційного пункту;начальнику лазне-прального дезінфекційного пункту;начальником лазне-прального дезінфекційного пункту;;рядовий, сержантський, старшинський;386;789;;Начальник лазне-прального дезінфекційного пункту;Excel, МО 317
начальник лазне-прального комбінату;начальника лазне-прального комбінату;начальнику лазне-прального комбінату;начальником лазне-прального комбінату;;рядовий, сержантський, старшинський;296;789;;Начальник лазне-прального комбінату;Excel, МО 317
начальник лазневого загону;начальника лазневого загону;начальнику лазневого загону;начальником лазневого загону;;рядовий, сержантський, старшинський;295;789;;Начальник лазневого загону;Excel, МО 317
начальник лазні;начальника лазні;начальнику лазні;начальником лазні;;рядовий, сержантський, старшинський;294;789;;Начальник лазні;Excel, МО 317
начальник лісопильної рами;начальника лісопильної рами;начальнику лісопильної рами;начальником лісопильної рами;;рядовий, сержантський, старшинський;330;171, 798;;Начальник лісопильної рами (верстата);МО 317
начальник майстерні;начальника майстерні;начальнику майстерні;начальником майстерні;;"рядовий, сержантський, старшинський; офіцерський";331, 332, 333;702, 703, 704, 705, 706, 707, 708, 709, 726, 727, 732;так;Начальник майстерні (з ремонту ракетного озброєння та техніки) | Начальник майстерні (з ремонту озброєння та техніки) | Начальник майстерні (з ремонту військово-технічного та господарського майна);МО 317, складено
начальник майстерні технічного обслуговування;начальника майстерні технічного обслуговування;начальнику майстерні технічного обслуговування;начальником майстерні технічного обслуговування;;рядовий, сержантський, старшинський;335;738;;Начальник майстерні технічного обслуговування;Excel, МО 317
начальник маніпуляторного пункту;начальника маніпуляторного пункту;начальнику маніпуляторного пункту;начальником маніпуляторного пункту;;рядовий, сержантський, старшинський;496, 497;344, 420, 527, 665;;Начальник маніпуляторного пункту (крім світлотехнічного та гідроакустичного) | Начальник маніпуляторного пункту (світлотехнічного та гідроакустичного);МО 317
начальник маяка;начальника маяка;начальнику маяка;начальником маяка;;рядовий, сержантський, старшинський;301, 337;285, 665;;Начальник маяка;МО 317
начальник медичного пункту;начальника медичного пункту;начальнику медичного пункту;начальником медичного пункту;;рядовий, сержантський, старшинський;395;879;;Начальник медичного пункту;Excel, МО 317
начальник медичної служби;начальника медичної служби;начальнику медичної служби;начальником медичної служби;;офіцерський;;;;;складено
начальник метеорологічного поста;начальника метеорологічного поста;начальнику метеорологічного поста;начальником метеорологічного поста;;рядовий, сержантський, старшинський;362;631, 632;;Начальник метеорологічного поста;Excel, МО 317
начальник метеорологічної станції;начальника метеорологічної станції;начальнику метеорологічної станції;начальником метеорологічної станції;;рядовий, сержантський, старшинський;459;631, 632;;Начальник метеорологічної станції;Excel, МО 317
начальник млинарської установки;начальника млинарської установки;начальнику млинарської установки;начальником млинарської установки;;рядовий, сержантський, старшинський;338;788;;Начальник млинарської установки;Excel, МО 317
начальник міжміської телефонної станції;начальника міжміської телефонної станції;начальнику міжміської телефонної станції;начальником міжміської телефонної станції;;рядовий, сержантський, старшинський;495;403;;Начальник міжміської телефонної станції;Excel, МО 317
начальник містечка;начальника містечка;начальнику містечка;начальником містечка;;рядовий, сержантський, старшинський;306;100, 113, 116, 117, 118, 121, 122, 166, 167, 168, 169, 170, 171, 172, 173, 174, 175, 176, 177, 178, 179, 180, 181, 182, 183, 195, 212, 213, 833;;Начальник містечка (інженерного, десантного, вогневого, парашутного, військ радіаційного, хімічного та біологічного захисту);МО 317
начальник навчального класу;начальника навчального класу;начальнику навчального класу;начальником навчального класу;;рядовий, сержантський, старшинський;517;;так;Начальник навчального класу;Excel, МО 317
начальник навчального тактичного поля;начальника навчального тактичного поля;начальнику навчального тактичного поля;начальником навчального тактичного поля;;рядовий, сержантський, старшинський;518;100, 166, 167, 169, 170, 176, 180, 183;;Начальник навчального тактичного поля;Excel, МО 317
начальник навчального центру;начальника навчального центру;начальнику навчального центру;начальником навчального центру;;офіцерський;;;;;складено
начальник наземного запитувача;начальника наземного запитувача;начальнику наземного запитувача;начальником наземного запитувача;;рядовий, сержантський, старшинський;339;500, 501, 502, 503, 504, 507, 508;;Начальник наземного запитувача;Excel, МО 317
начальник насосної станції;начальника насосної станції;начальнику насосної станції;начальником насосної станції;;рядовий, сержантський, старшинський;460;960, 961;;Начальник насосної станції;Excel, МО 317
начальник обмінного пункту;начальника обмінного пункту;начальнику обмінного пункту;начальником обмінного пункту;;рядовий, сержантський, старшинський;396;485;;Начальник обмінного пункту;Excel, МО 317
начальник обслуги;начальника обслуги;начальнику обслуги;начальником обслуги;;рядовий, сержантський, старшинський;422;;так;Начальник обслуги;Excel, МО 317
начальник обслуги - старший механік-водій самохідної пускової установки;начальника обслуги - старшого механіка-водія самохідної пускової установки;начальнику обслуги - старшому механіку-водію самохідної пускової установки;начальником обслуги - старшим механіком-водієм самохідної пускової установки;;рядовий, сержантський, старшинський;498;038;;Начальник обслуги - старший механік-водій самохідної пускової установки;МО 317
начальник опріснювальної станції;начальника опріснювальної станції;начальнику опріснювальної станції;начальником опріснювальної станції;;рядовий, сержантський, старшинський;492;174, 960;;Начальник опріснювальної станції;Excel, МО 317
начальник оркестру;начальника оркестру;начальнику оркестру;начальником оркестру;;офіцерський;;;;;складено
начальник парашутної сушарні;начальника парашутної сушарні;начальнику парашутної сушарні;начальником парашутної сушарні;;рядовий, сержантський, старшинський;345;212, 213;;Начальник парашутної сушарні;Excel, МО 317
начальник пеленгаторного поста;начальника пеленгаторного поста;начальнику пеленгаторного поста;начальником пеленгаторного поста;;рядовий, сержантський, старшинський;368;626, 627, 630, 633;;Начальник пеленгаторного поста;Excel, МО 317
начальник пеленгаторної станції;начальника пеленгаторної станції;начальнику пеленгаторної станції;начальником пеленгаторної станції;;рядовий, сержантський, старшинський;461;626;;Начальник пеленгаторної станції;Excel, МО 317
начальник передавального радіовузла;начальника передавального радіовузла;начальнику передавального радіовузла;начальником передавального радіовузла;;рядовий, сержантський, старшинський;512;420, 429, 430, 441;;Начальник передавального радіовузла;Excel, МО 317
начальник передавального радіопункту;начальника передавального радіопункту;начальнику передавального радіопункту;начальником передавального радіопункту;;рядовий, сержантський, старшинський;398;429, 430;;Начальник передавального радіопункту;Excel, МО 317
начальник передавального радіоцентру;начальника передавального радіоцентру;начальнику передавального радіоцентру;начальником передавального радіоцентру;;рядовий, сержантський, старшинський;378;420, 429, 430, 460;;Начальник передавального радіоцентру;Excel, МО 317
начальник передавальної частини радіостанції;начальника передавальної частини радіостанції;начальнику передавальної частини радіостанції;начальником передавальної частини радіостанції;;рядовий, сержантський, старшинський;379;420, 429, 430, 441, 460;;Начальник передавальної частини радіостанції (великої потужності);МО 317
начальник пересувного вузла зв'язку;начальника пересувного вузла зв'язку;начальнику пересувного вузла зв'язку;начальником пересувного вузла зв'язку;;рядовий, сержантський, старшинський;513;403, 420, 460;;Начальник пересувного вузла зв'язку;Excel, МО 317
начальник плавучої майстерні;начальника плавучої майстерні;начальнику плавучої майстерні;начальником плавучої майстерні;;рядовий, сержантський, старшинський;336;302;;Начальник плавучої майстерні;Excel, МО 317
начальник пожежного нагляду;начальника пожежного нагляду;начальнику пожежного нагляду;начальником пожежного нагляду;;рядовий, сержантський, старшинський;380;966;;Начальник пожежного нагляду;Excel, МО 317
начальник пожежної обслуги;начальника пожежної обслуги;начальнику пожежної обслуги;начальником пожежної обслуги;;рядовий, сержантський, старшинський;334;967;;Начальник пожежної обслуги;Excel, МО 317
начальник полігона;начальника полігона;начальнику полігона;начальником полігона;;рядовий, сержантський, старшинський;351;153, 155, 156, 160, 233, 234, 235, 236, 237, 238, 302, 324, 429, 430;;Начальник полігона;Excel, МО 317
начальник посадочного прожектора;начальника посадочного прожектора;начальнику посадочного прожектора;начальником посадочного прожектора;;рядовий, сержантський, старшинський;352;665;;Начальник посадочного прожектора;Excel, МО 317
начальник поста збору та оброблення інформації;начальника поста збору та оброблення інформації;начальнику поста збору та оброблення інформації;начальником поста збору та оброблення інформації;;рядовий, сержантський, старшинський;374;615, 616, 617, 620, 621;;Начальник поста збору та оброблення інформації;Excel, МО 317
начальник поста наведення;начальника поста наведення;начальнику поста наведення;начальником поста наведення;;рядовий, сержантський, старшинський;365;057, 074, 654;;Начальник поста наведення (крилатих ракет);МО 317
начальник поста охорони та оборони;начальника поста охорони та оборони;начальнику поста охорони та оборони;начальником поста охорони та оборони;;рядовий, сержантський, старшинський;367;100;;Начальник поста охорони та оборони;Excel, МО 317
начальник поста регулювання руху;начальника поста регулювання руху;начальнику поста регулювання руху;начальником поста регулювання руху;;рядовий, сержантський, старшинський;373;907;;Начальник поста регулювання руху;Excel, МО 317
начальник поста спостереження та зв'язку;начальника поста спостереження та зв'язку;начальнику поста спостереження та зв'язку;начальником поста спостереження та зв'язку;;рядовий, сержантський, старшинський;363, 364;146, 161, 215;так;Начальник поста спостереження та зв'язку;МО 317
начальник пральні;начальника пральні;начальнику пральні;начальником пральні;;рядовий, сержантський, старшинський;353;789;;Начальник пральні;Excel, МО 317
начальник привідної радіостанції;начальника привідної радіостанції;начальнику привідної радіостанції;начальником привідної радіостанції;;рядовий, сержантський, старшинський;385;528;;Начальник привідної радіостанції;Excel, МО 317
начальник приймально-пеленгаторної станції;начальника приймально-пеленгаторної станції;начальнику приймально-пеленгаторної станції;начальником приймально-пеленгаторної станції;;рядовий, сержантський, старшинський;465;446, 500, 501, 502, 503, 504, 505, 506, 507, 508;;Начальник приймально-пеленгаторної станції;Excel, МО 317
начальник приймально-пеленгаторної установки;начальника приймально-пеленгаторної установки;начальнику приймально-пеленгаторної установки;начальником приймально-пеленгаторної установки;;рядовий, сержантський, старшинський;382;516;;Начальник приймально-пеленгаторної установки;Excel, МО 317
начальник приймального радіовузла;начальника приймального радіовузла;начальнику приймального радіовузла;начальником приймального радіовузла;;рядовий, сержантський, старшинський;511;420, 429, 430, 441;;Начальник приймального радіовузла;Excel, МО 317
начальник приймального радіопункту;начальника приймального радіопункту;начальнику приймального радіопункту;начальником приймального радіопункту;;рядовий, сержантський, старшинський;399;420, 441;;Начальник приймального радіопункту;Excel, МО 317
начальник приймального радіоцентру;начальника приймального радіоцентру;начальнику приймального радіоцентру;начальником приймального радіоцентру;;рядовий, сержантський, старшинський;383;420, 460;;Начальник приймального радіоцентру;Excel, МО 317
начальник приймальної машини;начальника приймальної машини;начальнику приймальної машини;начальником приймальної машини;;рядовий, сержантський, старшинський;381;582, 583, 600, 611, 612, 614, 615, 616, 617, 618, 619, 620, 621;;Начальник приймальної машини;Excel, МО 317
начальник приймальної частини радіостанції;начальника приймальної частини радіостанції;начальнику приймальної частини радіостанції;начальником приймальної частини радіостанції;;рядовий, сержантський, старшинський;384;420, 429, 430, 441, 460;;Начальник приймальної частини радіостанції (великої потужності);МО 317
начальник пристрілочної станції;начальника пристрілочної станції;начальнику пристрілочної станції;начальником пристрілочної станції;;рядовий, сержантський, старшинський;466;147;;Начальник пристрілочної станції;Excel, МО 317
начальник продовольчого пункту;начальника продовольчого пункту;начальнику продовольчого пункту;начальником продовольчого пункту;;рядовий, сержантський, старшинський;400;788;;Начальник продовольчого пункту;Excel, МО 317
начальник продовольчого складу;начальника продовольчого складу;начальнику продовольчого складу;начальником продовольчого складу;;рядовий, сержантський, старшинський;;;;;Excel
начальник продовольчої служби;начальника продовольчої служби;начальнику продовольчої служби;начальником продовольчої служби;;офіцерський;;;;;складено
начальник прожекторного пункту;начальника прожекторного пункту;начальнику прожекторного пункту;начальником прожекторного пункту;;рядовий, сержантський, старшинський;401;665;;Начальник прожекторного пункту;Excel, МО 317
начальник прожекторної станції;начальника прожекторної станції;начальнику прожекторної станції;начальником прожекторної станції;;рядовий, сержантський, старшинський;467;665;;Начальник прожекторної станції;Excel, МО 317
начальник протиповітряної оборони;начальника протиповітряної оборони;начальнику протиповітряної оборони;начальником протиповітряної оборони;;офіцерський;;;;;складено
начальник пункту;начальника пункту;начальнику пункту;начальником пункту;;офіцерський;;;;;складено
начальник пункту високочастотного зв'язку;начальника пункту високочастотного зв'язку;начальнику пункту високочастотного зв'язку;начальником пункту високочастотного зв'язку;;рядовий, сержантський, старшинський;388;403;;Начальник пункту високочастотного зв'язку;Excel, МО 317
начальник пункту дегазації;начальника пункту дегазації;начальнику пункту дегазації;начальником пункту дегазації;;рядовий, сержантський, старшинський;389;189;;Начальник пункту дегазації;Excel, МО 317
начальник пункту заправки пальним;начальника пункту заправки пальним;начальнику пункту заправки пальним;начальником пункту заправки пальним;;рядовий, сержантський, старшинський;391;766;;Начальник пункту заправки пальним;МО 317
начальник пункту радіотехнічного контролю;начальника пункту радіотехнічного контролю;начальнику пункту радіотехнічного контролю;начальником пункту радіотехнічного контролю;;рядовий, сержантський, старшинський;405;450, 451, 452, 453, 454, 455, 508;;Начальник пункту радіотехнічного контролю;Excel, МО 317
начальник пункту спеціальної обробки;начальника пункту спеціальної обробки;начальнику пункту спеціальної обробки;начальником пункту спеціальної обробки;;рядовий, сержантський, старшинський;408;190, 191;;Начальник пункту спеціальної обробки;Excel, МО 317
начальник пункту спорядження;начальника пункту спорядження;начальнику пункту спорядження;начальником пункту спорядження;;рядовий, сержантський, старшинський;407;734;;Начальник пункту спорядження (авіаційних боєприпасів);МО 317
начальник пункту технічного обслуговування;начальника пункту технічного обслуговування;начальнику пункту технічного обслуговування;начальником пункту технічного обслуговування;;рядовий, сержантський, старшинський;409, 410;700, 738, 827, 828, 829, 833;;Начальник пункту технічного обслуговування (апарати Міністерства оборони України, Головнокомандувача та Генерального штабу Збройних Сил України) | Начальник пункту технічного обслуговування;Excel, МО 317
начальник підйомно-стикового агрегату;начальника підйомно-стикового агрегату;начальнику підйомно-стикового агрегату;начальником підйомно-стикового агрегату;;рядовий, сержантський, старшинський;349;702, 706;;Начальник підйомно-стикового агрегату;Excel, МО 317
начальник підсилювального пункту;начальника підсилювального пункту;начальнику підсилювального пункту;начальником підсилювального пункту;;рядовий, сержантський, старшинський;411;403;;Начальник підсилювального пункту;Excel, МО 317
начальник радіобюро;начальника радіобюро;начальнику радіобюро;начальником радіобюро;;рядовий, сержантський, старшинський;415;420, 429, 430, 460;;Начальник радіобюро;Excel, МО 317
начальник радіовисотоміра;начальника радіовисотоміра;начальнику радіовисотоміра;начальником радіовисотоміра;;рядовий, сержантський, старшинський;416;507;;Начальник радіовисотоміра;Excel, МО 317
начальник радіовузла;начальника радіовузла;начальнику радіовузла;начальником радіовузла;;рядовий, сержантський, старшинський;510;420, 429, 430, 441;;Начальник радіовузла;Excel, МО 317
начальник радіодалекоміра;начальника радіодалекоміра;начальнику радіодалекоміра;начальником радіодалекоміра;;рядовий, сержантський, старшинський;417;525;;Начальник радіодалекоміра;Excel, МО 317
начальник радіолокаційного поста;начальника радіолокаційного поста;начальнику радіолокаційного поста;начальником радіолокаційного поста;;рядовий, сержантський, старшинський;369;500, 501, 502, 503, 504, 507, 508, 513, 515, 517, 518, 519, 520, 525, 563, 564;;Начальник радіолокаційного поста;Excel, МО 317
начальник радіолокаційної станції;начальника радіолокаційної станції;начальнику радіолокаційної станції;начальником радіолокаційної станції;;рядовий, сержантський, старшинський;445, 468;500, 501, 502, 503, 504, 507, 508, 513, 515, 517, 518, 519, 520, 525;;Начальник радіолокаційної станції (для зенітних ракетних та радіотехнічних військових частин та військових частин ракетних військ і артилерії) | Начальник радіолокаційної станції;Excel, МО 317
начальник радіомаркерного поста;начальника радіомаркерного поста;начальнику радіомаркерного поста;начальником радіомаркерного поста;;рядовий, сержантський, старшинський;370;528;;Начальник радіомаркерного поста;Excel, МО 317
начальник радіомаркерного пункту;начальника радіомаркерного пункту;начальнику радіомаркерного пункту;начальником радіомаркерного пункту;;рядовий, сержантський, старшинський;402;528;;Начальник радіомаркерного пункту;Excel, МО 317
начальник радіомаяка;начальника радіомаяка;начальнику радіомаяка;начальником радіомаяка;;рядовий, сержантський, старшинський;419;306, 308, 531;;Начальник радіомаяка;Excel, МО 317
начальник радіометричного поста;начальника радіометричного поста;начальнику радіометричного поста;начальником радіометричного поста;;рядовий, сержантський, старшинський;371;306, 308, 503, 506, 513, 517, 538, 543, 544, 563, 564, 569, 652;;Начальник радіометричного поста;Excel, МО 317
начальник радіометричної станції;начальника радіометричної станції;начальнику радіометричної станції;начальником радіометричної станції;;рядовий, сержантський, старшинський;469;306, 308, 503, 506, 513, 517, 538, 543, 544, 563, 564, 569, 652;;Начальник радіометричної станції;Excel, МО 317
начальник радіопеленгатора;начальника радіопеленгатора;начальнику радіопеленгатора;начальником радіопеленгатора;;рядовий, сержантський, старшинський;420, 421;446, 529, 530, 569;;Начальник радіопеленгатора | Начальник радіопеленгатора (ультракороткохвильового);Excel, МО 317
начальник радіопеленгувального пункту;начальника радіопеленгувального пункту;начальнику радіопеленгувального пункту;начальником радіопеленгувального пункту;;рядовий, сержантський, старшинський;403;529, 530;;Начальник радіопеленгувального пункту;Excel, МО 317
начальник радіорелейної станції;начальника радіорелейної станції;начальнику радіорелейної станції;начальником радіорелейної станції;;рядовий, сержантський, старшинський;472, 473;460;;Начальник радіорелейної станції (багатоканальної) | Начальник радіорелейної станції (малоканальної);МО 317
начальник радіостанції;начальника радіостанції;начальнику радіостанції;начальником радіостанції;;рядовий, сержантський, старшинський;412, 413, 414;420, 429, 430, 441, 443, 460;;Начальник радіостанції (великої потужності) | Начальник радіостанції (середньої потужності) | Начальник радіостанції (малої потужності);МО 317
начальник радіотелеграфного пункту;начальника радіотелеграфного пункту;начальнику радіотелеграфного пункту;начальником радіотелеграфного пункту;;рядовий, сержантський, старшинський;404;403, 429, 430;;Начальник радіотелеграфного пункту;Excel, МО 317
начальник радіотехнічного поста;начальника радіотехнічного поста;начальнику радіотехнічного поста;начальником радіотехнічного поста;;рядовий, сержантський, старшинський;372;569;;Начальник радіотехнічного поста;Excel, МО 317
начальник радіотехнічної станції;начальника радіотехнічної станції;начальнику радіотехнічної станції;начальником радіотехнічної станції;;рядовий, сержантський, старшинський;475, 476;503, 506, 527, 528, 569;;Начальник радіотехнічної станції (крім переносної) | Начальник радіотехнічної станції (переносної);МО 317
начальник речового складу;начальника речового складу;начальнику речового складу;начальником речового складу;;рядовий, сержантський, старшинський;;;;;Excel
начальник речової служби;начальника речової служби;начальнику речової служби;начальником речової служби;;офіцерський;;;;;складено
начальник розвідки;начальника розвідки;начальнику розвідки;начальником розвідки;;офіцерський;;;;;складено
начальник розвідувального пункту;начальника розвідувального пункту;начальнику розвідувального пункту;начальником розвідувального пункту;;рядовий, сержантський, старшинський;406;146;;Начальник розвідувального пункту;Excel, МО 317
начальник розплідника;начальника розплідника;начальнику розплідника;начальником розплідника;;рядовий, сержантський, старшинський;347;886;;Начальник розплідника;Excel, МО 317
начальник світлообладнання;начальника світлообладнання;начальнику світлообладнання;начальником світлообладнання;;рядовий, сержантський, старшинський;423;285;;Начальник світлообладнання;Excel, МО 317
начальник секретної бібліотеки;начальника секретної бібліотеки;начальнику секретної бібліотеки;начальником секретної бібліотеки;;рядовий, сержантський, старшинський;297;901;;Начальник секретної бібліотеки;Excel, МО 317
начальник сектору;начальника сектору;начальнику сектору;начальником сектору;;офіцерський;;;;;складено
начальник секції;начальника секції;начальнику секції;начальником секції;;офіцерський;;;;;складено
начальник сигнального поста;начальника сигнального поста;начальнику сигнального поста;начальником сигнального поста;;рядовий, сержантський, старшинський;375;;так;Начальник сигнального поста;Excel, МО 317
начальник складу;начальника складу;начальнику складу;начальником складу;;"рядовий, сержантський, старшинський; офіцерський";427, 428, 535, 536;707, 713, 718, 719, 725, 726, 727, 732, 736, 737, 741, 742, 743;так;Начальник складу (бригади та їй рівних і вище, а також складу, який об'єднує два та більше сховищ) | Начальник складу (окремої роти, батальйону, дивізіону, полку та їм рівних) | Начальник складу (озброєння, ракет і боєприпасів полку, йому рівних і вище) | Начальник складу (озброєння, ракет і боєприпасів батальйону, роти та їм рівних);Excel, МО 317, складено
начальник служби;начальника служби;начальнику служби;начальником служби;;"рядовий, сержантський, старшинський; офіцерський";432;;так;Начальник служби;Excel, МО 317, складено
начальник служби пального;начальника служби пального;начальнику служби пального;начальником служби пального;;офіцерський;;;;;складено
начальник служби радіаційного, хімічного, біологічного захисту;начальника служби радіаційного, хімічного, біологічного захисту;начальнику служби радіаційного, хімічного, біологічного захисту;начальником служби радіаційного, хімічного, біологічного захисту;;офіцерський;;;;;складено
начальник слюсарно-механічної групи;начальника слюсарно-механічної групи;начальнику слюсарно-механічної групи;начальником слюсарно-механічної групи;;рядовий, сержантський, старшинський;431;220, 221, 223;;Начальник слюсарно-механічної групи;Excel, МО 317
начальник спортивної бази;начальника спортивної бази;начальнику спортивної бази;начальником спортивної бази;;рядовий, сержантський, старшинський;433;906;;Начальник спортивної бази;Excel, МО 317
начальник станції;начальника станції;начальнику станції;начальником станції;;офіцерський;;;;;складено
начальник станції гучномовного зв'язку;начальника станції гучномовного зв'язку;начальнику станції гучномовного зв'язку;начальником станції гучномовного зв'язку;;рядовий, сержантський, старшинський;443;615, 616, 617, 913;;Начальник станції гучномовного зв'язку;Excel, МО 317
начальник станції дегазації;начальника станції дегазації;начальнику станції дегазації;начальником станції дегазації;;рядовий, сержантський, старшинський;444;189;;Начальник станції дегазації;Excel, МО 317
начальник станції перешкод;начальника станції перешкод;начальнику станції перешкод;начальником станції перешкод;;рядовий, сержантський, старшинський;462, 471, 463, 470;538, 539, 540, 549, 550, 551, 552, 553, 554;;Начальник станції перешкод (великої потужності) | Начальник станції перешкод (середньої потужності) | Начальник станції перешкод (малої потужності) | Начальник станції перешкод (автоматизованої);МО 317
начальник станції посадки літаків;начальника станції посадки літаків;начальнику станції посадки літаків;начальником станції посадки літаків;;рядовий, сержантський, старшинський;464;525;;Начальник станції посадки літаків;Excel, МО 317
начальник станції радіорозвідки;начальника станції радіорозвідки;начальнику станції радіорозвідки;начальником станції радіорозвідки;;рядовий, сержантський, старшинський;474, 494;446, 600;;Начальник станції радіорозвідки | Начальник станції радіорозвідки (автоматизованої);Excel, МО 317
начальник станції регенерації;начальника станції регенерації;начальнику станції регенерації;начальником станції регенерації;;рядовий, сержантський, старшинський;477;766;;Начальник станції регенерації;Excel, МО 317
начальник станції системи єдиного часу;начальника станції системи єдиного часу;начальнику станції системи єдиного часу;начальником станції системи єдиного часу;;рядовий, сержантський, старшинський;479;643;;Начальник станції системи єдиного часу;Excel, МО 317
начальник станції складання та перевірки ракет;начальника станції складання та перевірки ракет;начальнику станції складання та перевірки ракет;начальником станції складання та перевірки ракет;;рядовий, сержантський, старшинський;478;702, 703, 704, 705, 706, 707, 726, 727, 732;;Начальник станції складання та перевірки ракет;МО 317
начальник станції технічного контролю;начальника станції технічного контролю;начальнику станції технічного контролю;начальником станції технічного контролю;;рядовий, сержантський, старшинський;493;544;;Начальник станції технічного контролю;Excel, МО 317
начальник станції фіксації;начальника станції фіксації;начальнику станції фіксації;начальником станції фіксації;;рядовий, сержантський, старшинський;449;188;;Начальник станції фіксації (ядерних вибухів);МО 317
начальник стрільбища;начальника стрільбища;начальнику стрільбища;начальником стрільбища;;рядовий, сержантський, старшинський;501;100;;Начальник стрільбища;Excel, МО 317
начальник сховища;начальника сховища;начальнику сховища;начальником сховища;;рядовий, сержантський, старшинський;504, 525;707, 713, 718, 719, 721, 726, 727, 732, 737;так;Начальник сховища | Начальник сховища (ракетно-артилерійського, стрілецького озброєння та боєприпасів);Excel, МО 317
начальник тактичної системи радіорозвідки та пеленгування;начальника тактичної системи радіорозвідки та пеленгування;начальнику тактичної системи радіорозвідки та пеленгування;начальником тактичної системи радіорозвідки та пеленгування;;рядовий, сержантський, старшинський;566;555;;Начальник тактичної системи радіорозвідки та пеленгування;Excel, МО 317
начальник танкодрому;начальника танкодрому;начальнику танкодрому;начальником танкодрому;;рядовий, сержантський, старшинський;502;113, 116, 117;;Начальник танкодрому;Excel, МО 317
начальник телеграфної станції;начальника телеграфної станції;начальнику телеграфної станції;начальником телеграфної станції;;рядовий, сержантський, старшинський;480;403;;Начальник телеграфної станції;Excel, МО 317
начальник телеметричного поста;начальника телеметричного поста;начальнику телеметричного поста;начальником телеметричного поста;;рядовий, сержантський, старшинський;377;638;;Начальник телеметричного поста;Excel, МО 317
начальник телеметричної станції;начальника телеметричної станції;начальнику телеметричної станції;начальником телеметричної станції;;рядовий, сержантський, старшинський;481;638, 639, 646;;Начальник телеметричної станції;Excel, МО 317
начальник телефонної станції;начальника телефонної станції;начальнику телефонної станції;начальником телефонної станції;;рядовий, сержантський, старшинський;482;403;;Начальник телефонної станції;Excel, МО 317
начальник теплопеленгувальної станції;начальника теплопеленгувальної станції;начальнику теплопеленгувальної станції;начальником теплопеленгувальної станції;;рядовий, сержантський, старшинський;483;652;;Начальник теплопеленгувальної станції;Excel, МО 317
начальник територіального центру комплектування та соціальної підтримки;начальника територіального центру комплектування та соціальної підтримки;начальнику територіального центру комплектування та соціальної підтримки;начальником територіального центру комплектування та соціальної підтримки;;офіцерський;;;;;складено
начальник тиру;начальника тиру;начальнику тиру;начальником тиру;;рядовий, сержантський, старшинський;505;100, 113, 116, 117;;Начальник тиру;Excel, МО 317
начальник трансформаторної підстанції;начальника трансформаторної підстанції;начальнику трансформаторної підстанції;начальником трансформаторної підстанції;;рядовий, сержантський, старшинський;506;660;;Начальник трансформаторної підстанції;Excel, МО 317
начальник тренажера;начальника тренажера;начальнику тренажера;начальником тренажера;;рядовий, сержантський, старшинський;507;;так;Начальник тренажера;Excel, МО 317
начальник тропосферної станції;начальника тропосферної станції;начальнику тропосферної станції;начальником тропосферної станції;;рядовий, сержантський, старшинський;484;460;;Начальник тропосферної станції;Excel, МО 317
начальник управління;начальника управління;начальнику управління;начальником управління;;"рядовий, сержантський, старшинський; офіцерський";447;929;;Начальник управління (в апараті головного сержанта Збройних Сил України);МО 317, складено
начальник факультету;начальника факультету;начальнику факультету;начальником факультету;;офіцерський;;;;;складено
начальник фототелеграфної станції;начальника фототелеграфної станції;начальнику фототелеграфної станції;начальником фототелеграфної станції;;рядовий, сержантський, старшинський;488;403;;Начальник фототелеграфної станції;Excel, МО 317
начальник фізичної підготовки;начальника фізичної підготовки;начальнику фізичної підготовки;начальником фізичної підготовки;;офіцерський;;;;;складено
начальник фільмотеки;начальника фільмотеки;начальнику фільмотеки;начальником фільмотеки;;рядовий, сержантський, старшинський;519;912;;Начальник фільмотеки;Excel, МО 317
начальник фільтровентиляційної станції;начальника фільтровентиляційної станції;начальнику фільтровентиляційної станції;начальником фільтровентиляційної станції;;рядовий, сержантський, старшинський;487;958, 963;;Начальник фільтровентиляційної станції;Excel, МО 317
начальник фільтрувальної станції;начальника фільтрувальної станції;начальнику фільтрувальної станції;начальником фільтрувальної станції;;рядовий, сержантський, старшинський;486;174;;Начальник фільтрувальної станції;Excel, МО 317
начальник фінансово-економічної служби;начальника фінансово-економічної служби;начальнику фінансово-економічної служби;начальником фінансово-економічної служби;;офіцерський;;;;;складено
начальник фінансової частини;начальника фінансової частини;начальнику фінансової частини;начальником фінансової частини;;рядовий, сержантський, старшинський;520;900, 911;;Начальник фінансової частини (роти, батареї та їм рівних);МО 317
начальник хлібопекарні;начальника хлібопекарні;начальнику хлібопекарні;начальником хлібопекарні;;рядовий, сержантський, старшинський;521;788;;Начальник хлібопекарні;Excel, МО 317
начальник холодильника;начальника холодильника;начальнику холодильника;начальником холодильника;;рядовий, сержантський, старшинський;523;959;;Начальник холодильника;Excel, МО 317
начальник холодильної установки;начальника холодильної установки;начальнику холодильної установки;начальником холодильної установки;;рядовий, сержантський, старшинський;524;959;;Начальник холодильної установки;Excel, МО 317
начальник хімічної служби;начальника хімічної служби;начальнику хімічної служби;начальником хімічної служби;;офіцерський;;;;;складено
начальник центру;начальника центру;начальнику центру;начальником центру;;офіцерський;;;;;складено
начальник центру підготовки сержантського складу;начальника центру підготовки сержантського складу;начальнику центру підготовки сержантського складу;начальником центру підготовки сержантського складу;;рядовий, сержантський, старшинський;418;;так;Начальник Центру підготовки сержантського (старшинського) складу;МО 317
начальник цеху;начальника цеху;начальнику цеху;начальником цеху;;рядовий, сержантський, старшинський;574, 526, 527;702, 703, 706, 707, 726, 727, 732, 746, 789, 797, 798, 977;так;Начальник цеху (з ремонту ракетного озброєння та техніки) | Начальник цеху (з ремонту озброєння та техніки) | Начальник цеху (з ремонту військово-технічного та господарського майна);МО 317
начальник штабу;начальника штабу;начальнику штабу;начальником штабу;;офіцерський;;;;;складено
начальник штабу - перший заступник командира батальйону;начальника штабу - першого заступника командира батальйону;начальнику штабу - першому заступнику командира батальйону;начальником штабу - першим заступником командира батальйону;;офіцерський;;;;;складено
начальник штабу - перший заступник командира батареї;начальника штабу - першого заступника командира батареї;начальнику штабу - першому заступнику командира батареї;начальником штабу - першим заступником командира батареї;;офіцерський;;;;;складено
начальник штабу - перший заступник командира бригади;начальника штабу - першого заступника командира бригади;начальнику штабу - першому заступнику командира бригади;начальником штабу - першим заступником командира бригади;;офіцерський;;;;;складено
начальник штабу - перший заступник командира військової частини;начальника штабу - першого заступника командира військової частини;начальнику штабу - першому заступнику командира військової частини;начальником штабу - першим заступником командира військової частини;;офіцерський;;;;;складено
начальник штабу - перший заступник командира дивізіону;начальника штабу - першого заступника командира дивізіону;начальнику штабу - першому заступнику командира дивізіону;начальником штабу - першим заступником командира дивізіону;;офіцерський;;;;;складено
начальник штабу - перший заступник командира полку;начальника штабу - першого заступника командира полку;начальнику штабу - першому заступнику командира полку;начальником штабу - першим заступником командира полку;;офіцерський;;;;;складено
начальник штабу - перший заступник командира роти;начальника штабу - першого заступника командира роти;начальнику штабу - першому заступнику командира роти;начальником штабу - першим заступником командира роти;;офіцерський;;;;;складено
начальник штабу батальйону;начальника штабу батальйону;начальнику штабу батальйону;начальником штабу батальйону;;офіцерський;;;;;складено
начальник штабу батареї;начальника штабу батареї;начальнику штабу батареї;начальником штабу батареї;;офіцерський;;;;;складено
начальник штабу бригади;начальника штабу бригади;начальнику штабу бригади;начальником штабу бригади;;офіцерський;;;;;складено
начальник штабу взводу;начальника штабу взводу;начальнику штабу взводу;начальником штабу взводу;;офіцерський;;;;;складено
начальник штабу відділення;начальника штабу відділення;начальнику штабу відділення;начальником штабу відділення;;офіцерський;;;;;складено
начальник штабу військової частини;начальника штабу військової частини;начальнику штабу військової частини;начальником штабу військової частини;;офіцерський;;;;;складено
начальник штабу групи;начальника штабу групи;начальнику штабу групи;начальником штабу групи;;офіцерський;;;;;складено
начальник штабу дивізіону;начальника штабу дивізіону;начальнику штабу дивізіону;начальником штабу дивізіону;;офіцерський;;;;;складено
начальник штабу екіпажу;начальника штабу екіпажу;начальнику штабу екіпажу;начальником штабу екіпажу;;офіцерський;;;;;складено
начальник штабу ескадрильї;начальника штабу ескадрильї;начальнику штабу ескадрильї;начальником штабу ескадрильї;;офіцерський;;;;;складено
начальник штабу загону;начальника штабу загону;начальнику штабу загону;начальником штабу загону;;офіцерський;;;;;складено
начальник штабу командування;начальника штабу командування;начальнику штабу командування;начальником штабу командування;;офіцерський;;;;;складено
начальник штабу корпусу;начальника штабу корпусу;начальнику штабу корпусу;начальником штабу корпусу;;офіцерський;;;;;складено
начальник штабу ланки;начальника штабу ланки;начальнику штабу ланки;начальником штабу ланки;;офіцерський;;;;;складено
начальник штабу полку;начальника штабу полку;начальнику штабу полку;начальником штабу полку;;офіцерський;;;;;складено
начальник штабу роти;начальника штабу роти;начальнику штабу роти;начальником штабу роти;;офіцерський;;;;;складено
начальник щитової станції;начальника щитової станції;начальнику щитової станції;начальником щитової станції;;рядовий, сержантський, старшинський;489;303;;Начальник щитової станції;Excel, МО 317
начальник інженерної служби;начальника інженерної служби;начальнику інженерної служби;начальником інженерної служби;;офіцерський;;;;;складено
начальник інспекції;начальника інспекції;начальнику інспекції;начальником інспекції;;офіцерський;;;;;складено
начальник інформаційно-аналітичної групи;начальника інформаційно-аналітичної групи;начальнику інформаційно-аналітичної групи;начальником інформаційно-аналітичної групи;;рядовий, сержантський, старшинський;288, 715;600, 904;;Начальник інформаційно-аналітичної групи (полку, бригади та їм рівних) | Начальник інформаційно-аналітичної групи (окремого батальйону, дивізіону та їм рівних);МО 317
начальник інформаційного поста;начальника інформаційного поста;начальнику інформаційного поста;начальником інформаційного поста;;рядовий, сержантський, старшинський;358;;так;Начальник інформаційного поста;Excel, МО 317
начальник їдальні;начальника їдальні;начальнику їдальні;начальником їдальні;;рядовий, сержантський, старшинський;499, 500;788;;Начальник їдальні (полку чи йому рівних і вище) | Начальник їдальні (батальйону, роти чи їм рівних);МО 317
номер;номера;номеру;номером;;рядовий, сержантський, старшинський;;;;;Excel
номер обслуги;номера обслуги;номеру обслуги;номером обслуги;;рядовий, сержантський, старшинський;533;;так;Номер обслуги;Excel, МО 317
нормувальник;нормувальника;нормувальнику;нормувальником;;рядовий, сержантський, старшинський;534;;так;Нормувальник;Excel, МО 317
оббивальник;оббивальника;оббивальнику;оббивальником;;рядовий, сержантський, старшинський;538;;так;Оббивальник;Excel, МО 317
обмотувальник;обмотувальника;обмотувальнику;обмотувальником;;рядовий, сержантський, старшинський;537;;так;Обмотувальник;Excel, МО 317
обчислювач;обчислювача;обчислювачу;обчислювачем;;рядовий, сержантський, старшинський;045;;так;Обчислювач;Excel, МО 317
оглядач;оглядача;оглядачу;оглядачем;;рядовий, сержантський, старшинський;546;;так;Оглядач;Excel, МО 317
оксидувальник;оксидувальника;оксидувальнику;оксидувальником;;рядовий, сержантський, старшинський;541;972;;Оксидувальник;Excel, МО 317
оперативний черговий;оперативного чергового;оперативному черговому;оперативним черговим;;офіцерський;;;;;складено
оператор;оператора;оператору;оператором;;рядовий, сержантський, старшинський;542, 543, 930, 931, 932, 934;107, 108, 111, 128, 146, 156, 157, 163, 178, 183, 225, 247, 381, 382, 383, 384, 385, 500, 501, 502, 503, 504, 505, 506, 507, 508, 515, 525, 526, 527, 528, 529, 530, 531, 532, 533, 538, 539, 540, 541, 542, 543, 544, 545, 555, 602, 605;так;Оператор (приладів наведення авіації, радіотехнічних станцій ближньої навігації та систем посадки літаків, радіоелектронного подавлення безпілотних літальних апаратів) | Оператор | Оператор (з озброєння) (військових частин і підрозділів спеціального призначення, спеціальних операцій та спеціальної розвідки) | Оператор (з інженерної справи) (військових частин і підрозділів спеціального призначення, спеціальних операцій та спеціальної розвідки) | Оператор (із зв’язку) (військових частин і підрозділів спеціального призначення, спеціальних операцій та спеціальної розвідки) | Оператор (з медицини) (військових частин і підрозділів спеціального призначення, спеціальних операцій та спеціальної розвідки);Excel, МО 317
оператор безпілотних літальних апаратів;оператора безпілотних літальних апаратів;оператору безпілотних літальних апаратів;оператором безпілотних літальних апаратів;;рядовий, сержантський, старшинський;671, 121, 800;216, 217, 218, 219;;Оператор безпілотних літальних апаратів (мікро та міні) | Оператор безпілотних літальних апаратів (малі) | Оператор безпілотних літальних апаратів (з реактивним двигуном);МО 317
оператор-гранатометник;оператора-гранатометника;оператору-гранатометнику;оператором-гранатометником;;рядовий, сержантський, старшинський;;;;;Excel
оператор-експедитор;оператора-експедитора;оператору-експедитору;оператором-експедитором;;рядовий, сержантський, старшинський;;;;;Excel
оператор-електрик;оператора-електрика;оператору-електрику;оператором-електриком;;рядовий, сержантський, старшинський;;;;;Excel
оператор-кулеметник;оператора-кулеметника;оператору-кулеметнику;оператором-кулеметником;;рядовий, сержантський, старшинський;;;;;Excel
оператор-лінійний наглядач;оператора-лінійного наглядача;оператору-лінійному наглядачу;оператором-лінійним наглядачем;;рядовий, сержантський, старшинський;;;;;Excel
оператор-механік;оператора-механіка;оператору-механіку;оператором-механіком;;рядовий, сержантський, старшинський;;;;;Excel
оператор-номер;оператора-номера;оператору-номеру;оператором-номером;;рядовий, сержантський, старшинський;;;;;Excel
оператор-обчислювач;оператора-обчислювача;оператору-обчислювачу;оператором-обчислювачем;;рядовий, сержантський, старшинський;;;;;Excel
оператор-планшетист;оператора-планшетиста;оператору-планшетисту;оператором-планшетистом;;рядовий, сержантський, старшинський;;;;;Excel
оператор-радіотелеграфіст;оператора-радіотелеграфіста;оператору-радіотелеграфісту;оператором-радіотелеграфістом;;рядовий, сержантський, старшинський;;;;;Excel
оператор-радіотелефоніст;оператора-радіотелефоніста;оператору-радіотелефоністу;оператором-радіотелефоністом;;рядовий, сержантський, старшинський;;;;;Excel
оператор-розвідник;оператора-розвідника;оператору-розвіднику;оператором-розвідником;;рядовий, сержантський, старшинський;;;;;Excel
оператор-сапер;оператора-сапера;оператору-саперу;оператором-сапером;;рядовий, сержантський, старшинський;;;;;Excel
оператор-топогеодезист;оператора-топогеодезиста;оператору-топогеодезисту;оператором-топогеодезистом;;рядовий, сержантський, старшинський;;;;;Excel
оператор-фотограмметрист;оператора-фотограмметриста;оператору-фотограмметристу;оператором-фотограмметристом;;рядовий, сержантський, старшинський;;;;;Excel
оператора-лінійний наглядач;оператори-лінійного наглядача;операторі-лінійному наглядачу;операторою-лінійним наглядачем;оператора-лінійного наглядача;рядовий, сержантський, старшинський;;;;;Excel
оперуповноважений;оперуповноваженого;оперуповноваженому;оперуповноваженим;;офіцерський;;;;;складено
оптик;оптика;оптику;оптиком;;рядовий, сержантський, старшинський;545;;так;Оптик;Excel, МО 317
ординатор;ординатора;ординатору;ординатором;;офіцерський;;;;;складено
офіцер;офіцера;офіцеру;офіцером;;"рядовий, сержантський, старшинський; офіцерський";;;;;Excel, складено
офіцер батальйону;офіцера батальйону;офіцеру батальйону;офіцером батальйону;;офіцерський;;;;;складено
офіцер батареї;офіцера батареї;офіцеру батареї;офіцером батареї;;офіцерський;;;;;складено
офіцер бригади;офіцера бригади;офіцеру бригади;офіцером бригади;;офіцерський;;;;;складено
офіцер взводу;офіцера взводу;офіцеру взводу;офіцером взводу;;офіцерський;;;;;складено
офіцер відділення;офіцера відділення;офіцеру відділення;офіцером відділення;;офіцерський;;;;;складено
офіцер відділу;офіцера відділу;офіцеру відділу;офіцером відділу;;офіцерський;;;;;складено
офіцер військової частини;офіцера військової частини;офіцеру військової частини;офіцером військової частини;;офіцерський;;;;;складено
офіцер групи;офіцера групи;офіцеру групи;офіцером групи;;офіцерський;;;;;складено
офіцер дивізіону;офіцера дивізіону;офіцеру дивізіону;офіцером дивізіону;;офіцерський;;;;;складено
офіцер екіпажу;офіцера екіпажу;офіцеру екіпажу;офіцером екіпажу;;офіцерський;;;;;складено
офіцер ескадрильї;офіцера ескадрильї;офіцеру ескадрильї;офіцером ескадрильї;;офіцерський;;;;;складено
офіцер загону;офіцера загону;офіцеру загону;офіцером загону;;офіцерський;;;;;складено
офіцер командування;офіцера командування;офіцеру командування;офіцером командування;;офіцерський;;;;;складено
офіцер корпусу;офіцера корпусу;офіцеру корпусу;офіцером корпусу;;офіцерський;;;;;складено
офіцер ланки;офіцера ланки;офіцеру ланки;офіцером ланки;;офіцерський;;;;;складено
офіцер напряму;офіцера напряму;офіцеру напряму;офіцером напряму;;офіцерський;;;;;складено
офіцер полку;офіцера полку;офіцеру полку;офіцером полку;;офіцерський;;;;;складено
офіцер резерву;офіцера резерву;офіцеру резерву;офіцером резерву;;рядовий, сержантський, старшинський;;;;;Excel
офіцер роти;офіцера роти;офіцеру роти;офіцером роти;;офіцерський;;;;;складено
офіцер сектору;офіцера сектору;офіцеру сектору;офіцером сектору;;офіцерський;;;;;складено
офіцер секції;офіцера секції;офіцеру секції;офіцером секції;;офіцерський;;;;;складено
офіцер служби;офіцера служби;офіцеру служби;офіцером служби;;офіцерський;;;;;складено
офіцер управління;офіцера управління;офіцеру управління;офіцером управління;;офіцерський;;;;;складено
офіцер центру;офіцера центру;офіцеру центру;офіцером центру;;офіцерський;;;;;складено
офіцер штабу;офіцера штабу;офіцеру штабу;офіцером штабу;;офіцерський;;;;;складено
офіцер-психолог;офіцера-психолога;офіцеру-психологу;офіцером-психологом;;офіцерський;;;;;складено
палітурник;палітурника;палітурнику;палітурником;;рядовий, сержантський, старшинський;559;922;;Палітурник;Excel, МО 317
парашутист - укладальник парашутів;парашутиста - укладальника парашутів;парашутисту - укладальнику парашутів;парашутистом - укладальником парашутів;;рядовий, сержантський, старшинський;551;212;;Парашутист - укладальник парашутів;МО 317
паркетник;паркетника;паркетнику;паркетником;;рядовий, сержантський, старшинський;553;956;;Паркетник;Excel, МО 317
паропровідник;паропровідника;паропровіднику;паропровідником;;рядовий, сержантський, старшинський;554;960;;Паропровідник;Excel, МО 317
паропровідник-кочегар;паропровідника-кочегара;паропровіднику-кочегару;паропровідником-кочегаром;;рядовий, сержантський, старшинський;;;;;Excel
парусник;парусника;паруснику;парусником;;рядовий, сержантський, старшинський;555;746;;Парусник;Excel, МО 317
пекар;пекаря;пекарю;пекарем;пекаром;рядовий, сержантський, старшинський;557;788;;Пекар;Excel, МО 317
перекладач;перекладача;перекладачу;перекладачем;;"рядовий, сержантський, старшинський; офіцерський";558;914;;Перекладач;Excel, МО 317, складено
перукар;перукара;перукару;перукаром;;рядовий, сержантський, старшинський;552;789;;Перукар;Excel, МО 317
перший заступник командира батальйону;першого заступника командира батальйону;першому заступнику командира батальйону;першим заступником командира батальйону;;офіцерський;;;;;складено
перший заступник командира батареї;першого заступника командира батареї;першому заступнику командира батареї;першим заступником командира батареї;;офіцерський;;;;;складено
перший заступник командира бригади;першого заступника командира бригади;першому заступнику командира бригади;першим заступником командира бригади;;офіцерський;;;;;складено
перший заступник командира взводу;першого заступника командира взводу;першому заступнику командира взводу;першим заступником командира взводу;;офіцерський;;;;;складено
перший заступник командира відділення;першого заступника командира відділення;першому заступнику командира відділення;першим заступником командира відділення;;офіцерський;;;;;складено
перший заступник командира військової частини;першого заступника командира військової частини;першому заступнику командира військової частини;першим заступником командира військової частини;;офіцерський;;;;;складено
перший заступник командира групи;першого заступника командира групи;першому заступнику командира групи;першим заступником командира групи;;офіцерський;;;;;складено
перший заступник командира дивізіону;першого заступника командира дивізіону;першому заступнику командира дивізіону;першим заступником командира дивізіону;;офіцерський;;;;;складено
перший заступник командира екіпажу;першого заступника командира екіпажу;першому заступнику командира екіпажу;першим заступником командира екіпажу;;офіцерський;;;;;складено
перший заступник командира ескадрильї;першого заступника командира ескадрильї;першому заступнику командира ескадрильї;першим заступником командира ескадрильї;;офіцерський;;;;;складено
перший заступник командира загону;першого заступника командира загону;першому заступнику командира загону;першим заступником командира загону;;офіцерський;;;;;складено
перший заступник командира командування;першого заступника командира командування;першому заступнику командира командування;першим заступником командира командування;;офіцерський;;;;;складено
перший заступник командира корпусу;першого заступника командира корпусу;першому заступнику командира корпусу;першим заступником командира корпусу;;офіцерський;;;;;складено
перший заступник командира ланки;першого заступника командира ланки;першому заступнику командира ланки;першим заступником командира ланки;;офіцерський;;;;;складено
перший заступник командира полку;першого заступника командира полку;першому заступнику командира полку;першим заступником командира полку;;офіцерський;;;;;складено
перший заступник командира роти;першого заступника командира роти;першому заступнику командира роти;першим заступником командира роти;;офіцерський;;;;;складено
перший заступник командувача;першого заступника командувача;першому заступнику командувача;першим заступником командувача;;офіцерський;;;;;складено
пилостав;пилостава;пилоставу;пилоставом;;рядовий, сержантський, старшинський;563;171, 798;;Пилостав;Excel, МО 317
пиляр;пиляра;пиляру;пиляром;;рядовий, сержантський, старшинський;565;171, 798;;Пиляр;Excel, МО 317
пиляр-маскувальник;пиляра-маскувальника;пиляру-маскувальнику;пиляром-маскувальником;;рядовий, сержантський, старшинський;;;;;Excel
планшетист;планшетиста;планшетисту;планшетистом;;рядовий, сержантський, старшинський;567;;так;Планшетист;Excel, МО 317
повітряний радист;повітряного радиста;повітряному радисту;повітряним радистом;;рядовий, сержантський, старшинський;041;220, 221, 223;;Повітряний радист;Excel, МО 317
повітряний стрілець;повітряного стрільця;повітряному стрільцю;повітряним стрільцем;повітряним стрілецем;рядовий, сержантський, старшинський;042;220, 221, 223;;Повітряний стрілець;Excel, МО 317
повітряний стрілець - радист;повітряного стрільця - радиста;повітряному стрільцю - радисту;повітряним стрільцем - радистом;;рядовий, сержантський, старшинський;043;220, 221, 223;;Повітряний стрілець - радист;МО 317
пожежний;пожежного;пожежному;пожежним;;рядовий, сержантський, старшинський;570;967;;Пожежний;Excel, МО 317
пожежний-респіраторник;пожежного-респіраторника;пожежному-респіраторнику;пожежним-респіраторником;;рядовий, сержантський, старшинський;550;967;;Пожежний-респіраторник;Excel, МО 317
пожежник;пожежника;пожежнику;пожежником;;рядовий, сержантський, старшинський;;;;;Excel
покрівельник;покрівельника;покрівельнику;покрівельником;;рядовий, сержантський, старшинський;212;956;;Покрівельник;Excel, МО 317
полірувальник;полірувальника;полірувальнику;полірувальником;;рядовий, сержантський, старшинський;571;793, 972;;Полірувальник;Excel, МО 317
помічник;помічника;помічнику;помічником;;рядовий, сержантський, старшинський;;;;;Excel
помічник вихователя;помічника вихователя;помічнику вихователя;помічником вихователя;;рядовий, сержантський, старшинський;573;100;;Помічник вихователя (у військових ліцеях);МО 317
помічник водія дрезини;помічника водія дрезини;помічнику водія дрезини;помічником водія дрезини;;рядовий, сержантський, старшинський;572;953;;Помічник водія дрезини;Excel, МО 317
помічник військового капелана;помічника військового капелана;помічнику військового капелана;помічником військового капелана;;рядовий, сержантський, старшинський;582;916;;Помічник військового капелана;Excel, МО 317
помічник гранатометника;помічника гранатометника;помічнику гранатометника;помічником гранатометника;;рядовий, сержантський, старшинський;630;102, 103;;Помічник гранатометника;Excel, МО 317
помічник командира;помічника командира;помічнику командира;помічником командира;;офіцерський;;;;;складено
помічник командира артилерійського катера;помічника командира артилерійського катера;помічнику командира артилерійського катера;помічником командира артилерійського катера;;рядовий, сержантський, старшинський;575;300;;Помічник командира артилерійського катера;Excel, МО 317
помічник командира батальйону;помічника командира батальйону;помічнику командира батальйону;помічником командира батальйону;;офіцерський;;;;;складено
помічник командира батареї;помічника командира батареї;помічнику командира батареї;помічником командира батареї;;офіцерський;;;;;складено
помічник командира бригади;помічника командира бригади;помічнику командира бригади;помічником командира бригади;;офіцерський;;;;;складено
помічник командира взводу;помічника командира взводу;помічнику командира взводу;помічником командира взводу;;офіцерський;;;;;складено
помічник командира відділення;помічника командира відділення;помічнику командира відділення;помічником командира відділення;;офіцерський;;;;;складено
помічник командира військової частини;помічника командира військової частини;помічнику командира військової частини;помічником командира військової частини;;офіцерський;;;;;складено
помічник командира групи;помічника командира групи;помічнику командира групи;помічником командира групи;;офіцерський;;;;;складено
помічник командира десантного катера;помічника командира десантного катера;помічнику командира десантного катера;помічником командира десантного катера;;рядовий, сержантський, старшинський;576;300;;Помічник командира десантного катера;Excel, МО 317
помічник командира дивізіону;помічника командира дивізіону;помічнику командира дивізіону;помічником командира дивізіону;;офіцерський;;;;;складено
помічник командира екіпажу;помічника командира екіпажу;помічнику командира екіпажу;помічником командира екіпажу;;офіцерський;;;;;складено
помічник командира ескадрильї;помічника командира ескадрильї;помічнику командира ескадрильї;помічником командира ескадрильї;;офіцерський;;;;;складено
помічник командира загону;помічника командира загону;помічнику командира загону;помічником командира загону;;офіцерський;;;;;складено
помічник командира командування;помічника командира командування;помічнику командира командування;помічником командира командування;;офіцерський;;;;;складено
помічник командира корпусу;помічника командира корпусу;помічнику командира корпусу;помічником командира корпусу;;офіцерський;;;;;складено
помічник командира ланки;помічника командира ланки;помічнику командира ланки;помічником командира ланки;;офіцерський;;;;;складено
помічник командира полку;помічника командира полку;помічнику командира полку;помічником командира полку;;офіцерський;;;;;складено
помічник командира протичовнового катера;помічника командира протичовнового катера;помічнику командира протичовнового катера;помічником командира протичовнового катера;;рядовий, сержантський, старшинський;577;300;;Помічник командира протичовнового катера;Excel, МО 317
помічник командира ракетного катера;помічника командира ракетного катера;помічнику командира ракетного катера;помічником командира ракетного катера;;рядовий, сержантський, старшинський;578;300;;Помічник командира ракетного катера;Excel, МО 317
помічник командира роти;помічника командира роти;помічнику командира роти;помічником командира роти;;офіцерський;;;;;складено
помічник командира торпедного катера;помічника командира торпедного катера;помічнику командира торпедного катера;помічником командира торпедного катера;;рядовий, сержантський, старшинський;579;300;;Помічник командира торпедного катера;Excel, МО 317
помічник командира тральщика;помічника командира тральщика;помічнику командира тральщика;помічником командира тральщика;;рядовий, сержантський, старшинський;580;302;;Помічник командира тральщика (базового, рейдового, річкового);МО 317
помічник командувача;помічника командувача;помічнику командувача;помічником командувача;;офіцерський;;;;;складено
помічник коменданта;помічника коменданта;помічнику коменданта;помічником коменданта;;рядовий, сержантський, старшинський;581;100, 908;;Помічник коменданта;Excel, МО 317
помічник машиніста;помічника машиніста;помічнику машиніста;помічником машиніста;;рядовий, сержантський, старшинський;583;;так;Помічник машиніста (крім помічника машиніста тепловоза);МО 317
помічник машиніста тепловоза;помічника машиніста тепловоза;помічнику машиніста тепловоза;помічником машиніста тепловоза;;рядовий, сержантський, старшинський;586;949;;Помічник машиніста тепловоза;Excel, МО 317
помічник начальника;помічника начальника;помічнику начальника;помічником начальника;;офіцерський;;;;;складено
помічник начальника автодрому;помічника начальника автодрому;помічнику начальника автодрому;помічником начальника автодрому;;рядовий, сержантський, старшинський;588;790;;Помічник начальника автодрому;Excel, МО 317
помічник начальника апарату;помічника начальника апарату;помічнику начальника апарату;помічником начальника апарату;;офіцерський;;;;;складено
помічник начальника бази;помічника начальника бази;помічнику начальника бази;помічником начальника бази;;офіцерський;;;;;складено
помічник начальника варти;помічника начальника варти;помічнику начальника варти;помічником начальника варти;;рядовий, сержантський, старшинський;589;100;;Помічник начальника варти;Excel, МО 317
помічник начальника вузла;помічника начальника вузла;помічнику начальника вузла;помічником начальника вузла;;офіцерський;;;;;складено
помічник начальника відділення;помічника начальника відділення;помічнику начальника відділення;помічником начальника відділення;;"рядовий, сержантський, старшинський; офіцерський";628, 592;485, 901;;Помічник начальника відділення | Помічник начальника відділення (вузла, станції фельд'єгерсько-поштового зв'язку);Excel, МО 317, складено
помічник начальника відділу;помічника начальника відділу;помічнику начальника відділу;помічником начальника відділу;;"рядовий, сержантський, старшинський; офіцерський";602;901;;Помічник начальника відділу;Excel, МО 317, складено
помічник начальника господарчої частини;помічника начальника господарчої частини;помічнику начальника господарчої частини;помічником начальника господарчої частини;;рядовий, сержантський, старшинський;603;787;;Помічник начальника господарчої частини;Excel, МО 317
помічник начальника госпіталю;помічника начальника госпіталю;помічнику начальника госпіталю;помічником начальника госпіталю;;офіцерський;;;;;складено
помічник начальника групи;помічника начальника групи;помічнику начальника групи;помічником начальника групи;;"рядовий, сержантський, старшинський; офіцерський";601;100, 932;;Помічник начальника групи;Excel, МО 317, складено
помічник начальника департаменту;помічника начальника департаменту;помічнику начальника департаменту;помічником начальника департаменту;;офіцерський;;;;;складено
помічник начальника залізничної станції;помічника начальника залізничної станції;помічнику начальника залізничної станції;помічником начальника залізничної станції;;рядовий, сержантський, старшинський;608;948;;Помічник начальника залізничної станції;Excel, МО 317
помічник начальника кафедри;помічника начальника кафедри;помічнику начальника кафедри;помічником начальника кафедри;;офіцерський;;;;;складено
помічник начальника клініки;помічника начальника клініки;помічнику начальника клініки;помічником начальника клініки;;офіцерський;;;;;складено
помічник начальника комендатури;помічника начальника комендатури;помічнику начальника комендатури;помічником начальника комендатури;;офіцерський;;;;;складено
помічник начальника курсу;помічника начальника курсу;помічнику начальника курсу;помічником начальника курсу;;офіцерський;;;;;складено
помічник начальника лабораторії;помічника начальника лабораторії;помічнику начальника лабораторії;помічником начальника лабораторії;;офіцерський;;;;;складено
помічник начальника майстерні;помічника начальника майстерні;помічнику начальника майстерні;помічником начальника майстерні;;офіцерський;;;;;складено
помічник начальника навчального центру;помічника начальника навчального центру;помічнику начальника навчального центру;помічником начальника навчального центру;;офіцерський;;;;;складено
помічник начальника пункту;помічника начальника пункту;помічнику начальника пункту;помічником начальника пункту;;"рядовий, сержантський, старшинський; офіцерський";595;700, 737, 738, 827, 828, 829, 833;;Помічник начальника пункту;Excel, МО 317, складено
помічник начальника радіолокаційної станції;помічника начальника радіолокаційної станції;помічнику начальника радіолокаційної станції;помічником начальника радіолокаційної станції;;рядовий, сержантський, старшинський;612;500, 501, 502, 503, 504, 507, 508, 513, 515, 517, 518, 519, 520, 525, 563, 564;;Помічник начальника радіолокаційної станції;Excel, МО 317
помічник начальника радіорелейної станції;помічника начальника радіорелейної станції;помічнику начальника радіорелейної станції;помічником начальника радіорелейної станції;;рядовий, сержантський, старшинський;611;460;;Помічник начальника радіорелейної станції (тропосферної та багатоканальної);МО 317
помічник начальника радіостанції;помічника начальника радіостанції;помічнику начальника радіостанції;помічником начальника радіостанції;;рядовий, сержантський, старшинський;596;420, 429, 430, 441, 460;;Помічник начальника радіостанції (великої потужності);МО 317
помічник начальника сектору;помічника начальника сектору;помічнику начальника сектору;помічником начальника сектору;;офіцерський;;;;;складено
помічник начальника секції;помічника начальника секції;помічнику начальника секції;помічником начальника секції;;офіцерський;;;;;складено
помічник начальника складу;помічника начальника складу;помічнику начальника складу;помічником начальника складу;;офіцерський;;;;;складено
помічник начальника служби;помічника начальника служби;помічнику начальника служби;помічником начальника служби;;"рядовий, сержантський, старшинський; офіцерський";598;220, 221, 223, 233, 234, 235, 236, 237, 238, 244, 250, 251, 255, 707, 766, 787, 788, 789, 900, 966;;Помічник начальника служби;Excel, МО 317, складено
помічник начальника станції;помічника начальника станції;помічнику начальника станції;помічником начальника станції;;офіцерський;;;;;складено
помічник начальника станції перешкод;помічника начальника станції перешкод;помічнику начальника станції перешкод;помічником начальника станції перешкод;;рядовий, сержантський, старшинський;613;538, 539, 540, 549, 550, 551, 552, 553, 554;;Помічник начальника станції перешкод (великої потужності, автоматизованої);МО 317
помічник начальника станції посадки літаків;помічника начальника станції посадки літаків;помічнику начальника станції посадки літаків;помічником начальника станції посадки літаків;;рядовий, сержантський, старшинський;610;525;;Помічник начальника станції посадки літаків;Excel, МО 317
помічник начальника станції фельд'єгерсько-поштового зв'язку;помічника начальника станції фельд'єгерсько-поштового зв'язку;помічнику начальника станції фельд'єгерсько-поштового зв'язку;помічником начальника станції фельд'єгерсько-поштового зв'язку;;рядовий, сержантський, старшинський;614;485;;Помічник начальника станції фельд'єгерсько-поштового зв'язку;Excel, МО 317
помічник начальника територіального центру комплектування та соціальної підтримки;помічника начальника територіального центру комплектування та соціальної підтримки;помічнику начальника територіального центру комплектування та соціальної підтримки;помічником начальника територіального центру комплектування та соціальної підтримки;;офіцерський;;;;;складено
помічник начальника технічної частини;помічника начальника технічної частини;помічнику начальника технічної частини;помічником начальника технічної частини;;рядовий, сержантський, старшинський;600;220, 221, 223, 707, 766;;Помічник начальника технічної частини;Excel, МО 317
помічник начальника управління;помічника начальника управління;помічнику начальника управління;помічником начальника управління;;офіцерський;;;;;складено
помічник начальника факультету;помічника начальника факультету;помічнику начальника факультету;помічником начальника факультету;;офіцерський;;;;;складено
помічник начальника центру;помічника начальника центру;помічнику начальника центру;помічником начальника центру;;офіцерський;;;;;складено
помічник начальника штабу;помічника начальника штабу;помічнику начальника штабу;помічником начальника штабу;;офіцерський;;;;;складено
помічник начальника штабу батальйону;помічника начальника штабу батальйону;помічнику начальника штабу батальйону;помічником начальника штабу батальйону;;офіцерський;;;;;складено
помічник начальника штабу бригади;помічника начальника штабу бригади;помічнику начальника штабу бригади;помічником начальника штабу бригади;;офіцерський;;;;;складено
помічник начальника штабу полку;помічника начальника штабу полку;помічнику начальника штабу полку;помічником начальника штабу полку;;офіцерський;;;;;складено
помічник начальника інспекції;помічника начальника інспекції;помічнику начальника інспекції;помічником начальника інспекції;;офіцерський;;;;;складено
помічник оперативного чергового;помічника оперативного чергового;помічнику оперативного чергового;помічником оперативного чергового;;"рядовий, сержантський, старшинський; офіцерський";615;211, 615;;Помічник оперативного чергового (по командному пункту);МО 317, складено
понтонер;понтонера;понтонеру;понтонером;;рядовий, сержантський, старшинський;618;167;;Понтонер;Excel, МО 317
пошуковець;пошуковця;пошуковцю;пошуковцем;;рядовий, сержантський, старшинський;620;205, 206;;Пошуковець;Excel, МО 317
прийомоздавальник вантажу та багажу;прийомоздавальника вантажу та багажу;прийомоздавальнику вантажу та багажу;прийомоздавальником вантажу та багажу;;рядовий, сержантський, старшинський;622;;так;Прийомоздавальник вантажу та багажу;Excel, МО 317
приладник;приладника;приладнику;приладником;;рядовий, сержантський, старшинський;617, 621;162, 600, 602, 603, 604, 721, 754, 759, 800, 801, 805;;Приладник (зенітної артилерії) | Приладник;Excel, МО 317
провідний бухгалтер;провідного бухгалтера;провідному бухгалтеру;провідним бухгалтером;;рядовий, сержантський, старшинський;093;900, 911;;Провідний бухгалтер;Excel, МО 317
провідний науковий співробітник;провідного наукового співробітника;провідному науковому співробітнику;провідним науковим співробітником;;офіцерський;;;;;складено
провідний інженер;провідного інженера;провідному інженеру;провідним інженером;;офіцерський;;;;;складено
прожекторист;прожекториста;прожектористу;прожектористом;;рядовий, сержантський, старшинський;624;665;;Прожекторист;Excel, МО 317
прокатник;прокатника;прокатнику;прокатником;;рядовий, сержантський, старшинський;625;793, 794;;Прокатник;Excel, МО 317
професор;професора;професору;професором;;офіцерський;;;;;складено
психолог;психолога;психологу;психологом;;офіцерський;;;;;складено
піскоструминник;піскоструминника;піскоструминнику;піскоструминником;;рядовий, сержантський, старшинський;560;793;;Піскоструминник;Excel, МО 317
пічник;пічника;пічнику;пічником;;рядовий, сержантський, старшинський;562;956;;Пічник;Excel, МО 317
радист;радиста;радисту;радистом;;рядовий, сержантський, старшинський;632, 642;441, 443;так;Радист (військових частин і підрозділів спеціального призначення, спеціальної розвідки) | Радист;Excel, МО 317
радист-кодувальник;радиста-кодувальника;радисту-кодувальнику;радистом-кодувальником;;рядовий, сержантський, старшинський;643;;так;Радист-кодувальник;Excel, МО 317
радіозондист;радіозондиста;радіозондисту;радіозондистом;;рядовий, сержантський, старшинський;638;520;;Радіозондист;Excel, МО 317
радіометрист;радіометриста;радіометристу;радіометристом;;рядовий, сержантський, старшинський;644;;так;Радіометрист;Excel, МО 317
радіомінер;радіомінера;радіомінеру;радіомінером;;рядовий, сержантський, старшинський;639;183;;Радіомінер;Excel, МО 317
радіотелеграфіст;радіотелеграфіста;радіотелеграфісту;радіотелеграфістом;;рядовий, сержантський, старшинський;640;420, 429, 441, 450, 451, 453, 474, 538;;Радіотелеграфіст;Excel, МО 317
радіотелефоніст;радіотелефоніста;радіотелефоністу;радіотелефоністом;;рядовий, сержантський, старшинський;641;403, 420, 474;;Радіотелефоніст;Excel, МО 317
радіотелефоніст-електрик;радіотелефоніста-електрика;радіотелефоністу-електрику;радіотелефоністом-електриком;;рядовий, сержантський, старшинський;;;;;Excel
радіотелефоніст-лінійний наглядач;радіотелефоніста-лінійного наглядача;радіотелефоністу-лінійному наглядачу;радіотелефоністом-лінійним наглядачем;;рядовий, сержантський, старшинський;;;;;Excel
радіотелефоніст-планшетист;радіотелефоніста-планшетиста;радіотелефоністу-планшетисту;радіотелефоністом-планшетистом;;рядовий, сержантський, старшинський;;;;;Excel
рамник;рамника;рамнику;рамником;;рядовий, сержантський, старшинський;645;798, 956;;Рамник;Excel, МО 317
регулювальник;регулювальника;регулювальнику;регулювальником;;рядовий, сержантський, старшинський;648;907;;Регулювальник;Excel, МО 317
рекрутер;рекрутера;рекрутеру;рекрутером;;рядовий, сержантський, старшинський;112;929;;Рекрутер;Excel, МО 317
рентгенолаборант;рентгенолаборанта;рентгенолаборанту;рентгенолаборантом;;рядовий, сержантський, старшинський;649;879;;Рентгенолаборант;Excel, МО 317
рентгенотехнік;рентгенотехніка;рентгенотехніку;рентгенотехніком;;рядовий, сержантський, старшинський;650;879;;Рентгенотехнік;Excel, МО 317
ретушер;ретушера;ретушеру;ретушером;;рядовий, сержантський, старшинський;651;922, 923;;Ретушер;Excel, МО 317
робітник підсобний;робітника підсобного;робітнику підсобному;робітником підсобним;;рядовий, сержантський, старшинський;647;;так;Робітник підсобний;Excel, МО 317
розвідник;розвідника;розвіднику;розвідником;;рядовий, сержантський, старшинський;646, 654;106, 107, 108, 146, 161, 168, 187, 381, 382, 383, 384, 385, 626;;Розвідник | Розвідник (військових частин і підрозділів спеціального призначення, спеціальної розвідки);Excel, МО 317
розвідник-водолаз;розвідника-водолаза;розвіднику-водолазу;розвідником-водолазом;;рядовий, сержантський, старшинський;907;108;;Розвідник-водолаз;Excel, МО 317
розвідник-далекомірник;розвідника-далекомірника;розвіднику-далекомірнику;розвідником-далекомірником;;рядовий, сержантський, старшинський;;;;;Excel
розвідник-кулеметник;розвідника-кулеметника;розвіднику-кулеметнику;розвідником-кулеметником;;рядовий, сержантський, старшинський;;;;;Excel
розвідник-мінер;розвідника-мінера;розвіднику-мінеру;розвідником-мінером;;рядовий, сержантський, старшинський;;;;;Excel
розвідник-навідник;розвідника-навідника;розвіднику-навіднику;розвідником-навідником;;рядовий, сержантський, старшинський;;;;;Excel
розвідник-номер;розвідника-номера;розвіднику-номеру;розвідником-номером;;рядовий, сержантський, старшинський;;;;;Excel
розвідник-оператор;розвідника-оператора;розвіднику-оператору;розвідником-оператором;;рядовий, сержантський, старшинський;;;;;Excel
розвідник-помічник;розвідника-помічника;розвіднику-помічнику;розвідником-помічником;;рядовий, сержантський, старшинський;;;;;Excel
розвідник-радист;розвідника-радиста;розвіднику-радисту;розвідником-радистом;;рядовий, сержантський, старшинський;;;;;Excel
розвідник-радіотелефоніст;розвідника-радіотелефоніста;розвіднику-радіотелефоністу;розвідником-радіотелефоністом;;рядовий, сержантський, старшинський;;;;;Excel
розвідник-санітар;розвідника-санітара;розвіднику-санітару;розвідником-санітаром;;рядовий, сержантський, старшинський;;;;;Excel
розвідник-сапер;розвідника-сапера;розвіднику-саперу;розвідником-сапером;;рядовий, сержантський, старшинський;;;;;Excel
розвідник-інструктор;розвідника-інструктора;розвіднику-інструктору;розвідником-інструктором;;рядовий, сержантський, старшинський;908;108;;Розвідник-інструктор;Excel, МО 317
рульовий;рульового;рульовому;рульовим;;рядовий, сержантський, старшинський;652;300;;Рульовий;Excel, МО 317
рульовий-сигнальник;рульового-сигнальника;рульовому-сигнальнику;рульовим-сигнальником;;рядовий, сержантський, старшинський;653;300, 302;;Рульовий-сигнальник;Excel, МО 317
рятувальник;рятувальника;рятувальнику;рятувальником;;рядовий, сержантський, старшинський;678;200, 203;;Рятувальник;Excel, МО 317
санітар;санітара;санітару;санітаром;;рядовий, сержантський, старшинський;658;878, 884;;Санітар;Excel, МО 317
санітар-радіотелефоніст;санітара-радіотелефоніста;санітару-радіотелефоністу;санітаром-радіотелефоністом;;рядовий, сержантський, старшинський;;;;;Excel
санітарний інструктор;санітарного інструктора;санітарному інструктору;санітарним інструктором;;рядовий, сержантський, старшинський;659;879;;Санітарний інструктор;Excel, МО 317
санітарний інструктор-дезінфектор;санітарного інструктора-дезінфектора;санітарному інструктору-дезінфектору;санітарним інструктором-дезінфектором;;рядовий, сержантський, старшинський;660;879;;Санітарний інструктор-дезінфектор;Excel, МО 317
санітарний інструктор-дозиметрист;санітарного інструктора-дозиметриста;санітарному інструктору-дозиметристу;санітарним інструктором-дозиметристом;;рядовий, сержантський, старшинський;661;879;;Санітарний інструктор-дозиметрист;Excel, МО 317
санітарний інструктор-радіотелефоніст;санітарного інструктора-радіотелефоніста;санітарному інструктору-радіотелефоністу;санітарним інструктором-радіотелефоністом;;рядовий, сержантський, старшинський;;;;;Excel
сапер;сапера;саперу;сапером;;рядовий, сержантський, старшинський;662;166, 185;;Сапер;Excel, МО 317
сапер розмінування;сапера розмінування;саперу розмінування;сапером розмінування;;рядовий, сержантський, старшинський;096;185;;Сапер розмінування;Excel, МО 317
сапер-електрик;сапера-електрика;саперу-електрику;сапером-електриком;;рядовий, сержантський, старшинський;;;;;Excel
сапер-кулеметник;сапера-кулеметника;саперу-кулеметнику;сапером-кулеметником;;рядовий, сержантський, старшинський;;;;;Excel
сапер-радіотелефоніст;сапера-радіотелефоніста;саперу-радіотелефоністу;сапером-радіотелефоністом;;рядовий, сержантський, старшинський;;;;;Excel
сапер-розвідник;сапера-розвідника;саперу-розвіднику;сапером-розвідником;;рядовий, сержантський, старшинський;;;;;Excel
сапер-санітар;сапера-санітара;саперу-санітару;сапером-санітаром;;рядовий, сержантський, старшинський;;;;;Excel
свердлувальник;свердлувальника;свердлувальнику;свердлувальником;;рядовий, сержантський, старшинський;665;793;;Свердлувальник;Excel, МО 317
сержант;сержанта;сержанту;сержантом;;рядовий, сержантський, старшинський;;;;;Excel
сержант резерву;сержанта резерву;сержанту резерву;сержантом резерву;;рядовий, сержантський, старшинський;095;;так;Сержант резерву;Excel, МО 317
сержант із матеріального забезпечення;сержанта із матеріального забезпечення;сержанту із матеріального забезпечення;сержантом із матеріального забезпечення;;рядовий, сержантський, старшинський;089;787;;Сержант із матеріального забезпечення (роти, батареї та їм рівних);МО 317
сержант-менеджер;сержанта-менеджера;сержанту-менеджеру;сержантом-менеджером;;рядовий, сержантський, старшинський;;;;;Excel
сержант-менеджер 1 категорії;сержанта-менеджера 1 категорії;сержанту-менеджеру 1 категорії;сержантом-менеджером 1 категорії;;рядовий, сержантський, старшинський;670;929;;Сержант-менеджер 1 категорії (кадрового центру Збройних Сил України);МО 317
сержант-менеджер 2 категорії;сержанта-менеджера 2 категорії;сержанту-менеджеру 2 категорії;сержантом-менеджером 2 категорії;;рядовий, сержантський, старшинський;666;929;;Сержант-менеджер 2 категорії (органу військового управління, Кадрового центру виду Збройних Сил України);МО 317
сержант-менеджер 3 категорії;сержанта-менеджера 3 категорії;сержанту-менеджеру 3 категорії;сержантом-менеджером 3 категорії;;рядовий, сержантський, старшинський;;;;;Excel
сержант-менеджер 3 категорії батальйону та їм рівних;сержанта-менеджера 3 категорії батальйону та їм рівних;сержанту-менеджеру 3 категорії батальйону та їм рівних;сержантом-менеджером 3 категорії батальйону та їм рівних;;рядовий, сержантський, старшинський;928;929;;Сержант-менеджер 3 категорії (бригади, полку та їм рівних, підрозділів Військової служби правопорядку, окремого (лінійного) батальйону (дивізіону) та їм рівних);МО 317
сержант-інструктор;сержанта-інструктора;сержанту-інструктору;сержантом-інструктором;;рядовий, сержантський, старшинський;556;;так;Сержант-інструктор (тренувального центру підрозділів спеціального призначення, спеціальної розвідки);Excel, МО 317
сержант-інструктор, військового коледжу, військового навчального закладу;сержанта-інструктор, військового коледжу, військового навчального закладу;сержанту-інструктор, військового коледжу, військового навчального закладу;сержантом-інструктор, військового коледжу, військового навчального закладу;;рядовий, сержантський, старшинський;657;;так;Сержант-інструктор (навчальної військової частини (центру, школи), військового коледжу, військового навчального закладу);МО 317
сестра медична;сестри медична;сестрі медична;сестрою медична;;рядовий, сержантський, старшинський;249;879;;Сестра медична (брат медичний);МО 317
сестра медична операційна;сестри медична операційна;сестрі медична операційна;сестрою медична операційна;;рядовий, сержантський, старшинський;544;879;;Сестра медична операційна (брат медичний операційний);МО 317
сестра медична-анестезист;сестри медична-анестезист;сестрі медична-анестезист;сестрою медична-анестезист;;рядовий, сержантський, старшинський;250;879;;Сестра медична-анестезист (брат медичний-анестезист);МО 317
сигнальник;сигнальника;сигнальнику;сигнальником;;рядовий, сержантський, старшинський;667;;так;Сигнальник;Excel, МО 317
складальник;складальника;складальнику;складальником;;рядовий, сержантський, старшинський;280;922;;Складальник;Excel, МО 317
складач поїздів;складача поїздів;складачу поїздів;складачем поїздів;;рядовий, сержантський, старшинський;675;948;;Складач поїздів;Excel, МО 317
скляр;скляра;скляру;скляром;;рядовий, сержантський, старшинський;913;956;;Скляр;Excel, МО 317
слухач;слухача;слухачу;слухачем;;офіцерський;;;;;складено
слухач курсів;слухача курсів;слухачу курсів;слухачем курсів;;рядовий, сержантський, старшинський;760;;так;Слухач курсів;Excel, МО 317
слюсар;слюсаря;слюсарю;слюсарем;;рядовий, сержантський, старшинський;669;;так;Слюсар;Excel, МО 317
слюсар-водій;слюсаря-водія;слюсарю-водію;слюсарем-водієм;;рядовий, сержантський, старшинський;;;;;Excel
слюсар-муляр;слюсаря-муляра;слюсарю-муляру;слюсарем-муляром;;рядовий, сержантський, старшинський;;;;;Excel
снайпер;снайпера;снайперу;снайпером;;рядовий, сержантський, старшинський;750;110;;Снайпер;Excel, МО 317
солдат;солдата;солдату;солдатом;;рядовий, сержантський, старшинський;;;;;Excel
солдат резерву;солдата резерву;солдату резерву;солдатом резерву;;рядовий, сержантський, старшинський;097;;так;Солдат резерву;Excel, МО 317
солдат-фотограф;солдата-фотографа;солдату-фотографу;солдатом-фотографом;;рядовий, сержантський, старшинський;;;;;Excel
сортувальник;сортувальника;сортувальнику;сортувальником;;рядовий, сержантський, старшинський;674;;так;Сортувальник;Excel, МО 317
спеціаліст;спеціаліста;спеціалісту;спеціалістом;;рядовий, сержантський, старшинський;320, 361, 726, 757, 775, 778;909, 993, 994;так;Спеціаліст (у полку, бригаді та їм рівних, кораблів 2 та 3 рангів) | Спеціаліст (центрів забезпечення охорони державної таємниці, кораблів 1 рангу) | Спеціаліст (1 категорії) | Спеціаліст (2 категорії) | Спеціаліст (3 категорії) | Спеціаліст (вищої категорії);Excel, МО 317
спеціаліст-оператор;спеціаліста-оператора;спеціалісту-оператору;спеціалістом-оператором;;рядовий, сержантський, старшинський;754;909, 993, 994;;Спеціаліст-оператор;Excel, МО 317
спортсмен;спортсмена;спортсмену;спортсменом;;рядовий, сержантський, старшинський;811;906;;Спортсмен;Excel, МО 317
спортсмен-стажер;спортсмена-стажера;спортсмену-стажеру;спортсменом-стажером;;рядовий, сержантський, старшинський;927;906;;Спортсмен-стажер;Excel, МО 317
спортсмен-інструктор;спортсмена-інструктора;спортсмену-інструктору;спортсменом-інструктором;;рядовий, сержантський, старшинський;929;906;;Спортсмен-інструктор;Excel, МО 317
спостерігач;спостерігача;спостерігачу;спостерігачем;;рядовий, сержантський, старшинський;279;;так;Спостерігач;Excel, МО 317
співробітник;співробітника;співробітнику;співробітником;;рядовий, сержантський, старшинський;738, 758, 777, 779;;так;Співробітник (1 категорії) | Співробітник (2 категорії) | Співробітник (3 категорії) | Співробітник (вищої категорії);МО 317
стартер-фінішер;стартера-фінішера;стартеру-фінішеру;стартером-фінішером;;рядовий, сержантський, старшинський;677;211;;Стартер-фінішер;Excel, МО 317
старша медична;старши медична;старші медична;старшою медична;старшу медичну | старшою медичною;рядовий, сержантський, старшинський;;;;;Excel
старша сестра медична;старшої сестри медична;старшій сестрі медична;старшою сестрою медична;;рядовий, сержантський, старшинський;781;879;;Старша сестра медична (старший брат медичний);МО 317
старша сестра медична операційна;старшої сестри медична операційна;старшій сестрі медична операційна;старшою сестрою медична операційна;;рядовий, сержантський, старшинський;814;879;;Старша сестра медична операційна (старший брат медичний операційний);МО 317
старша сестра медична-анестезист;старшої сестри медична-анестезист;старшій сестрі медична-анестезист;старшою сестрою медична-анестезист;;рядовий, сержантський, старшинський;782;879;;Старша сестра медична-анестезист (старший брат медичний-анестезист);МО 317
старший автопілотник;старшого автопілотника;старшому автопілотнику;старшим автопілотником;;рядовий, сержантський, старшинський;681;;так;Старший автопілотник;Excel, МО 317
старший авіаційний механік;старшого авіаційного механіка;старшому авіаційному механіку;старшим авіаційним механіком;;рядовий, сержантський, старшинський;673;220, 221, 223, 225, 226, 227, 228;;Старший авіаційний механік;Excel, МО 317
старший авіаційний технік;старшого авіаційного техніка;старшому авіаційному техніку;старшим авіаційним техніком;;офіцерський;;;;;складено
старший акумуляторник;старшого акумуляторника;старшому акумуляторнику;старшим акумуляторником;;рядовий, сержантський, старшинський;683;262, 366, 792;;Старший акумуляторник;Excel, МО 317
старший апаратник;старшого апаратника;старшому апаратнику;старшим апаратником;;рядовий, сержантський, старшинський;684;799, 959, 982;;Старший апаратник;Excel, МО 317
старший арматурник;старшого арматурника;старшому арматурнику;старшим арматурником;;рядовий, сержантський, старшинський;685;945, 956;;Старший арматурник;Excel, МО 317
старший асфальтобетонник;старшого асфальтобетонника;старшому асфальтобетоннику;старшим асфальтобетонником;;рядовий, сержантський, старшинський;686;956;;Старший асфальтобетонник;Excel, МО 317
старший баталер;старшого баталера;старшому баталеру;старшим баталером;;рядовий, сержантський, старшинський;688;787, 788, 789, 900, 911;;Старший баталер;Excel, МО 317
старший бетоняр;старшого бетоняра;старшому бетоняру;старшим бетоняром;;рядовий, сержантський, старшинський;689;956;;Старший бетоняр;Excel, МО 317
старший бойовий;старшого бойового;старшому бойовому;старшим бойовим;;рядовий, сержантський, старшинський;;;;;Excel
старший бойовий медик;старшого бойового медика;старшому бойовому медику;старшим бойовим медиком;;рядовий, сержантський, старшинський;978;878;;Старший бойовий медик (роти, батареї та їм рівних);Excel, МО 317
старший бортовий механік;старшого бортового механіка;старшому бортовому механіку;старшим бортовим механіком;;рядовий, сержантський, старшинський;692;220, 221, 223;;Старший бортовий механік (літака, вертольота);МО 317
старший бортовий механік-випробувач;старшого бортового механіка-випробувача;старшому бортовому механіку-випробувачу;старшим бортовим механіком-випробувачем;;рядовий, сержантський, старшинський;691;220, 221, 223, 254;;Старший бортовий механік-випробувач;Excel, МО 317
старший бортовий технік;старшого бортового техніка;старшому бортовому техніку;старшим бортовим техніком;;"рядовий, сержантський, старшинський; офіцерський";694;220, 221, 223;;Старший бортовий технік;МО 317, складено
старший боцман;старшого боцмана;старшому боцману;старшим боцманом;;рядовий, сержантський, старшинський;679, 695, 696;303;;"Старший боцман (великого підводного човна, надводного корабля 1 рангу, морського судна, де за посадою командира цього судна встановлено військове звання ""капітан 1 рангу"") | Старший боцман (середнього підводного човна, надводного корабля 2 рангу, морського судна, де за посадою командира цього судна встановлено військове звання ""капітан 2 рангу"") | Старший боцман (малого підводного човна, надводного корабля 3 рангу, морського судна, де за посадою командира цього судна встановлено військове звання ""капітан 3 рангу"")";МО 317
старший бібліотекар;старшого бібліотекаря;старшому бібліотекарю;старшим бібліотекарем;старшим бібліотекаром;рядовий, сержантський, старшинський;690;912;;Старший бібліотекар;Excel, МО 317
старший вагар;старшого вагара;старшому вагару;старшим вагаром;;рядовий, сержантський, старшинський;700;948;;Старший вагар;Excel, МО 317
старший викладач;старшого викладача;старшому викладачу;старшим викладачем;;офіцерський;;;;;складено
старший вогнеметник;старшого вогнеметника;старшому вогнеметнику;старшим вогнеметником;;рядовий, сержантський, старшинський;808;193;;Старший вогнеметник;Excel, МО 317
старший водолаз;старшого водолаза;старшому водолазу;старшим водолазом;;рядовий, сержантський, старшинський;705;172, 379, 380, 381, 382, 383, 384, 385, 386;;Старший водолаз;Excel, МО 317
старший водій;старшого водія;старшому водію;старшим водієм;;рядовий, сержантський, старшинський;702, 703;124, 125, 127, 180, 790;;Старший водій | Старший водій (автомобіля члена колегії Міністерства оборони України, генерала армії України, заступника Міністра оборони України, Головнокомандувача Збройних Сил України, начальника Генерального штабу Збройних Сил України, заступника начальника Генерального штабу Збройних Сил України, Головного інспектора Міністерства оборони України, Голови Ради ветеранів України, оперативного автомобіля підрозділу спеціального призначення Міністерства оборони України, автобуса та автомобіля для зустрічі та супроводження іноземних делегацій);Excel, МО 317
старший водій - сапер розмінування;старшого водія - сапера розмінування;старшому водію - саперу розмінування;старшим водієм - сапером розмінування;;рядовий, сержантський, старшинський;780;185;;Старший водій - сапер розмінування;МО 317
старший водій електровізка;старшого водія електровізка;старшому водію електровізка;старшим водієм електровізка;;рядовий, сержантський, старшинський;901;792;;Старший водій електровізка;Excel, МО 317
старший водій, автомобіля командувача оперативного командування, командира корпусу;старшого водій, автомобіля командувача оперативного командування, командира корпусу;старшому водій, автомобіля командувача оперативного командування, командира корпусу;старшим водій, автомобіля командувача оперативного командування, командира корпусу;;рядовий, сержантський, старшинський;704;790;;Старший водій (автобуса (мікроавтобуса), автомобіля командувача оперативного командування, командира корпусу);МО 317
старший водій-гранатометник;старшого водія-гранатометника;старшому водію-гранатометнику;старшим водієм-гранатометником;;рядовий, сержантський, старшинський;;;;;Excel
старший водій-електрик;старшого водія-електрика;старшому водію-електрику;старшим водієм-електриком;;рядовий, сержантський, старшинський;;;;;Excel
старший водій-машиніст;старшого водія-машиніста;старшому водію-машиністу;старшим водієм-машиністом;;рядовий, сержантський, старшинський;;;;;Excel
старший водій-радіотелефоніст;старшого водія-радіотелефоніста;старшому водію-радіотелефоністу;старшим водієм-радіотелефоністом;;рядовий, сержантський, старшинський;;;;;Excel
старший вожатий службових собак;старшого вожатого службових собак;старшому вожатому службових собак;старшим вожатим службових собак;;рядовий, сержантський, старшинський;706;200, 886;;Старший вожатий службових собак;Excel, МО 317
старший вулканізаторник;старшого вулканізаторника;старшому вулканізаторнику;старшим вулканізаторником;;рядовий, сержантський, старшинський;713;796;;Старший вулканізаторник;Excel, МО 317
старший візирник;старшого візирника;старшому візирнику;старшим візирником;;рядовий, сержантський, старшинський;701;;так;Старший візирник;Excel, МО 317
старший газівник;старшого газівника;старшому газівнику;старшим газівником;;рядовий, сержантський, старшинський;716;799;;Старший газівник;Excel, МО 317
старший гальванік;старшого гальваніка;старшому гальваніку;старшим гальваніком;;рядовий, сержантський, старшинський;717;972;;Старший гальванік;Excel, МО 317
старший гравер;старшого гравера;старшому граверу;старшим гравером;;рядовий, сержантський, старшинський;725;972;;Старший гравер;Excel, МО 317
старший гранатометник;старшого гранатометника;старшому гранатометнику;старшим гранатометником;;рядовий, сержантський, старшинський;724;102, 103;;Старший гранатометник;Excel, МО 317
старший гідроакустик;старшого гідроакустика;старшому гідроакустику;старшим гідроакустиком;;рядовий, сержантський, старшинський;718;340, 341, 342, 343, 344, 345, 346;;Старший гідроакустик;Excel, МО 317
старший гідрометеоспостерігач;старшого гідрометеоспостерігача;старшому гідрометеоспостерігачу;старшим гідрометеоспостерігачем;;рядовий, сержантський, старшинський;720;631, 632;;Старший гідрометеоспостерігач;Excel, МО 317
старший гіроскопіст;старшого гіроскопіста;старшому гіроскопісту;старшим гіроскопістом;;рядовий, сержантський, старшинський;721;;так;Старший гіроскопіст;Excel, МО 317
старший далекомірник;старшого далекомірника;старшому далекомірнику;старшим далекомірником;;рядовий, сержантський, старшинський;727;626;;Старший далекомірник;Excel, МО 317
старший дегазатор;старшого дегазатора;старшому дегазатору;старшим дегазатором;;рядовий, сержантський, старшинський;729;189;;Старший дегазатор;Excel, МО 317
старший дезінфектор;старшого дезінфектора;старшому дезінфектору;старшим дезінфектором;;рядовий, сержантський, старшинський;730;878;;Старший дезінфектор;Excel, МО 317
старший дефектувальник;старшого дефектувальника;старшому дефектувальнику;старшим дефектувальником;;рядовий, сержантський, старшинський;731;;так;Старший дефектувальник;Excel, МО 317
старший дешифрувальник;старшого дешифрувальника;старшому дешифрувальнику;старшим дешифрувальником;;рядовий, сержантський, старшинський;732;;так;Старший дешифрувальник;Excel, МО 317
старший дешифрувальник розвідувальних матеріалів з безпілотних літальних апаратів;старшого дешифрувальника розвідувальних матеріалів з безпілотних літальних апаратів;старшому дешифрувальнику розвідувальних матеріалів з безпілотних літальних апаратів;старшим дешифрувальником розвідувальних матеріалів з безпілотних літальних апаратів;;рядовий, сержантський, старшинський;735;276;;Старший дешифрувальник розвідувальних матеріалів з безпілотних літальних апаратів;Excel, МО 317
старший дизеліст;старшого дизеліста;старшому дизелісту;старшим дизелістом;;рядовий, сержантський, старшинський;733;;так;Старший дизеліст;Excel, МО 317
старший диспетчер;старшого диспетчера;старшому диспетчеру;старшим диспетчером;;рядовий, сержантський, старшинський;734, 736;211;так;Старший диспетчер (крім старшого диспетчера з перельотів і посадок) | Старший диспетчер (з перельотів і посадок);Excel, МО 317
старший диспетчер поїзний;старшого диспетчера поїзного;старшому диспетчеру поїзному;старшим диспетчером поїзним;;рядовий, сержантський, старшинський;788;948;;Старший диспетчер поїзний;Excel, МО 317
старший днювальний;старшого днювального;старшому днювальному;старшим днювальним;;рядовий, сержантський, старшинський;698;957;;Старший днювальний;Excel, МО 317
старший дозиметрист;старшого дозиметриста;старшому дозиметристу;старшим дозиметристом;;рядовий, сержантський, старшинський;737;187;;Старший дозиметрист;Excel, МО 317
старший дозувальник;старшого дозувальника;старшому дозувальнику;старшим дозувальником;;рядовий, сержантський, старшинський;739;;так;Старший дозувальник;Excel, МО 317
старший дресирувальник;старшого дресирувальника;старшому дресирувальнику;старшим дресирувальником;;рядовий, сержантський, старшинський;741;886;;Старший дресирувальник;Excel, МО 317
старший друкар;старшого друкара;старшому друкару;старшим друкаром;;рядовий, сержантський, старшинський;821;922;;Старший друкар;Excel, МО 317
старший експедитор;старшого експедитора;старшому експедитору;старшим експедитором;;рядовий, сержантський, старшинський;898;485, 901;;Старший експедитор;Excel, МО 317
старший електрик;старшого електрика;старшому електрику;старшим електриком;;рядовий, сержантський, старшинський;899;;так;Старший електрик;Excel, МО 317
старший електрик-дизеліст;старшого електрика-дизеліста;старшому електрику-дизелісту;старшим електриком-дизелістом;;рядовий, сержантський, старшинський;;;;;Excel
старший електрозварник;старшого електрозварника;старшому електрозварнику;старшим електрозварником;;рядовий, сержантський, старшинський;858;795;;Старший електрозварник;Excel, МО 317
старший електромонтер;старшого електромонтера;старшому електромонтеру;старшим електромонтером;;рядовий, сержантський, старшинський;902;;так;Старший електромонтер;Excel, МО 317
старший звукометрист;старшого звукометриста;старшому звукометристу;старшим звукометристом;;рядовий, сержантський, старшинський;744;627;;Старший звукометрист;Excel, МО 317
старший кабельник;старшого кабельника;старшому кабельнику;старшим кабельником;;рядовий, сержантський, старшинський;748;403;;Старший кабельник;Excel, МО 317
старший кабельник-спаювальник;старшого кабельника-спаювальника;старшому кабельнику-спаювальнику;старшим кабельником-спаювальником;;рядовий, сержантський, старшинський;749;403;;Старший кабельник-спаювальник;Excel, МО 317
старший клепальник;старшого клепальника;старшому клепальнику;старшим клепальником;;рядовий, сержантський, старшинський;753;793;;Старший клепальник;Excel, МО 317
старший коваль;старшого коваля;старшому ковалю;старшим ковалем;;рядовий, сержантський, старшинський;766;794;;Старший коваль;Excel, МО 317
старший кок;старшого кока;старшому коку;старшим коком;;рядовий, сержантський, старшинський;755;788;;Старший кок;Excel, МО 317
старший комендор;старшого комендора;старшому комендору;старшим комендором;;рядовий, сержантський, старшинський;756;148, 153, 155, 156, 160;;Старший комендор;Excel, МО 317
старший контролер;старшого контролера;старшому контролеру;старшим контролером;;рядовий, сержантський, старшинський;761;100, 793, 794, 795, 796, 797, 907, 908;;Старший контролер;Excel, МО 317
старший копрівник;старшого копрівника;старшому копрівнику;старшим копрівником;;рядовий, сержантський, старшинський;762;941;;Старший копрівник;Excel, МО 317
старший коректор;старшого коректора;старшому коректору;старшим коректором;;рядовий, сержантський, старшинський;763;922;;Старший коректор;Excel, МО 317
старший кочегар;старшого кочегара;старшому кочегару;старшим кочегаром;;рядовий, сержантський, старшинський;764;980;;Старший кочегар;Excel, МО 317
старший кравець;старшого кравця;старшому кравцю;старшим кравцем;;рядовий, сержантський, старшинський;831;789;;Старший кравець;Excel, МО 317
старший кранівник;старшого кранівника;старшому кранівнику;старшим кранівником;;рядовий, сержантський, старшинський;765;;так;Старший кранівник;Excel, МО 317
старший кресляр;старшого кресляра;старшому кресляру;старшим кресляром;;рядовий, сержантський, старшинський;896;671, 902;;Старший кресляр;Excel, МО 317
старший кулеметник;старшого кулеметника;старшому кулеметнику;старшим кулеметником;;рядовий, сержантський, старшинський;837;101, 124, 160;;Старший кулеметник;Excel, МО 317
старший кухар;старшого кухаря;старшому кухарю;старшим кухарем;;рядовий, сержантський, старшинський;827;788;;Старший кухар;Excel, МО 317
старший лаборант;старшого лаборанта;старшому лаборанту;старшим лаборантом;;рядовий, сержантський, старшинський;767;;так;Старший лаборант (крім бактеріологічної, клінічної, судово-медичної лабораторії);МО 317
старший ливарник;старшого ливарника;старшому ливарнику;старшим ливарником;;рядовий, сержантський, старшинський;770;975;;Старший ливарник;Excel, МО 317
старший льотчик;старшого льотчика;старшому льотчику;старшим льотчиком;;офіцерський;;;;;складено
старший лікар;старшого лікаря;старшому лікарю;старшим лікарем;;офіцерський;;;;;складено
старший лінотипіст;старшого лінотипіста;старшому лінотипісту;старшим лінотипістом;;рядовий, сержантський, старшинський;769;922;;Старший лінотипіст;Excel, МО 317
старший лінійний;старшого лінійного;старшому лінійному;старшим лінійним;;рядовий, сержантський, старшинський;;;;;Excel
старший лінійний наглядач;старшого лінійного наглядача;старшому лінійному наглядачу;старшим лінійним наглядачем;;рядовий, сержантський, старшинський;768;403;;Старший лінійний наглядач;Excel, МО 317
старший майстер;старшого майстра;старшому майстру;старшим майстром;;рядовий, сержантський, старшинський;774;;так;Старший майстер;Excel, МО 317
старший майстер-гранатометник;старшого майстра-гранатометника;старшому майстру-гранатометнику;старшим майстром-гранатометником;;рядовий, сержантський, старшинський;;;;;Excel
старший маляр;старшого маляра;старшому маляру;старшим маляром;;рядовий, сержантський, старшинський;771;797;;Старший маляр;Excel, МО 317
старший марсовий;старшого марсового;старшому марсовому;старшим марсовим;;рядовий, сержантський, старшинський;772;303;;Старший марсовий;Excel, МО 317
старший маскувальник;старшого маскувальника;старшому маскувальнику;старшим маскувальником;;рядовий, сержантський, старшинський;773;169;;Старший маскувальник;Excel, МО 317
старший машиніст;старшого машиніста;старшому машиністу;старшим машиністом;;рядовий, сержантський, старшинський;776;;так;Старший машиніст;Excel, МО 317
старший машиніст бульдозера;старшого машиніста бульдозера;старшому машиністу бульдозера;старшим машиністом бульдозера;;рядовий, сержантський, старшинський;697;740;;Старший машиніст бульдозера;Excel, МО 317
старший машиніст екскаватора;старшого машиніста екскаватора;старшому машиністу екскаватора;старшим машиністом екскаватора;;рядовий, сержантський, старшинський;897;184, 740;;Старший машиніст екскаватора;Excel, МО 317
старший машиніст заправної машини;старшого машиніста заправної машини;старшому машиністу заправної машини;старшим машиністом заправної машини;;рядовий, сержантський, старшинський;743;766, 790;;Старший машиніст заправної машини;Excel, МО 317
старший машиніст компресора;старшого машиніста компресора;старшому машиністу компресора;старшим машиністом компресора;;рядовий, сержантський, старшинський;759;982;;Старший машиніст компресора;Excel, МО 317
старший машиніст скрепера;старшого машиніста скрепера;старшому машиністу скрепера;старшим машиністом скрепера;;рядовий, сержантський, старшинський;860;180;;Старший машиніст скрепера;Excel, МО 317
старший метеоролог;старшого метеоролога;старшому метеорологу;старшим метеорологом;;рядовий, сержантський, старшинський;785;631;;Старший метеоролог;Excel, МО 317
старший метеоспостерігач;старшого метеоспостерігача;старшому метеоспостерігачу;старшим метеоспостерігачем;;рядовий, сержантський, старшинський;784;520, 631;;Старший метеоспостерігач;Excel, МО 317
старший механік;старшого механіка;старшому механіку;старшим механіком;;рядовий, сержантський, старшинський;786, 787, 789;007, 020, 038, 057, 074, 220, 221, 223, 225, 228, 233, 234, 235, 236, 237, 238, 244, 245, 247, 248, 250, 251, 252, 254, 255, 256, 260, 261, 262, 263, 265, 266, 268, 269, 342, 353, 460, 474, 478, 575, 758;так;Старший механік (крім старшого механіка літака, вертольота, а також з обладнання та систем озброєння літальних апаратів і керованих засобів ураження та засекречувальної апаратури зв'язку) | Старший механік (засекречувальної апаратури зв'язку) | Старший механік;Excel, МО 317
старший механік-акумуляторник;старшого механіка-акумуляторника;старшому механіку-акумуляторнику;старшим механіком-акумуляторником;;рядовий, сержантський, старшинський;;;;;Excel
старший механік-водій;старшого механіка-водія;старшому механіку-водію;старшим механіком-водієм;;рядовий, сержантський, старшинський;790, 791, 857;028, 029, 038, 113, 116, 117, 118, 130, 132, 134, 175, 177, 178, 179, 180, 967;так;Старший механік-водій (машини на бронетанковій базі та танків) | Старший механік-водій | Старший механік-водій (самохідної пускової установки);Excel, МО 317
старший механік-гранатометник;старшого механіка-гранатометника;старшому механіку-гранатометнику;старшим механіком-гранатометником;;рядовий, сержантський, старшинський;;;;;Excel
старший монтажник;старшого монтажника;старшому монтажнику;старшим монтажником;;рядовий, сержантський, старшинський;795;;так;Старший монтажник;Excel, МО 317
старший монтер колій;старшого монтера колій;старшому монтеру колій;старшим монтером колій;старшим монтером колієм;рядовий, сержантський, старшинський;796;937;;Старший монтер колій;Excel, МО 317
старший моторист;старшого моториста;старшому мотористу;старшим мотористом;;рядовий, сержантський, старшинський;797;;так;Старший моторист;Excel, МО 317
старший муляр;старшого муляра;старшому муляру;старшим муляром;;рядовий, сержантський, старшинський;798;956;;Старший муляр;Excel, МО 317
старший мінер;старшого мінера;старшому мінеру;старшим мінером;;рядовий, сержантський, старшинський;793;;так;Старший мінер;Excel, МО 317
старший мірошник;старшого мірошника;старшому мірошнику;старшим мірошником;;рядовий, сержантський, старшинський;783;788;;Старший мірошник;Excel, МО 317
старший навідник;старшого навідника;старшому навіднику;старшим навідником;;рядовий, сержантський, старшинський;803;;так;Старший навідник;Excel, МО 317
старший наладчик;старшого наладчика;старшому наладчику;старшим наладчиком;;рядовий, сержантський, старшинський;805;325, 354, 600, 602, 603, 604, 652, 653, 721, 769, 800, 801, 805;;Старший наладчик;Excel, МО 317
старший нарядник;старшого нарядника;старшому наряднику;старшим нарядником;;рядовий, сержантський, старшинський;804;;так;Старший нарядник;Excel, МО 317
старший науковий співробітник;старшого наукового співробітника;старшому науковому співробітнику;старшим науковим співробітником;;офіцерський;;;;;складено
старший номер обслуги;старшого номера обслуги;старшому номеру обслуги;старшим номером обслуги;;рядовий, сержантський, старшинський;806;;так;Старший номер обслуги;Excel, МО 317
старший нормувальник;старшого нормувальника;старшому нормувальнику;старшим нормувальником;;рядовий, сержантський, старшинський;807;;так;Старший нормувальник;Excel, МО 317
старший обчислювач;старшого обчислювача;старшому обчислювачу;старшим обчислювачем;;рядовий, сержантський, старшинський;714;;так;Старший обчислювач;Excel, МО 317
старший оглядач;старшого оглядача;старшому оглядачу;старшим оглядачем;;рядовий, сержантський, старшинський;816;;так;Старший оглядач;Excel, МО 317
старший оператор;старшого оператора;старшому оператору;старшим оператором;;рядовий, сержантський, старшинський;810, 812, 813, 920, 921, 922, 923, 924;107, 108, 111, 128, 146, 156, 157, 163, 178, 183, 225, 247, 248, 381, 382, 383, 384, 385, 500, 501, 502, 503, 504, 505, 506, 507, 508, 515, 525, 526, 527, 528, 529, 530, 531, 532, 533, 538, 539, 540, 541, 542, 543, 544, 545, 555, 602, 605;так;Старший оператор | Старший оператор (зі знанням іноземної мови) | Старший оператор (приладів наведення авіації, радіотехнічних станцій ближньої навігації та систем посадки літаків, радіоелектронного подавлення безпілотних літальних апаратів) | Старший оператор (з розвідки) (військових частин і підрозділів спеціального призначення, спеціальних операцій та спеціальної розвідки) | Старший оператор (з озброєння) (військових частин і підрозділів спеціального призначення, спеціальних операцій та спеціальної розвідки) | Старший оператор (з інженерної справи) (військових частин і підрозділів спеціального призначення, спеціальних операцій та спеціальної розвідки) | Старший оператор (із зв’язку) (військових частин і підрозділів спеціального призначення, спеціальних операцій та спеціальної розвідки) | Старший оператор (з медицини) (військових частин і підрозділів спеціального призначення, спеціальних операцій та спеціальної розвідки);Excel, МО 317
старший оператор безпілотних літальних апаратів;старшого оператора безпілотних літальних апаратів;старшому оператору безпілотних літальних апаратів;старшим оператором безпілотних літальних апаратів;;рядовий, сержантський, старшинський;799, 925, 903;216, 217, 218, 219;;Старший оператор безпілотних літальних апаратів (з реактивним двигуном) | Старший оператор безпілотних літальних апаратів (мікро та міні) | Старший оператор безпілотних літальних апаратів (малі);МО 317
старший оператор-електрик;старшого оператора-електрика;старшому оператору-електрику;старшим оператором-електриком;;рядовий, сержантський, старшинський;;;;;Excel
старший оператор-планшетист;старшого оператора-планшетиста;старшому оператору-планшетисту;старшим оператором-планшетистом;;рядовий, сержантський, старшинський;;;;;Excel
старший оператор-радіотелеграфіст;старшого оператора-радіотелеграфіста;старшому оператору-радіотелеграфісту;старшим оператором-радіотелеграфістом;;рядовий, сержантський, старшинський;;;;;Excel
старший оператор-розвідник;старшого оператора-розвідника;старшому оператору-розвіднику;старшим оператором-розвідником;;рядовий, сержантський, старшинський;;;;;Excel
старший оперуповноважений;старшого оперуповноваженого;старшому оперуповноваженому;старшим оперуповноваженим;;офіцерський;;;;;складено
старший оптик;старшого оптика;старшому оптику;старшим оптиком;;рядовий, сержантський, старшинський;815;;так;Старший оптик;Excel, МО 317
старший ординатор;старшого ординатора;старшому ординатору;старшим ординатором;;офіцерський;;;;;складено
старший офіцер;старшого офіцера;старшому офіцеру;старшим офіцером;;офіцерський;;;;;складено
старший офіцер батальйону;старшого офіцера батальйону;старшому офіцеру батальйону;старшим офіцером батальйону;;офіцерський;;;;;складено
старший офіцер батареї;старшого офіцера батареї;старшому офіцеру батареї;старшим офіцером батареї;;офіцерський;;;;;складено
старший офіцер бригади;старшого офіцера бригади;старшому офіцеру бригади;старшим офіцером бригади;;офіцерський;;;;;складено
старший офіцер взводу;старшого офіцера взводу;старшому офіцеру взводу;старшим офіцером взводу;;офіцерський;;;;;складено
старший офіцер відділення;старшого офіцера відділення;старшому офіцеру відділення;старшим офіцером відділення;;офіцерський;;;;;складено
старший офіцер відділу;старшого офіцера відділу;старшому офіцеру відділу;старшим офіцером відділу;;офіцерський;;;;;складено
старший офіцер військової частини;старшого офіцера військової частини;старшому офіцеру військової частини;старшим офіцером військової частини;;офіцерський;;;;;складено
старший офіцер групи;старшого офіцера групи;старшому офіцеру групи;старшим офіцером групи;;офіцерський;;;;;складено
старший офіцер дивізіону;старшого офіцера дивізіону;старшому офіцеру дивізіону;старшим офіцером дивізіону;;офіцерський;;;;;складено
старший офіцер екіпажу;старшого офіцера екіпажу;старшому офіцеру екіпажу;старшим офіцером екіпажу;;офіцерський;;;;;складено
старший офіцер ескадрильї;старшого офіцера ескадрильї;старшому офіцеру ескадрильї;старшим офіцером ескадрильї;;офіцерський;;;;;складено
старший офіцер загону;старшого офіцера загону;старшому офіцеру загону;старшим офіцером загону;;офіцерський;;;;;складено
старший офіцер командування;старшого офіцера командування;старшому офіцеру командування;старшим офіцером командування;;офіцерський;;;;;складено
старший офіцер корпусу;старшого офіцера корпусу;старшому офіцеру корпусу;старшим офіцером корпусу;;офіцерський;;;;;складено
старший офіцер ланки;старшого офіцера ланки;старшому офіцеру ланки;старшим офіцером ланки;;офіцерський;;;;;складено
старший офіцер напряму;старшого офіцера напряму;старшому офіцеру напряму;старшим офіцером напряму;;офіцерський;;;;;складено
старший офіцер полку;старшого офіцера полку;старшому офіцеру полку;старшим офіцером полку;;офіцерський;;;;;складено
старший офіцер роти;старшого офіцера роти;старшому офіцеру роти;старшим офіцером роти;;офіцерський;;;;;складено
старший офіцер сектору;старшого офіцера сектору;старшому офіцеру сектору;старшим офіцером сектору;;офіцерський;;;;;складено
старший офіцер секції;старшого офіцера секції;старшому офіцеру секції;старшим офіцером секції;;офіцерський;;;;;складено
старший офіцер служби;старшого офіцера служби;старшому офіцеру служби;старшим офіцером служби;;офіцерський;;;;;складено
старший офіцер управління;старшого офіцера управління;старшому офіцеру управління;старшим офіцером управління;;офіцерський;;;;;складено
старший офіцер центру;старшого офіцера центру;старшому офіцеру центру;старшим офіцером центру;;офіцерський;;;;;складено
старший офіцер штабу;старшого офіцера штабу;старшому офіцеру штабу;старшим офіцером штабу;;офіцерський;;;;;складено
старший парашутист - укладач парашутів;старшого парашутиста - укладача парашутів;старшому парашутисту - укладачу парашутів;старшим парашутистом - укладачем парашутів;;рядовий, сержантський, старшинський;817;212;;Старший парашутист - укладач парашутів;МО 317
старший паропровідник;старшого паропровідника;старшому паропровіднику;старшим паропровідником;;рядовий, сержантський, старшинський;818;960;;Старший паропровідник;Excel, МО 317
старший парусник;старшого парусника;старшому паруснику;старшим парусником;;рядовий, сержантський, старшинський;819;746;;Старший парусник;Excel, МО 317
старший пекар;старшого пекаря;старшому пекарю;старшим пекарем;старшим пекаром;рядовий, сержантський, старшинський;820;788;;Старший пекар;Excel, МО 317
старший перекладач;старшого перекладача;старшому перекладачу;старшим перекладачем;;офіцерський;;;;;складено
старший пиляр;старшого пиляра;старшому пиляру;старшим пиляром;;рядовий, сержантський, старшинський;823;171, 798;;Старший пиляр;Excel, МО 317
старший планшетист;старшого планшетиста;старшому планшетисту;старшим планшетистом;;рядовий, сержантський, старшинський;825;;так;Старший планшетист;Excel, МО 317
старший повітряний радист;старшого повітряного радиста;старшому повітряному радисту;старшим повітряним радистом;;рядовий, сержантський, старшинський;708;220, 221, 223;;Старший повітряний радист;Excel, МО 317
старший повітряний стрілець;старшого повітряного стрільця;старшому повітряному стрільцю;старшим повітряним стрільцем;старшим повітряним стрілецем;рядовий, сержантський, старшинський;709;220, 221, 223;;Старший повітряний стрілець;Excel, МО 317
старший повітряний стрілець-радист;старшого повітряного стрільця-радиста;старшому повітряному стрільцю-радисту;старшим повітряним стрільцем-радистом;старшим повітряним стрілецем-радистом;рядовий, сержантський, старшинський;712;220, 221, 223;;Старший повітряний стрілець-радист;Excel, МО 317
старший пожежний;старшого пожежного;старшому пожежному;старшим пожежним;;рядовий, сержантський, старшинський;828;967;;Старший пожежний;Excel, МО 317
старший пожежний-респіраторник;старшого пожежного-респіраторника;старшому пожежному-респіраторнику;старшим пожежним-респіраторником;;рядовий, сержантський, старшинський;933;967;;Старший пожежний-респіраторник;Excel, МО 317
старший помічник;старшого помічника;старшому помічнику;старшим помічником;;офіцерський;;;;;складено
старший помічник оперативного чергового;старшого помічника оперативного чергового;старшому помічнику оперативного чергового;старшим помічником оперативного чергового;;рядовий, сержантський, старшинський;829;211, 615;;Старший помічник оперативного чергового (по командному пункту);Excel, МО 317
старший понтонер;старшого понтонера;старшому понтонеру;старшим понтонером;;рядовий, сержантський, старшинський;830;167;;Старший понтонер;Excel, МО 317
старший пошуковець;старшого пошуковця;старшому пошуковцю;старшим пошуковцем;;рядовий, сержантський, старшинський;832;205, 206;;Старший пошуковець;Excel, МО 317
старший приладник;старшого приладника;старшому приладнику;старшим приладником;;рядовий, сержантський, старшинський;833;600, 602, 603, 604, 721, 754, 759, 800, 801, 805;;Старший приладник;Excel, МО 317
старший прожекторист;старшого прожекториста;старшому прожектористу;старшим прожектористом;;рядовий, сержантський, старшинський;836;665;;Старший прожекторист;Excel, МО 317
старший радист;старшого радиста;старшому радисту;старшим радистом;;рядовий, сержантський, старшинський;841, 843;441, 443;так;Старший радист (військових частин і підрозділів спеціального призначення, спеціальної розвідки) | Старший радист;Excel, МО 317
старший радист-кодувальник;старшого радиста-кодувальника;старшому радисту-кодувальнику;старшим радистом-кодувальником;;рядовий, сержантський, старшинський;844;;так;Старший радист-кодувальник;Excel, МО 317
старший радіозондист;старшого радіозондиста;старшому радіозондисту;старшим радіозондистом;;рядовий, сержантський, старшинський;838;520;;Старший радіозондист;Excel, МО 317
старший радіометрист;старшого радіометриста;старшому радіометристу;старшим радіометристом;;рядовий, сержантський, старшинський;845;;так;Старший радіометрист;Excel, МО 317
старший радіомінер;старшого радіомінера;старшому радіомінеру;старшим радіомінером;;рядовий, сержантський, старшинський;839;183;;Старший радіомінер;Excel, МО 317
старший радіомінер-гранатометник;старшого радіомінера-гранатометника;старшому радіомінеру-гранатометнику;старшим радіомінером-гранатометником;;рядовий, сержантський, старшинський;;;;;Excel
старший радіотелеграфіст;старшого радіотелеграфіста;старшому радіотелеграфісту;старшим радіотелеграфістом;;рядовий, сержантський, старшинський;840;420, 429, 441, 450, 451, 453, 474, 538;;Старший радіотелеграфіст;Excel, МО 317
старший радіотелефоніст;старшого радіотелефоніста;старшому радіотелефоністу;старшим радіотелефоністом;;рядовий, сержантський, старшинський;842;403, 420, 474;;Старший радіотелефоніст;Excel, МО 317
старший радіотелефоніст-гранатометник;старшого радіотелефоніста-гранатометника;старшому радіотелефоністу-гранатометнику;старшим радіотелефоністом-гранатометником;;рядовий, сержантський, старшинський;;;;;Excel
старший регулювальник;старшого регулювальника;старшому регулювальнику;старшим регулювальником;;рядовий, сержантський, старшинський;849;907;;Старший регулювальник;Excel, МО 317
старший розвідник;старшого розвідника;старшому розвіднику;старшим розвідником;;рядовий, сержантський, старшинський;847, 926;106, 107, 108, 146, 161, 168, 187, 381, 382, 383, 384, 385, 626;;Старший розвідник | Старший розвідник (військових частин і підрозділів спеціального призначення, спеціальної розвідки);Excel, МО 317
старший розвідник-водолаз;старшого розвідника-водолаза;старшому розвіднику-водолазу;старшим розвідником-водолазом;;рядовий, сержантський, старшинський;846;108;;Старший розвідник-водолаз;Excel, МО 317
старший розвідник-гранатометник;старшого розвідника-гранатометника;старшому розвіднику-гранатометнику;старшим розвідником-гранатометником;;рядовий, сержантський, старшинський;;;;;Excel
старший розвідник-радіотелефоніст;старшого розвідника-радіотелефоніста;старшому розвіднику-радіотелефоністу;старшим розвідником-радіотелефоністом;;рядовий, сержантський, старшинський;;;;;Excel
старший розвідник-снайпер;старшого розвідника-снайпера;старшому розвіднику-снайперу;старшим розвідником-снайпером;;рядовий, сержантський, старшинський;;;;;Excel
старший розвідник-інструктор;старшого розвідника-інструктора;старшому розвіднику-інструктору;старшим розвідником-інструктором;;рядовий, сержантський, старшинський;848;108;;Старший розвідник-інструктор;Excel, МО 317
старший рульовий;старшого рульового;старшому рульовому;старшим рульовим;;рядовий, сержантський, старшинський;850;300;;Старший рульовий;Excel, МО 317
старший рульовий-сигнальник;старшого рульового-сигнальника;старшому рульовому-сигнальнику;старшим рульовим-сигнальником;;рядовий, сержантський, старшинський;851;300, 302;;Старший рульовий-сигнальник;Excel, МО 317
старший рятувальник;старшого рятувальника;старшому рятувальнику;старшим рятувальником;;рядовий, сержантський, старшинський;906;200, 203;;Старший рятувальник;Excel, МО 317
старший санітар;старшого санітара;старшому санітару;старшим санітаром;;рядовий, сержантський, старшинський;853;878, 884;;Старший санітар;Excel, МО 317
старший санітарний інструктор;старшого санітарного інструктора;старшому санітарному інструктору;старшим санітарним інструктором;;рядовий, сержантський, старшинський;854;879;;Старший санітарний інструктор;Excel, МО 317
старший сапер;старшого сапера;старшому саперу;старшим сапером;;рядовий, сержантський, старшинський;855;166, 185;;Старший сапер;Excel, МО 317
старший сапер розмінування;старшого сапера розмінування;старшому саперу розмінування;старшим сапером розмінування;;рядовий, сержантський, старшинський;098;185;;Старший сапер розмінування;Excel, МО 317
старший сапер-гранатометник;старшого сапера-гранатометника;старшому саперу-гранатометнику;старшим сапером-гранатометником;;рядовий, сержантський, старшинський;;;;;Excel
старший сапер-оператор;старшого сапера-оператора;старшому саперу-оператору;старшим сапером-оператором;;рядовий, сержантський, старшинський;;;;;Excel
старший сапер-помічник;старшого сапера-помічника;старшому саперу-помічнику;старшим сапером-помічником;;рядовий, сержантський, старшинський;;;;;Excel
старший сержант-інструктор складу;старшого сержанта-інструктора складу;старшому сержанту-інструктору складу;старшим сержантом-інструктором складу;;рядовий, сержантський, старшинський;680;929;;Старший сержант-інструктор (Курсу лідерства сержантського (старшинського) складу);МО 317
старший сигнальник;старшого сигнальника;старшому сигнальнику;старшим сигнальником;;рядовий, сержантський, старшинський;859;;так;Старший сигнальник;Excel, МО 317
старший складальник;старшого складальника;старшому складальнику;старшим складальником;;рядовий, сержантський, старшинський;802;922;;Старший складальник;Excel, МО 317
старший скляр;старшого скляра;старшому скляру;старшим скляром;;рядовий, сержантський, старшинський;866;956;;Старший скляр;Excel, МО 317
старший слюсар;старшого слюсаря;старшому слюсарю;старшим слюсарем;старшим слюсаром;рядовий, сержантський, старшинський;861;;так;Старший слюсар;Excel, МО 317
старший сортувальник;старшого сортувальника;старшому сортувальнику;старшим сортувальником;;рядовий, сержантський, старшинський;862;;так;Старший сортувальник;Excel, МО 317
старший спеціаліст;старшого спеціаліста;старшому спеціалісту;старшим спеціалістом;;рядовий, сержантський, старшинський;376, 864;909, 993, 994;;Старший спеціаліст (корпусу, бригади та їм рівних, кораблів 1 рангу) | Старший спеціаліст (центрів забезпечення охорони державної таємниці);Excel, МО 317
старший спортсмен;старшого спортсмена;старшому спортсмену;старшим спортсменом;;рядовий, сержантський, старшинський;863;906;;Старший спортсмен;Excel, МО 317
старший спостерігач;старшого спостерігача;старшому спостерігачу;старшим спостерігачем;;рядовий, сержантський, старшинський;801;;так;Старший спостерігач;Excel, МО 317
старший стартер-фінішер;старшого стартера-фінішера;старшому стартеру-фінішеру;старшим стартером-фінішером;;рядовий, сержантський, старшинський;865;211;;Старший стартер-фінішер;Excel, МО 317
старший стереотипер;старшого стереотипера;старшому стереотиперу;старшим стереотипером;;рядовий, сержантський, старшинський;867;922;;Старший стереотипер;Excel, МО 317
старший столяр;старшого столяра;старшому столяру;старшим столяром;;рядовий, сержантський, старшинський;871;798;;Старший столяр;Excel, МО 317
старший стрілець;старшого стрільця;старшому стрільцю;старшим стрільцем;;рядовий, сержантський, старшинський;868;100, 932;;Старший стрілець;Excel, МО 317
старший стрілець-вогнеметник;старшого стрільця-вогнеметника;старшому стрільцю-вогнеметнику;старшим стрільцем-вогнеметником;;рядовий, сержантський, старшинський;;;;;Excel
старший стрілець-зенітник;старшого стрільця-зенітника;старшому стрільцю-зенітнику;старшим стрільцем-зенітником;;рядовий, сержантський, старшинський;869;104;;Старший стрілець-зенітник;Excel, МО 317
старший стрілець-оператор;старшого стрільця-оператора;старшому стрільцю-оператору;старшим стрільцем-оператором;;рядовий, сержантський, старшинський;;;;;Excel
старший стрілець-регулювальник;старшого стрільця-регулювальника;старшому стрільцю-регулювальнику;старшим стрільцем-регулювальником;;рядовий, сержантський, старшинський;;;;;Excel
старший такелажник;старшого такелажника;старшому такелажнику;старшим такелажником;;рядовий, сержантський, старшинський;872;;так;Старший такелажник;Excel, МО 317
старший телеграфіст;старшого телеграфіста;старшому телеграфісту;старшим телеграфістом;;рядовий, сержантський, старшинський;873;403;;Старший телеграфіст;Excel, МО 317
старший телефоніст;старшого телефоніста;старшому телефоністу;старшим телефоністом;;рядовий, сержантський, старшинський;876;403;;Старший телефоніст;Excel, МО 317
старший телефоніст-лінійний;старшого телефоніста-лінійного;старшому телефоністу-лінійному;старшим телефоністом-лінійним;;рядовий, сержантський, старшинський;;;;;Excel
старший теодолітник;старшого теодолітника;старшому теодолітнику;старшим теодолітником;;рядовий, сержантський, старшинський;877;945, 956;;Старший теодолітник;Excel, МО 317
старший тесляр;старшого тесляра;старшому тесляру;старшим тесляром;;рядовий, сержантський, старшинський;826;798;;Старший тесляр;Excel, МО 317
старший технік;старшого техніка;старшому техніку;старшим техніком;;"рядовий, сержантський, старшинський; офіцерський";878;;так;Старший технік (роти, батареї чи їм рівних у разі заміни офіцерських посад інженерного та технічного складу);Excel, МО 317, складено
старший токар;старшого токаря;старшому токарю;старшим токарем;старшим токаром;рядовий, сержантський, старшинський;879;793;;Старший токар;Excel, МО 317
старший топогеодезист;старшого топогеодезиста;старшому топогеодезисту;старшим топогеодезистом;;рядовий, сержантський, старшинський;880;672, 674;;Старший топогеодезист;Excel, МО 317
старший торпедист;старшого торпедиста;старшому торпедисту;старшим торпедистом;;рядовий, сержантський, старшинський;881;330, 331, 332, 333;;Старший торпедист;Excel, МО 317
старший тракторист;старшого тракториста;старшому трактористу;старшим трактористом;;рядовий, сержантський, старшинський;883;740;;Старший тракторист;Excel, МО 317
старший трубопровідник;старшого трубопровідника;старшому трубопровіднику;старшим трубопровідником;;рядовий, сержантський, старшинський;884;958, 960;;Старший трубопровідник;Excel, МО 317
старший укладач парашутів;старшого укладача парашутів;старшому укладачу парашутів;старшим укладачем парашутів;;рядовий, сержантський, старшинський;885;212;;Старший укладач парашутів;Excel, МО 317
старший фельд'єгер;старшого фельд'єгеря;старшому фельд'єгерю;старшим фельд'єгерем;старшим фельд'єгером;рядовий, сержантський, старшинський;886;485;;Старший фельд'єгер;Excel, МО 317
старший фотограмметрист;старшого фотограмметриста;старшому фотограмметристу;старшим фотограмметристом;;рядовий, сержантський, старшинський;888;225, 676, 677;;Старший фотограмметрист;Excel, МО 317
старший фотограф;старшого фотографа;старшому фотографу;старшим фотографом;;рядовий, сержантський, старшинський;889;675;;Старший фотограф;Excel, МО 317
старший фоторадіотелеграфіст;старшого фоторадіотелеграфіста;старшому фоторадіотелеграфісту;старшим фоторадіотелеграфістом;;рядовий, сержантський, старшинський;890;446;;Старший фоторадіотелеграфіст;Excel, МО 317
старший фототелеграфіст;старшого фототелеграфіста;старшому фототелеграфісту;старшим фототелеграфістом;;рядовий, сержантський, старшинський;891;403, 454;;Старший фототелеграфіст;Excel, МО 317
старший фотоцинкограф;старшого фотоцинкографа;старшому фотоцинкографу;старшим фотоцинкографом;;рядовий, сержантський, старшинський;895;922;;Старший фотоцинкограф;Excel, МО 317
старший фрезерувальник;старшого фрезерувальника;старшому фрезерувальнику;старшим фрезерувальником;;рядовий, сержантський, старшинський;892;793;;Старший фрезерувальник;Excel, МО 317
старший фільмотекар;старшого фільмотекара;старшому фільмотекару;старшим фільмотекаром;;рядовий, сержантський, старшинський;887;677;;Старший фільмотекар;Excel, МО 317
старший хімік;старшого хіміка;старшому хіміку;старшим хіміком;;рядовий, сержантський, старшинський;893;187, 189, 191, 192, 195;;Старший хімік;Excel, МО 317
старший хімік-оператор;старшого хіміка-оператора;старшому хіміку-оператору;старшим хіміком-оператором;;рядовий, сержантський, старшинський;;;;;Excel
старший черговий зв'язку;старшого чергового зв'язку;старшому черговому зв'язку;старшим черговим зв'язку;;рядовий, сержантський, старшинський;728;211;;Старший черговий зв'язку (радіозв'язку);Excel, МО 317
старший швець;старшого шевця;старшому шевцю;старшим шевцем;старшим швецем;рядовий, сержантський, старшинський;856;789;;Старший швець;Excel, МО 317
старший штурман;старшого штурмана;старшому штурману;старшим штурманом;;офіцерський;;;;;складено
старший юрисконсульт;старшого юрисконсульта;старшому юрисконсульту;старшим юрисконсультом;;офіцерський;;;;;складено
старший інженер;старшого інженера;старшому інженеру;старшим інженером;;офіцерський;;;;;складено
старший інспектор;старшого інспектора;старшому інспектору;старшим інспектором;;"рядовий, сержантський, старшинський; офіцерський";184, 742;929, 932;;Старший інспектор (з безпеки дорожнього руху) | Старший інспектор (з відбору військовослужбовців за контрактом);МО 317, складено
старший інспектор-льотчик;старшого інспектора-льотчика;старшому інспектору-льотчику;старшим інспектором-льотчиком;;офіцерський;;;;;складено
старший інспектор-штурман;старшого інспектора-штурмана;старшому інспектору-штурману;старшим інспектором-штурманом;;офіцерський;;;;;складено
старший інструктор;старшого інструктора;старшому інструктору;старшим інструктором;;рядовий, сержантський, старшинський;746;;так;Старший інструктор (крім старшого санітарного інструктора);Excel, МО 317
старший інструментальник;старшого інструментальника;старшому інструментальнику;старшим інструментальником;;рядовий, сержантський, старшинський;747;793;;Старший інструментальник;Excel, МО 317
старшина;старшини;старшині;старшиною;;рядовий, сержантський, старшинський;687;787;;Старшина (роти, батареї та їм рівних);МО 317, складено
старшина батальйону;старшини батальйону;старшині батальйону;старшиною батальйону;;рядовий, сержантський, старшинський;;;;;складено
старшина батареї;старшини батареї;старшині батареї;старшиною батареї;;рядовий, сержантський, старшинський;;;;;складено
старшина бригади;старшини бригади;старшині бригади;старшиною бригади;;рядовий, сержантський, старшинський;;;;;складено
старшина взводу;старшини взводу;старшині взводу;старшиною взводу;;рядовий, сержантський, старшинський;;;;;складено
старшина відділення;старшиної відділенні;старшиній відділенні;старшиною відділеннею;;рядовий, сержантський, старшинський;;;;;складено
старшина військової частини;старшини військової частини;старшині військової частини;старшиною військової частини;;рядовий, сержантський, старшинський;;;;;складено
старшина групи;старшини групи;старшині групи;старшиною групи;;рядовий, сержантський, старшинський;;;;;складено
старшина дивізіону;старшини дивізіону;старшині дивізіону;старшиною дивізіону;;рядовий, сержантський, старшинський;;;;;складено
старшина екіпажу;старшини екіпажу;старшині екіпажу;старшиною екіпажу;;рядовий, сержантський, старшинський;;;;;складено
старшина ескадрильї;старшини ескадрильї;старшині ескадрильї;старшиною ескадрильї;;рядовий, сержантський, старшинський;;;;;складено
старшина загону;старшини загону;старшині загону;старшиною загону;;рядовий, сержантський, старшинський;;;;;складено
старшина команди;старшини команди;старшині команди;старшиною команди;;рядовий, сержантський, старшинський;911;;так;Старшина команди;Excel, МО 317
старшина командування;старшиної командуванні;старшиній командуванні;старшиною командуваннею;;рядовий, сержантський, старшинський;;;;;складено
старшина корпусу;старшини корпусу;старшині корпусу;старшиною корпусу;;рядовий, сержантський, старшинський;;;;;складено
старшина ланки;старшини ланки;старшині ланки;старшиною ланки;;рядовий, сержантський, старшинський;;;;;складено
старшина полку;старшини полку;старшині полку;старшиною полку;;рядовий, сержантський, старшинський;;;;;складено
старшина роти;старшини роти;старшині роти;старшиною роти;;рядовий, сержантський, старшинський;;;;;складено
статистик;статистика;статистику;статистиком;;рядовий, сержантський, старшинський;676;879;;Статистик;Excel, МО 317
стереотипер;стереотипера;стереотиперу;стереотипером;;рядовий, сержантський, старшинський;914;922;;Стереотипер;Excel, МО 317
столяр;столяра;столяру;столяром;;рядовий, сержантський, старшинський;919;798;;Столяр;Excel, МО 317
столяр-оббивальник;столяра-оббивальника;столяру-оббивальнику;столяром-оббивальником;;рядовий, сержантський, старшинський;;;;;Excel
страрший радіотелефоніст-гранатометник;страршого радіотелефоніста-гранатометника;страршому радіотелефоністу-гранатометнику;страршим радіотелефоністом-гранатометником;старшим радіотелефоністом-гранатометником;рядовий, сержантський, старшинський;;;;;Excel
стругальник;стругальника;стругальнику;стругальником;;рядовий, сержантський, старшинський;918;793;;Стругальник;Excel, МО 317
стрілець;стрільця;стрільцю;стрільцем;;рядовий, сержантський, старшинський;915;100, 932;;Стрілець;Excel, МО 317
стрілець-водій;стрільця-водія;стрільцю-водію;стрільцем-водієм;;рядовий, сержантський, старшинський;;;;;Excel
стрілець-гранатометник;стрільця-гранатометника;стрільцю-гранатометнику;стрільцем-гранатометником;;рядовий, сержантський, старшинський;;;;;Excel
стрілець-зенітник;стрільця-зенітника;стрільцю-зенітнику;стрільцем-зенітником;;рядовий, сержантський, старшинський;916;104;;Стрілець-зенітник;Excel, МО 317
стрілець-номер;стрільця-номера;стрільцю-номеру;стрільцем-номером;;рядовий, сержантський, старшинський;;;;;Excel
стрілець-оператор;стрільця-оператора;стрільцю-оператору;стрільцем-оператором;;рядовий, сержантський, старшинський;;;;;Excel
стрілець-помічник;стрільця-помічника;стрільцю-помічнику;стрільцем-помічником;;рядовий, сержантський, старшинський;;;;;Excel
стрілець-радіотелефоніст;стрільця-радіотелефоніста;стрільцю-радіотелефоністу;стрільцем-радіотелефоністом;;рядовий, сержантський, старшинський;;;;;Excel
стрілець-регулювальник;стрільця-регулювальника;стрільцю-регулювальнику;стрільцем-регулювальником;;рядовий, сержантський, старшинський;;;;;Excel
стрілець-рятівник;стрільця-рятівника;стрільцю-рятівнику;стрільцем-рятівником;;рядовий, сержантський, старшинський;;;;;Excel
стрілець-санітар;стрільця-санітара;стрільцю-санітару;стрільцем-санітаром;;рядовий, сержантський, старшинський;;;;;Excel
стрілець-снайпер;стрільця-снайпера;стрільцю-снайперу;стрільцем-снайпером;;рядовий, сержантський, старшинський;;;;;Excel
табельник;табельника;табельнику;табельником;;рядовий, сержантський, старшинський;935;901;;Табельник;Excel, МО 317
такелажник;такелажника;такелажнику;такелажником;;рядовий, сержантський, старшинський;936;;так;Такелажник;Excel, МО 317
телеграфіст;телеграфіста;телеграфісту;телеграфістом;;рядовий, сержантський, старшинський;940;403;;Телеграфіст;Excel, МО 317
телефоніст;телефоніста;телефоністу;телефоністом;;рядовий, сержантський, старшинський;942;403;;Телефоніст;Excel, МО 317
телефоніст-лінійний наглядач;телефоніста-лінійного наглядача;телефоністу-лінійному наглядачу;телефоністом-лінійним наглядачем;;рядовий, сержантський, старшинський;;;;;Excel
теодолітник;теодолітника;теодолітнику;теодолітником;;рядовий, сержантський, старшинський;943;945, 956;;Теодолітник;Excel, МО 317
терміст;терміста;термісту;термістом;;рядовий, сержантський, старшинський;944;794;;Терміст;Excel, МО 317
тесляр;тесляра;тесляру;тесляром;;рядовий, сержантський, старшинський;568;798;;Тесляр;Excel, МО 317
технік;техніка;техніку;техніком;;"рядовий, сержантський, старшинський; офіцерський";945, 946;003, 004, 007, 008, 015, 016, 019, 020, 021, 028, 029, 033, 034, 035, 036, 038, 039, 040, 047, 048, 052, 053, 054, 055, 057, 058, 059, 065, 069, 070, 071, 072, 074, 075, 081, 084, 085, 086, 225, 226, 227, 234, 236, 256, 267, 304, 602, 654, 702, 703, 704, 706, 707, 726, 727, 732;так;Технік | Технік (з ракетної, зенітної ракетної зброї);Excel, МО 317, складено
технік зубний;техніка зубного;техніку зубному;техніком зубним;;рядовий, сержантський, старшинський;109;879;;Технік зубний;МО 317
технік із системного адміністрування;техніка із системного адміністрування;техніку із системного адміністрування;техніком із системного адміністрування;;рядовий, сержантський, старшинський;952;600, 603, 605, 606;;Технік із системного адміністрування;МО 317
токар;токаря;токарю;токарем;;рядовий, сержантський, старшинський;947;793;;Токар;Excel, МО 317
топогеодезист;топогеодезиста;топогеодезисту;топогеодезистом;;рядовий, сержантський, старшинський;948;672, 674;;Топогеодезист;Excel, МО 317
торпедист;торпедиста;торпедисту;торпедистом;;рядовий, сержантський, старшинський;949;330, 331, 332, 333;;Торпедист;Excel, МО 317
тракторист;тракториста;трактористу;трактористом;;рядовий, сержантський, старшинський;950;738, 740;;Тракторист;Excel, МО 317
тракторист-машиніст;тракториста-машиніста;трактористу-машиністу;трактористом-машиністом;;рядовий, сержантський, старшинський;;;;;Excel
тренер;тренера;тренеру;тренером;;рядовий, сержантський, старшинський;955;906;;Тренер;Excel, МО 317
тренер-адміністратор;тренера-адміністратора;тренеру-адміністратору;тренером-адміністратором;;рядовий, сержантський, старшинський;953;906;;Тренер-адміністратор;Excel, МО 317
тренер-масажист;тренера-масажиста;тренеру-масажисту;тренером-масажистом;;рядовий, сержантський, старшинський;954;906;;Тренер-масажист;Excel, МО 317
трубопровідник;трубопровідника;трубопровіднику;трубопровідником;;рядовий, сержантський, старшинський;951;958, 960;;Трубопровідник;Excel, МО 317
укладач парашутів;укладача парашутів;укладачу парашутів;укладачем парашутів;;рядовий, сержантський, старшинський;956;212, 832;;Укладач парашутів;Excel, МО 317
фельд'єгер;фельд'єгеря;фельд'єгерю;фельд'єгерем;фельд'єгером;рядовий, сержантський, старшинський;960;485;;Фельд'єгер;Excel, МО 317
фельдшер;фельдшера;фельдшеру;фельдшером;;рядовий, сержантський, старшинський;962;879, 885;;Фельдшер;Excel, МО 317
фельдшер-рятувальник;фельдшера-рятувальника;фельдшеру-рятувальнику;фельдшером-рятувальником;;рядовий, сержантський, старшинський;963;879;;Фельдшер-рятувальник (бортовий);Excel, МО 317
формувальник;формувальника;формувальнику;формувальником;;рядовий, сержантський, старшинський;965;788;;Формувальник;Excel, МО 317
форсунник;форсунника;форсуннику;форсунником;;рядовий, сержантський, старшинський;966;980;;Форсунник;Excel, МО 317
фотограмметрист;фотограмметриста;фотограмметристу;фотограмметристом;;рядовий, сержантський, старшинський;967;225, 676, 677;;Фотограмметрист;Excel, МО 317
фотограф;фотографа;фотографу;фотографом;;рядовий, сержантський, старшинський;968;675;;Фотограф;Excel, МО 317
фотокореспондент;фотокореспондента;фотокореспонденту;фотокореспондентом;;рядовий, сержантський, старшинський;969;914;;Фотокореспондент;Excel, МО 317
фоторадіотелеграфіст;фоторадіотелеграфіста;фоторадіотелеграфісту;фоторадіотелеграфістом;;рядовий, сержантський, старшинський;970;446;;Фоторадіотелеграфіст;Excel, МО 317
фототелеграфіст;фототелеграфіста;фототелеграфісту;фототелеграфістом;;рядовий, сержантський, старшинський;971;403, 454;;Фототелеграфіст;Excel, МО 317
фотоцинкограф;фотоцинкографа;фотоцинкографу;фотоцинкографом;;рядовий, сержантський, старшинський;980;922;;Фотоцинкограф;Excel, МО 317
фрезерувальник;фрезерувальника;фрезерувальнику;фрезерувальником;;рядовий, сержантський, старшинський;972;793;;Фрезерувальник;Excel, МО 317
фільмотекар;фільмотекара;фільмотекару;фільмотекаром;;рядовий, сержантський, старшинський;964;677;;Фільмотекар;Excel, МО 317
художник;художника;художнику;художником;;рядовий, сержантський, старшинський;977;912, 922;;Художник;Excel, МО 317
хімік;хіміка;хіміку;хіміком;;рядовий, сержантський, старшинський;976;187;так;Хімік;Excel, МО 317
черговий;чергового;черговому;черговим;;"рядовий, сержантський, старшинський; офіцерський";070;100, 908, 957;;Черговий;Excel, МО 317, складено
черговий по зв'язку;чергового по зв'язку;черговому по зв'язку;черговим по зв'язку;;рядовий, сержантський, старшинський;069;211, 403, 420, 429, 430, 460;;Черговий по зв'язку (радіозв'язку);МО 317
черговий по зв'язку та радіотехнічному забезпеченню польотів;чергового по зв'язку та радіотехнічному забезпеченню польотів;черговому по зв'язку та радіотехнічному забезпеченню польотів;черговим по зв'язку та радіотехнічному забезпеченню польотів;;рядовий, сержантський, старшинський;068;525, 526, 527, 528, 529, 530, 531, 532, 533;;Черговий по зв'язку та радіотехнічному забезпеченню польотів;Excel, МО 317
черговий помічник військового коменданта;чергового помічника військового коменданта;черговому помічнику військового коменданта;черговим помічником військового коменданта;;рядовий, сержантський, старшинський;071;100, 908;;Черговий помічник військового коменданта;Excel, МО 317
черговий стрілочного поста;чергового стрілочного поста;черговому стрілочного поста;черговим стрілочного поста;;рядовий, сержантський, старшинський;986;948;;Черговий стрілочного поста;Excel, МО 317
швець;шевця;шевцю;шевцем;швецем;рядовий, сержантський, старшинський;663;789;;Швець;Excel, МО 317
шляховий робітник;шляхового робітника;шляховому робітнику;шляховим робітником;;рядовий, сержантський, старшинський;087;945;;Шляховий робітник;Excel, МО 317
шліфувальник;шліфувальника;шліфувальнику;шліфувальником;;рядовий, сержантський, старшинський;987;793;;Шліфувальник;Excel, МО 317
штаб-сержант;штаб-сержанта;штаб-сержанту;штаб-сержантом;;рядовий, сержантський, старшинський;;;;;Excel
штаб-сержант 1 категорії;штаб-сержанта 1 категорії;штаб-сержанту 1 категорії;штаб-сержантом 1 категорії;;рядовий, сержантський, старшинський;699;100, 106, 108, 600, 617, 904, 911, 915, 929, 992, 993, 994;;Штаб-сержант 1 категорії (Апарату Головнокомандувача Збройних Сил України, у структурних підрозділах Генерального штабу Збройних Сил України та органах військового управління, які утримуються на окремих штатах і підпорядковані Міністерству оборони України, Головнокомандувачу Збройних Сил України та Генеральному штабу Збройних Сил України);МО 317
штаб-сержант 2 категорії;штаб-сержанта 2 категорії;штаб-сержанту 2 категорії;штаб-сержантом 2 категорії;штабом-сержантом 2 категорії;рядовий, сержантський, старшинський;722;100, 106, 108, 600, 617, 904, 911, 915, 929, 992, 993, 994, 997;;Штаб-сержант 2 категорії (органу військового управління);Excel, МО 317
штаб-сержант 3 категорії;штаб-сержанта 3 категорії;штаб-сержанту 3 категорії;штаб-сержантом 3 категорії;штабом-сержантом 3 категорії;рядовий, сержантський, старшинський;;;;;Excel
штаб-сержант 3 категорії батальйону та їм рівних;штаб-сержанта 3 категорії батальйону та їм рівних;штаб-сержанту 3 категорії батальйону та їм рівних;штаб-сержантом 3 категорії батальйону та їм рівних;;рядовий, сержантський, старшинський;723;100, 106, 107, 108, 600, 617, 911, 915, 929, 997;;Штаб-сержант 3 категорії (бригади, полку та їм рівних, підрозділів Військової служби правопорядку, окремого (лінійного) батальйону (дивізіону) та їм рівних);МО 317
штаб-сержант вищої категорії;штаб-сержанта вищої категорії;штаб-сержанту вищої категорії;штаб-сержантом вищої категорії;;рядовий, сержантський, старшинський;719;929;;Штаб-сержант вищої категорії (в апараті керівництва структурних підрозділах Генерального штабу Збройних Сил України та Командування об'єднаних сил Збройних Сил України);МО 317
штампувальник;штампувальника;штампувальнику;штампувальником;;рядовий, сержантський, старшинський;989;793;;Штампувальник;Excel, МО 317
штукатур;штукатура;штукатуру;штукатуром;;рядовий, сержантський, старшинський;990;956;;Штукатур;Excel, МО 317
штурман;штурмана;штурману;штурманом;;"рядовий, сержантський, старшинський; офіцерський";973;210;;Штурман (літака);МО 317, складено
юрисконсульт;юрисконсульта;юрисконсульту;юрисконсультом;;офіцерський;;;;;складено
інженер;інженера;інженеру;інженером;;"рядовий, сержантський, старшинський; офіцерський";;;;;Excel, складено
інспектор;інспектора;інспектору;інспектором;;"рядовий, сержантський, старшинський; офіцерський";118, 626;600, 601, 932;;Інспектор (з безпеки дорожнього руху) | Інспектор (з ведення військового обліку);Excel, МО 317, складено
інструктор;інструктора;інструктору;інструктором;;рядовий, сержантський, старшинський;113, 119;200, 586, 666, 788, 885, 886;так;Інструктор (ветеринарний, кулінар, пошукової собаки, службової собаки, технічних засобів охоронної сигналізації) | Інструктор;Excel, МО 317
інструктор з бойової армійської системи;інструктора з бойової армійської системи;інструктору з бойової армійської системи;інструктором з бойової армійської системи;;рядовий, сержантський, старшинський;123;906;;Інструктор з бойової армійської системи;МО 317
інструктор з водіння;інструктора з водіння;інструктору з водіння;інструктором з водіння;;рядовий, сержантський, старшинський;122, 126;113, 116, 117, 118, 121, 122, 123, 124, 125, 126, 130, 132, 134, 136, 140, 144, 157, 168, 178, 179;так;Інструктор з водіння (підрозділів забезпечення військових частин за наявності штатної техніки) | Інструктор з водіння (танків, бойових машин та машин на бронетанковій базі);МО 317
інструктор з рукопашного бою;інструктора з рукопашного бою;інструктору з рукопашного бою;інструктором з рукопашного бою;;рядовий, сержантський, старшинський;110;906;;Інструктор з рукопашного бою;МО 317
інструктор з фізичної підготовки і спорту;інструктора з фізичної підготовки і спорту;інструктору з фізичної підготовки і спорту;інструктором з фізичної підготовки і спорту;;рядовий, сержантський, старшинський;115;906;;Інструктор з фізичної підготовки і спорту;МО 317
інструктор команди;інструктора команди;інструктору команди;інструктором команди;;рядовий, сержантський, старшинський;120;;так;Інструктор команди;МО 317
інструктор із тактичної медицини роти та їм рівних;інструктора із тактичної медицини роти та їм рівних;інструктору із тактичної медицини роти та їм рівних;інструктором із тактичної медицини роти та їм рівних;;рядовий, сержантський, старшинський;127;878;;Інструктор із тактичної медицини роти (батареї) та їм рівних;МО 317
інструментальник;інструментальника;інструментальнику;інструментальником;;рядовий, сержантський, старшинський;124;793;;Інструментальник;Excel, МО 317
інструментальник-комірник;інструментальника-комірника;інструментальнику-комірнику;інструментальником-комірником;;рядовий, сержантський, старшинський;;;;;Excel
