№ з/п;Код посади;Найменування посади;Штатне звання;Код звання;ВОС (як у переліку);Номери ВОС;Коди ВОС-посада;Усі ВОС;Крім ВОС;Тарифний розряд
001;001;Авіаційний спеціаліст;Молодший сержант;404;220001-228001, 240001, 279001;220, 221, 222, 223, 224, 225, 226, 227, 228, 240, 279;220001, 221001, 222001, 223001, 224001, 225001, 226001, 227001, 228001, 240001, 279001;;;7/6
002;002;Авіаційний механік;Старший солдат;405;220002-228002, 240002, 279002;220, 221, 222, 223, 224, 225, 226, 227, 228, 240, 279;220002, 221002, 222002, 223002, 224002, 225002, 226002, 227002, 228002, 240002, 279002;;;5/4
003;049;Авіаційний технік;Головний сержант;419;220049-228049, 240049, 279049;220, 221, 222, 223, 224, 225, 226, 227, 228, 240, 279;220049, 221049, 222049, 223049, 224049, 225049, 226049, 227049, 228049, 240049, 279049;;;10
004;003;Автопілотник;Солдат;406;Усі ВОС;;;так;;3/2
005;004;Ад'ютант;Старший солдат;405;901004;901;901004;;;7
006;005;Акумуляторник;Солдат;406;262005, 366005, 792005;262, 366, 792;262005, 366005, 792005;;;3/2
007;007;Апаратник;Солдат;406;799007, 959007, 982007;799, 959, 982;799007, 959007, 982007;;;3/2
008;008;Арматурник;Солдат;406;956008;956;956008;;;2/2
009;012;Артист вищої категорії (для оркестру вищої категорії, 1 категорії);Сержант / старшина 1 статті;403 / 453;Перелік 3;;;;;
010;293;Артист вищої категорії (для оркестру 2 категорії);Старший солдат / старший матрос;405 / 455;Перелік 3;;;;;
011;011;Артист першої категорії (для оркестру вищої категорії, 1 категорії);Старший солдат / старший матрос;405 / 455;Перелік 3;;;;;
012;026;Артист-тамбурмажор вищої категорії;Старший солдат / старший матрос;405 / 455;917026;917;917026;;;4/4
013;027;Артист-тамбурмажор першої категорії;Солдат / матрос;406 / 456;917027;917;917027;;;3/3
014;028;Артист-тамбурмажор другої категорії;Солдат / матрос;406 / 456;917028;917;917028;;;2/2
015;029;Артист першої категорії (для оркестру 2 категорії);Старший солдат / старший матрос;405 / 455;Перелік 3;;;;;
016;239;Артист другої категорії (для оркестру вищої категорії, 1 категорії);Старший солдат / старший матрос;405 / 455;Перелік 3;;;;;
017;066;Артист другої категорії (для оркестру 2 категорії);Старший солдат / старший матрос;405 / 455;Перелік 3;;;;;
018;979;Асистент (фізичного терапевта, ерготерапевта);Сержант;403;881979;881;881979;;;7
019;006;Артист (для оркестру вищої категорії, 1 категорії);Солдат / матрос;406 / 456;Перелік 3;;;;;
020;013;Артист (для оркестру 2 категорії);Солдат / матрос;406 / 456;Перелік 3;;;;;
021;009;Архіваріус;Солдат;406;901009;901;901009;;;2/2
022;010;Асфальтобетонник;Солдат;406;956010;956;956010;;;2/2
023;015;Баталер;Старшина 1 статті;453;787015, 788015, 789015, 900015, 911015;787, 788, 789, 900, 911;787015, 788015, 789015, 900015, 911015;;;7
024;016;Бетоняр;Солдат;406;956016;956;956016;;;2/2
025;017;Бібліотекар;Солдат;406;912017;912;912017;;;2/2
026;018;Бортовий механік-випробувач;Головний сержант;419;220018, 221018, 223018;220, 221, 223;220018, 221018, 223018;;;11
027;019;Бортовий механік (літака, вертольота);Сержант;403;220019, 221019, 223019;220, 221, 223;220019, 221019, 223019;;;8
028;021;Бортовий технік;Головний сержант;419;220021, 221021, 223021;220, 221, 223;220021, 221021, 223021;;;10
029;022;"Боцман (великого підводного човна, надводного корабля 1 рангу, морського судна, де за посадою командира цього судна встановлено військове звання ""капітан 1 рангу"")";Головний корабельний старшина;451;303022;303;303022;;;10
030;020;"Боцман (середнього підводного човна, надводного корабля 2 рангу, морського судна, де за посадою командира цього судна встановлено військове звання ""капітан 2 рангу"")";Головний старшина;452;303020;303;303020;;;9
031;083;"Боцман (малого підводного човна, надводного корабля 3 рангу, морського судна, де за посадою командира цього судна встановлено військове звання ""капітан 3 рангу"")";Старшина 1 статті;453;303083;303;303083;;;8
032;025;Бухгалтер;Старший солдат;405;900025;900;900025;;;7/4
033;111;Бухгалтер (1 категорії);Старший солдат;405;900111;900;900111;;;8
034;053;Бухгалтер (2 категорії);Старший солдат;405;900053;900;900053;;;7/5
035;033;Бойовий медик взводу;Молодший сержант;404;878033;878;878033;;;7/5
038;030;Вагранник;Солдат;406;975030;975;975030;;;1/1
039;031;Водолаз-радист (військових частин і підрозділів спеціального призначення, спеціальної розвідки);Старший матрос;455;383031;383;383031;;;7/6
040;046;Водій-сапер розмінування;Солдат;406;185046;185;185046;;;4/3
042;048;Водій електронавантажувача (автонавантажувача);Солдат;406;Усі ВОС;;;так;;4/3
043;014;Відповідальний виконавець (центрів забезпечення охорони державної таємниці, кораблів 1 рангу);Старший солдат / старший матрос;405 / 455;901014, 904014, 992014, 994014;901, 904, 992, 994;901014, 904014, 992014, 994014;;;8
044;547;Відповідальний виконавець;Старший солдат / старший матрос;405 / 455;901547, 992547, 994547;901, 992, 994;901547, 992547, 994547;;;8
045;548;Відповідальний секретар (редакції);Старший солдат;405;914548;914;914548;;;6
046;036;Візирник;Солдат;406;Усі ВОС;;;так;;2/2
047;063;Вістовий;Матрос;456;788063;788;788063;;;1/1
048;125;Випробувач (колісних, гусеничних машин, танків);Молодший сержант;404;113125, 116125 - 118125, 121125 - 126125, 738125, 739125, 790125;113, 116, 117, 118, 121, 122, 123, 124, 125, 126, 738, 739, 790;113125, 116125, 117125, 118125, 121125, 122125, 123125, 124125, 125125, 126125, 738125, 739125, 790125;;;6/5
049;050;Випробувач (парашутів);Сержант;403;210050, 212050;210, 212;210050, 212050;;;7
050;540;Вогнеметник;Солдат;406;193540;193;193540;;;4/3
051;037;Водій;Солдат;406;"а) усі ВОС, крім ВОС, зазначених у пунктах ""б"" та ""в"";";;;так;;3/2
051;037;Водій;Солдат;406;"б) 790037;";790;790037;;;4/2
051;037;Водій;Солдат;406;в) тільки для бойових військових частин: 124037, 125037, 127037, 180037, 790037;124, 125, 127, 180, 790;124037, 125037, 127037, 180037, 790037;;;5/2
052;057;Водій-заправник;Солдат;406;790057;790;790057;;;5/3
053;058;Водій-електрик;Солдат;406;124058, 125058, 790058;124, 125, 790;124058, 125058, 790058;;;5/3
054;059;Водій-кранівник;Солдат;406;790059;790;790059;;;5/3
055;038;Водій дрезини;Солдат;406;953038;953;953038;;;3/3
056;996;Водій електровізка;Солдат;406;792996;792;792996;;;2/2
057;039;Водолаз;Солдат;406;172039, 379039 - 386039;172, 379, 380, 381, 382, 383, 384, 385, 386;172039, 379039, 380039, 381039, 382039, 383039, 384039, 385039, 386039;;;4/3
058;040;Вожатий службових собак;Солдат;406;200040, 886040;200, 886;200040, 886040;;;3/2
059;044;Вулканізаторник;Солдат;406;796044;796;796044;;;2/2
060;051;Газівник;Солдат;406;799051;799;799051;;;2/2
061;052;Гальванік;Солдат;406;972052;972;972052;;;2/2
062;054;Гідроакустик;Матрос;456;340054 - 346054;340, 341, 342, 343, 344, 345, 346;340054, 341054, 342054, 343054, 344054, 345054, 346054;;;3/3
063;055;Гідрометеоспостерігач;Солдат;406;631055, 632055;631, 632;631055, 632055;;;2/2
064;056;Гіроскопіст;Солдат;406;Усі ВОС;;;так;;1/1
065;064;Головна медична сестра (головний медичний брат);Головний сержант;419;879064;879;879064;;;8
066;065;Головний боцман;Штаб-старшина;470;303065;303;303065;;;10
067;974;Головний сержант (роти, батареї та їм рівних);Головний сержант;419;Усі ВОС:;;;так;;
067;974;Головний сержант (роти, батареї та їм рівних);Головний сержант;419;"а) для усіх військових частин, крім зазначених у пункті ""б"", ""в"";";;;;;11
067;974;Головний сержант (роти, батареї та їм рівних);Головний сержант;419;"б) для бойових військових частин;";;;;;12
067;974;Головний сержант (роти, батареї та їм рівних);Головний сержант;419;в) зонального відділення Військової служби правопорядку;;;;;20
068;975;Головний сержант (взводу, обслуги);Старший сержант;402;Усі ВОС:;;;так;;
068;975;Головний сержант (взводу, обслуги);Старший сержант;402;"а) для усіх військових частин, крім зазначених у пункті ""б"";";;;;;9
068;975;Головний сержант (взводу, обслуги);Старший сержант;402;б) для бойових військових частин;;;;;10
069;912;Головний сержант ансамблю;Майстер-сержант;430;918912;918;918912;;;12
070;900;Головний сержант оркестру (для оркестрів вищої категорії, 1 категорії);Штаб-сержант;420;917900;917;917900;;;12
071;917;Головний сержант оркестру (для оркестрів 2 категорії);Головний сержант;419;917917;917;917917;;;11
072;981;Головний сержант військової частини (бригади, полку, структурного підрозділу Військової служби правопорядку Збройних Сил України, військово-медичного клінічного центру, окремого батальйону, окремого дивізіону та їм рівних);Майстер-сержант / майстер-старшина;430 / 480;"Усі ВОС крім зазначених у пункті ""г"":";;;так;;
072;981;Головний сержант військової частини (бригади, полку, структурного підрозділу Військової служби правопорядку Збройних Сил України, військово-медичного клінічного центру, окремого батальйону, окремого дивізіону та їм рівних);Майстер-сержант / майстер-старшина;430 / 480;"а) окремого батальйону (окремого дивізіону) та їм рівних;";;;;;20
072;981;Головний сержант військової частини (бригади, полку, структурного підрозділу Військової служби правопорядку Збройних Сил України, військово-медичного клінічного центру, окремого батальйону, окремого дивізіону та їм рівних);Майстер-сержант / майстер-старшина;430 / 480;"б) полку, спеціального відділу, центру спеціальних операцій, центру спеціального призначення Військової служби правопорядку, військово-медичного клінічного центру та їм рівних;";;;;;21
072;981;Головний сержант військової частини (бригади, полку, структурного підрозділу Військової служби правопорядку Збройних Сил України, військово-медичного клінічного центру, окремого батальйону, окремого дивізіону та їм рівних);Майстер-сержант / майстер-старшина;430 / 480;"в) бригади та їм рівних;";;;;;22
072;981;Головний сержант військової частини (бригади, полку, структурного підрозділу Військової служби правопорядку Збройних Сил України, військово-медичного клінічного центру, окремого батальйону, окремого дивізіону та їм рівних);Майстер-сержант / майстер-старшина;430 / 480;г) територіального (центрального) управління Військової служби правопорядку - 929981;929;929981;;;23
073;982;Головний сержант (батальйону, дивізіону, ескадрильї, госпіталю, структурного підрозділу Військової служби правопорядку Збройних Сил України, окремої роти та їм рівних, крім окремого батальйону, окремого дивізіону);Штаб-сержант / штаб-старшина;420 / 470;Усі ВОС:;;;так;;
073;982;Головний сержант (батальйону, дивізіону, ескадрильї, госпіталю, структурного підрозділу Військової служби правопорядку Збройних Сил України, окремої роти та їм рівних, крім окремого батальйону, окремого дивізіону);Штаб-сержант / штаб-старшина;420 / 470;"а) для усіх військових частин, крім зазначених у пункті ""б"", ""в"";";;;;;17
073;982;Головний сержант (батальйону, дивізіону, ескадрильї, госпіталю, структурного підрозділу Військової служби правопорядку Збройних Сил України, окремої роти та їм рівних, крім окремого батальйону, окремого дивізіону);Штаб-сержант / штаб-старшина;420 / 470;"б) для бойових військових та навчальних військових частин;";;;;;18
073;982;Головний сержант (батальйону, дивізіону, ескадрильї, госпіталю, структурного підрозділу Військової служби правопорядку Збройних Сил України, окремої роти та їм рівних, крім окремого батальйону, окремого дивізіону);Штаб-сержант / штаб-старшина;420 / 470;в) зонального відділу Військової служби правопорядку та їм рівних;;;;;22
074;991;Головний сержант (навчальної військової частини (центру), коледжу, вищого військового навчального закладу);Майстер-сержант / майстер-старшина;430 / 480;Усі ВОС:;;;так;;
074;991;Головний сержант (навчальної військової частини (центру), коледжу, вищого військового навчального закладу);Майстер-сержант / майстер-старшина;430 / 480;"а) навчальної військової частини (центру);";;;;;21
074;991;Головний сержант (навчальної військової частини (центру), коледжу, вищого військового навчального закладу);Майстер-сержант / майстер-старшина;430 / 480;б) коледжу, вищого військового навчального закладу;;;;;22
075;992;Головний сержант-спортсмен (спортивного клубу);Штаб-сержант;420;906992, 929992;906, 929;906992, 929992;;;12
076;983;"Головний старшина корабля (великого підводного човна, надводного корабля 1 рангу, морського судна, де за посадою командира цього судна встановлено військове звання ""капітан 1 рангу"")";Майстер-старшина;480;Усі ВОС;;;так;;21
077;985;"Головний старшина корабля (середнього підводного човна, надводного корабля 2 рангу, морського судна, де за посадою командира цього судна встановлено військове звання ""капітан 2 рангу"")";Штаб-старшина;470;Усі ВОС;;;так;;20
078;998;"Головний старшина корабля (малого підводного човна, надводного корабля 3 рангу, морського судна, де за посадою командира цього судна встановлено військове звання ""капітан 3 рангу"")";Головний корабельний старшина;451;Усі ВОС;;;так;;17
079;999;"Головний старшина корабля (крім головного старшини підводного човна, надводного корабля 1, 2 і 3 рангу та морського судна, де за посадою командира корабля встановлено військове звання ""капітан 1, 2 і 3 рангу"")";Головний старшина;452;Усі ВОС;;;так;;12
080;062;Головний сержант (Генерального штабу Збройних Сил України, виду Збройних Сил України, Об’єднаних сил Збройних Сил України та Адміністрації Державної спеціальної служби транспорту);Головний майстер-сержант / головний майстер-старшина;432 / 482;929062;929;929062;;;24
081;060;Головний сержант (окремого роду сил, військ, оперативного, повітряного та морського командування, органу військового управління, у підпорядкуванні якого знаходяться військові частини та командування підготовки виду Збройних Сил України);Старший майстер-сержант / старший майстер-старшина;431 / 481;"а) окремого роду сил, військ та органу військового управління, у підпорядкуванні якого знаходяться військові частини,- 929060;";929;929060;;;24
081;060;Головний сержант (окремого роду сил, військ, оперативного, повітряного та морського командування, органу військового управління, у підпорядкуванні якого знаходяться військові частини та командування підготовки виду Збройних Сил України);Старший майстер-сержант / старший майстер-старшина;431 / 481;б) оперативного, повітряного та морського командування, флотилії, корпусу, регіонального управління Сил територіальної оборони, командування підготовки виду Збройних Сил України - 929060;929;929060;;;23
082;075;Головний сержант Збройних Сил України;Головний майстер-сержант / головний майстер-старшина;432 / 482;929075;929;929075;;;25
084;061;Гранатометник;Солдат;406;102061, 103061:;102, 103;102061, 103061;;;
084;061;Гранатометник;Солдат;406;"а) усі військові частини, крім зазначених у пункті ""б"";";;;;;4/3
084;061;Гранатометник;Солдат;406;б) тільки для бойових військових частин;;;;;5/3
085;067;Далекомірник;Солдат;406;626067;626;626067;;;3/2
086;072;Дегазатор;Солдат;406;189072;189;189072;;;2/2
087;073;Дезінфектор;Солдат;406;878073;878;878073;;;2/1
088;076;Дефектувальник;Солдат;406;Усі ВОС;;;так;;1/1
089;077;Дешифрувальник;Солдат;406;Усі ВОС;;;так;;2/2
090;078;Дешифрувальник (аерофотографічної служби);Старший солдат;405;677078;677;677078;;;7
091;079;Дизеліст;Солдат;406;Усі ВОС;;;так;;2/2
092;080;Диспетчер (з перельотів і посадок);Солдат;406;211080;211;211080;;;6/6
093;081;Диспетчер;Солдат;406;Усі ВОС;;;так;;3/3
094;074;Діловод;Старший солдат;405;901074;901;901074;;;4/4
095;082;Діловод-статистик (з обліку особового складу);Старший солдат;405;901082;901;901082;;;5/5
096;084;Дозиметрист;Солдат;406;187084;187;187084;;;2/2
097;085;Дозувальник;Солдат;406;Усі ВОС;;;так;;1/1
098;032;Днювальний;Солдат;406;957032;957;957032;;;2/2
099;088;Дресирувальник;Солдат;406;886088;886;886088;;;2/2
100;561;Друкар;Солдат;406;922561;922;922561;;;2/2
101;993;Експедитор;Солдат;406;485993, 901993;485, 901;485993, 901993;;;3/3
102;995;Електрик;Солдат;406;Усі ВОС;;;так;;2/2
103;664;Електрозварник;Солдат;406;795664;795;795664;;;2/2
104;997;Електромонтер;Солдат;406;Усі ВОС;;;так;;2/2
105;094;Заступник начальника Управління (в апараті головного сержанта Збройних Сил України);Старший майстер-сержант / старший майстер-старшина;431 / 481;929094;929;929094;;;24
106;096;Сапер розмінування;Солдат;406;185096;185;185096;;;5
107;098;Старший сапер розмінування;Старший солдат;405;185098;185;185098;;;6
108;105;Заряджаючий;Солдат;406;Усі ВОС;;;так;;5
109;099;Заступник командира групи (військових частин і підрозділів спеціального призначення, спеціальних операцій та спеціальної розвідки);Головний сержант;419;107099, 108099;107, 108;107099, 108099;;;10
110;100;Заступник командира бойової машини - навідник-оператор;Молодший сержант;404;121100, 122100;121, 122;121100, 122100;;;8/6
111;101;Заступник командира відділення (для підрозділів морської піхоти та корабельного складу);Старший солдат / старший матрос;405 / 455;100101-104101, 106101, 124101, 140101, 143101, 155101, 156101, 163101, 300101, 302101, 307101, 310101;100, 101, 102, 103, 104, 106, 124, 140, 143, 155, 156, 163, 300, 302, 307, 310;100101, 101101, 102101, 103101, 104101, 106101, 124101, 140101, 143101, 155101, 156101, 163101, 300101, 302101, 307101, 310101;;;7/4
112;102;Заступник начальника пункту управління;Сержант;403;616102;616;616102;;;6
113;103;Заступник начальника обслуги;Старший сержант;402;034103, 048103, 053103, 070103, 072103, 612103;034, 048, 053, 070, 072, 612;034103, 048103, 053103, 070103, 072103, 612103;;;8/6
114;106;Звукометрист;Солдат;406;627106;627;627106;;;3/2
115;108;Заступник начальника Центру підготовки сержантського (старшинського) складу;Майстер-сержант / майстер-старшина;430 / 480;929108;929;929108;;;20
116;671;Оператор безпілотних літальних апаратів (мікро та міні);Солдат;406;216671-219671;216, 217, 218, 219;216671, 217671, 218671, 219671;;;4
117;107;Зуборізальник;Солдат;406;793107;793;793107;;;2/2
118;090;Дешифрувальник розвідувальних матеріалів з безпілотних літальних апаратів;Солдат;406;276090;276;276090;;;3
119;123;Інструктор з бойової армійської системи;Старший сержант;402;906123;906;906123;;;11
120;118;Інспектор (з безпеки дорожнього руху);Старший сержант;402;932118;932;932118;;;10
121;112;Рекрутер;Головний сержант / головний корабельний старшина;419 / 451;929112;929;929112;;;10
122;121;Оператор безпілотних літальних апаратів (малі);Солдат;406;216121-219121;216, 217, 218, 219;216121, 217121, 218121, 219121;;;5
123;113;Інструктор (ветеринарний, кулінар, пошукової собаки, службової собаки, технічних засобів охоронної сигналізації);Молодший сержант;404;200113, 586113, 666113, 788113, 885113, 886113;200, 586, 666, 788, 885, 886;200113, 586113, 666113, 788113, 885113, 886113;;;6/5
124;110;Інструктор з рукопашного бою;Сержант;403;906110;906;906110;;;11
125;115;Інструктор з фізичної підготовки і спорту;Сержант;403;906115;906;906115;;;11
126;119;Інструктор;Старший сержант;402;Усі ВОС, крім ВОС: 200119, 586119, 666119, 788119, 885119, 886119, 906119, 929119. За винятком центрів підготовки сержантського (старшинського) складу: 929119;;;так;200, 586, 666, 788, 885, 886, 906, 929;11/6
127;120;Інструктор команди;Головний старшина;452;Усі ВОС;;;так;;10
128;122;Інструктор з водіння (підрозділів забезпечення військових частин за наявності штатної техніки);Старший сержант;402;Усі ВОС, крім ВОС: 113126, 116126 - 118126, 121126 - 126126, 132126, 134126, 136126, 140126, 144126, 157126, 168126, 178126, 179126;;;так;113, 116, 117, 118, 121, 122, 123, 124, 125, 126, 132, 134, 136, 140, 144, 157, 168, 178, 179;11
129;126;Інструктор з водіння (танків, бойових машин та машин на бронетанковій базі);Головний сержант;419;У військових навчальних закладах, навчальних підрозділах, військових частинах і з’єднаннях: 113126, 116126–118126, 121126–126126, 130126, 132126, 134126, 136126, 140126, 144126, 157126, 168126, 178126, 179126;113, 116, 117, 118, 121, 122, 123, 124, 125, 126, 130, 132, 134, 136, 140, 144, 157, 168, 178, 179;113126, 116126, 117126, 118126, 121126, 122126, 123126, 124126, 125126, 126126, 130126, 132126, 134126, 136126, 140126, 144126, 157126, 168126, 178126, 179126;;;11
130;124;Інструментальник;Солдат;406;793124;793;793124;;;1/1
131;127;Інструктор із тактичної медицини роти (батареї) та їм рівних;Старший сержант;402;878127;878;878127;;;8
132;128;Кабельник;Солдат;406;403128;403;403128;;;1/1
133;129;Кабельник-спаювальник;Солдат;406;403129;403;403129;;;2/2
134;130;Диспетчер поїзний;Молодший сержант;404;948130;948;948130;;;6/6
135;131;Каменотес;Солдат;406;956131;956;956131;;;2/2
136;132;Командир відділення-інструктор;Сержант;403;Усі ВОС;;;так;;10
137;133;Командир відділення - інструктор з фізичної підготовки;Сержант;403;Усі ВОС;;;так;;10
138;134;Кіномеханік;Солдат;406;913134;913;913134;;;1/1
139;136;Клепальник;Солдат;406;793136;793;793136;;;1/1
140;213;Коваль;Солдат;406;794213;794;794213;;;2/2
141;139;Кок;Матрос;456;788139;788;788139;;;3/2
142;151;Командир артилерійського катера;Штаб-старшина;470;300151;300;300151;;;13
143;144;Командир бойової машини;Сержант;403;"а) 037144, 056144, 073144, 140144;";037, 056, 073, 140;037144, 056144, 073144, 140144;;;8/6
143;144;Командир бойової машини;Сержант;403;б) 121144, 122144, 128144;121, 122, 128;121144, 122144, 128144;;;9/6
144;146;Командир буксира (рейдового та річкового);Головний старшина;452;302146;302;302146;;;11
145;153;Командир буксирного катера (потужністю 150 к.с. і більше);Головний старшина;452;302153;302;302153;;;11
146;154;Командир буксирного катера (потужністю до 150 к.с.);Старшина 1 статті;453;302154;302;302154;;;10
147;182;Командир відділення;Молодший сержант;404;"а) усі ВОС, крім ВОС, зазначених у пунктах «б», «в» та ВОС: 107182, 381182-385182, 443182;";;;так;107, 381, 382, 383, 384, 385, 443;7/6
147;182;Командир відділення;Молодший сержант;404;"б) 143182, 146182, 166182, 168182, 182182, 183182, 187182, 193182;";143, 146, 166, 168, 182, 183, 187, 193;143182, 146182, 166182, 168182, 182182, 183182, 187182, 193182;;;8/6
147;182;Командир відділення;Молодший сержант;404;в) 100182-104182, 106182, 110182, 111182, 121182-126182, 156182, 163182;100, 101, 102, 103, 104, 106, 110, 111, 121, 122, 123, 124, 125, 126, 156, 163;100182, 101182, 102182, 103182, 104182, 106182, 110182, 111182, 121182, 122182, 123182, 124182, 125182, 126182, 156182, 163182;;;9/6
148;138;Командир відділення (військових частин і підрозділів спеціального призначення, спеціальної розвідки);Старший сержант;402;107138, 108138, 381138–385138, 443138;107, 108, 381, 382, 383, 384, 385, 443;107138, 108138, 381138, 382138, 383138, 384138, 385138, 443138;;;9
149;147;Командир взводу;Головний сержант;419;"Усі ВОС: а) для навчальних взводів навчальної військової частини, підрозділу (центру);";;;так;;12
149;147;Командир взводу;Головний сержант;419;"б) для бойових військових частин;";;;;;11
149;147;Командир взводу;Головний сержант;419;в) для решти військових частин;;;;;10
150;152;Командир великого гідрографічного катера;Головний корабельний старшина;451;300152;300;300152;;;11
151;181;Командир гармати;Сержант;403;132181-136181, 153181, 155181, 156181;132, 133, 134, 135, 136, 153, 155, 156;132181, 133181, 134181, 135181, 136181, 153181, 155181, 156181;;;8/6
152;148;Командир станкового гранатомета;Молодший сержант;404;103148;103;103148;;;9/6
153;156;Командир десантного катера;Штаб-старшина;470;300156;300;300156;;;12
154;161;Командир дослідного катера;Головний старшина;452;300161;300;300161;;;11
155;149;Командир зенітної ракетної самохідної установки;Сержант;403;163149;163;163149;;;9/6
156;150;Командир зенітної самохідної установки;Сержант;403;157150;157;157150;;;9/6
157;196;Командир взводу - старший інструктор (навчального центру);Штаб-сержант / штаб-старшина;420 / 470;Усі ВОС;;;так;;12
158;116;Командир гідрографічного катера;Головний старшина;452;300116;300;300116;;;10
159;117;Командир плавучого складу;Головний старшина;452;300117;300;300117;;;10
160;173;Командир катера зв'язку;Штаб-старшина;470;300173;300;300173;;;12
161;155;Командир катера-водія мішені;Головний корабельний старшина;451;300155;300;300155;;;11
162;159;Командир катера-мішені;Штаб-старшина;470;300159;300;300159;;;11
163;175;Командир катера-торпедолова;Штаб-старшина;470;300175;300;300175;;;12
164;166;Командир катера радіаційної, хімічної, біологічної розвідки;Головний старшина;452;300166;300;300166;;;11
165;140;Командир морської баржі (ракетної, артилерійської, мінної, торпедної);Головний корабельний старшина;451;300140;300;300140;;;11
166;141;Командир морської баржі (крім ракетної, артилерійської, мінної, торпедної);Головний старшина;452;302141;302;302141;;;11
167;145;Командир морського буксира;Головний корабельний старшина;451;300145;300;300145;;;12
168;158;Командир малого гідрографічного катера;Старшина 1 статті;453;302158;302;302158;;;11
169;177;Командир машини;Молодший сержант;404;"а) 140177, 175177, 177177-180177;";140, 175, 177, 178, 179, 180;140177, 175177, 177177, 178177, 179177, 180177;;;7/6
169;177;Командир машини;Молодший сержант;404;б) 128177;128;128177;;;9/6
170;114;Командир машини;Старший солдат;405;"а) усі ВОС, крім ВОС, зазначених у пункті «б» та ВОС: 128114, 140114, 175114, 177114-180114;";;;так;128, 140, 175, 177, 178, 179, 180;5/4
170;114;Командир машини;Старший солдат;405;б) 168114;168;168114;;;6/4
171;178;Командир міномета;Молодший сержант;404;143178, 144178;143, 144;143178, 144178;;;8/6
172;188;Командир морського водолазного судна;Штаб-старшина;470;300188;300;300188;;;11
173;160;Командир морського катера;Головний старшина;452;300160;300;300160;;;9
174;168;Командир навчального катера;Головний корабельний старшина;451;300168;300;300168;;;10
175;176;Командир рятувального судна;Головний корабельний старшина;451;300176;300;300176;;;11
176;192;Командир навчально-тренувального судна;Головний корабельний старшина;451;300192;300;300192;;;9
177;179;Командир нейтралізуючої машини;Старший солдат;405;767179;767;767179;;;4/4
178;162;Командир пошуково-рятувального катера (водотоннажністю 15 т і більше);Штаб-старшина;470;302162;302;302162;;;12
179;163;Командир пошуково-рятувального катера (водотоннажністю до 15 т);Головний корабельний старшина;451;302163;302;302163;;;11
180;143;Командир протидиверсійного катера;Штаб-старшина;470;300143;300;300143;;;12
181;165;Командир протипожежного катера;Штаб-старшина;470;300165;300;300165;;;11
182;164;Командир протичовнового катера;Штаб-старшина;470;300164;300;300164;;;12
183;183;Командир плавучої казарми;Старшина 1 статті;453;302183;302;302183;;;8
184;185;Командир підводного розвідника;Молодший сержант;404;168185;168;168185;;;7/5
185;142;Командир баржі (рейдової, водоналивної, суховантажної);Головний старшина;452;302142;302;302142;;;8
186;190;Командир ракетного катера;Штаб-старшина;470;300190;300;300190;;;12
187;202;Командир рейдового буксира;Головний старшина;452;300202;300;300202;;;11
188;157;Командир рейдового катера-заправника;Старшина 1 статті;453;302157;302;302157;;;8
189;167;Командир рейдового водолазного катера;Старшина1 статті;453;302167;302;302167;;;8
190;169;Командир рейдового робочого катера;Старшина 1 статті;453;302169;302;302169;;;8
191;170;Командир рейдового роз'їзного катера (водотоннажністю 15 т і більше);Головний старшина;452;302170;302;302170;;;8
192;171;Командир рейдового роз'їзного катера (водотоннажністю до 15 т);Старшина 1 статті;453;302171;302;302171;;;7
193;172;Командир рейдового санітарного катера;Головний старшина;452;300172;300;300172;;;8
194;191;Командир рейдового судна (розмагнічування, зарядного, електростанції);Старшина 1 статті;453;302191;302;302191;;;8
195;204;Командир сторожового катера;Штаб-старшина;470;300204;300;300204;;;12
196;189;Командир судна (мішені, дослідного, плавучого стенда, протипожежного, водолазного, комплексного постачання та їм рівних);Головний старшина;452;300189;300;300189;;;8
197;205;Командир судна зв'язку;Головний старшина;452;300205;300;300205;;;8
198;187;Командир самохідної артилерійської установки;Сержант;403;118187;118;118187;;;8/6
199;180;Командир вогневих установок корабля;Старший сержант;402;220180, 221180, 223180;220, 221, 223;220180, 221180, 223180;;;8
200;194;Командир танка;Сержант;403;113194, 116194, 117215;113, 116, 117;113194, 116194, 117215;;;9/6
201;215;Командир відділення (механізованого, мотопіхотного, піхотного, аеромобільного, десантно-штурмового, штурмового, повітряно-десантного, гірсько-штурмового та морської піхоти);Сержант;403;100215;100;100215;;;9
202;217;Командир танка - оператор;Молодший сержант;404;967217;967;967217;;;7/6
203;193;Командир транспортно-зарядної машини;Старший солдат;405;033193 - 037193, 157193, 163193;033, 034, 035, 036, 037, 157, 163;033193, 034193, 035193, 036193, 037193, 157193, 163193;;;5/4
204;186;Командир тральщика (рейдового та річкового);Штаб-старшина;470;302186;302;302186;;;12
205;174;Командир торпедного катера;Штаб-старшина;470;300174;300;300174;;;12
206;195;Командир установки;Молодший сержант;404;033195 - 037195, 179195;033, 034, 035, 036, 037, 179;033195, 034195, 035195, 036195, 037195, 179195;;;7/6
207;197;Комендант;Сержант;403;908197;908;908197;;;6
208;198;Комендант споруд;Сержант;403;957198;957;957198;;;6
209;199;Комендор;Матрос;456;148199, 153199, 155199, 156199, 160199;148, 153, 155, 156, 160;148199, 153199, 155199, 156199, 160199;;;2/2
210;135;Комірник;Солдат;406;Усі ВОС;;;так;;1/1
211;200;Комплектувальник;Солдат;406;Усі ВОС;;;так;;1/1
212;203;Контролер;Солдат;406;100203, 907203, 908203;100, 907, 908;100203, 907203, 908203;;;3/3
213;206;Копрівник;Солдат;406;941206;941;941206;;;2/2
214;207;Коректор;Солдат;406;922207;922;922207;;;2/2
215;208;Кореспондент;Солдат;406;914208;914;914208;;;6
216;209;Кочегар;Солдат;406;980209;980;980209;;;1/1
217;619;Кравець;Солдат;406;789619;789;789619;;;2/2
218;210;Кранівник;Солдат;406;Усі ВОС;;;так;;3/3
219;984;Кресляр;Солдат;406;671984, 902984;671, 902;671984, 902984;;;2/2
220;211;Кріпильник;Солдат;406;956211;956;956211;;;2/2
221;627;Кулеметник;Солдат;406;101627, 124627, 160627:;101, 124, 160;101627, 124627, 160627;;;
221;627;Кулеметник;Солдат;406;"а) усі військові частини, крім зазначених у пункті ""б"";";;;;;4/2
221;627;Кулеметник;Солдат;406;б) тільки для бойових військових частин;;;;;5/2
222;214;Курсант (з підготовки у вищому військовому навчальному закладі, військовому навчальному підрозділі закладу вищої освіти, військовому коледжі);Солдат;406;Усі ВОС;;;так;;
223;218;Курсант (який проходить базову загальновійськову підготовку);Рекрут;407;Усі ВОС;;;так;;1
224;219;Командир транспорту (морського суховантажного транспорту, воєнного транспорту, морського транспорту озброєння);Штаб-старшина;470;302219;302;302219;;;12
225;220;Командир танкера;Штаб-старшина;470;302220;302;302220;;;12
226;569;Кухар;Солдат;406;788569;788;788569;;;3/2
227;221;Курсант;Солдат;406;Усі ВОС;;;так;;1/1
228;222;Курсант (за рахунок військ);Солдат;406;Усі ВОС;;;так;;-/-
229;223;Командир групи (механізованого, мотопіхотного, піхотного, аеромобільного, десантно-штурмового, штурмового, повітряно-десантного, гірсько-штурмового відділення та морської піхоти);Молодший сержант;404;100223;100;100223;;;6
230;224;Лаборант (бактеріологічної лабораторії);Солдат;406;879224;879;879224;;;6
231;225;Лаборант (військових навчальних закладів);Солдат;406;Усі ВОС, крім ВОС: 879224, 879226, 879227, 879228, 879229, 879230, 879231;;;так;879;6
232;226;Лаборант (клінічної лабораторії);Солдат;406;879226;879;879226;;;6
233;227;Лаборант (патолого-анатомічної лабораторії);Солдат;406;879227;879;879227;;;6
234;228;Лаборант (радіологічної лабораторії);Солдат;406;879228;879;879228;;;6
235;229;Лаборант (санітарно-епідеміологічної лабораторії);Солдат;406;879229;879;879229;;;6
236;230;Лаборант (судово-медичної лабораторії);Солдат;406;879230;879;879230;;;6
237;231;Лаборант (токсикологічної лабораторії);Солдат;406;879231;879;879231;;;6
238;232;Лаборант (крім військових навчальних закладів);Солдат;406;Усі ВОС, крім ВОС: 766216, 879224, 879226, 879227, 879228, 879229, 879230, 879231;;;так;766, 879;2/2
239;216;Лаборант (з якості пального);Солдат;406;766216;766;766216;;;3/3
240;235;Ливарник;Солдат;406;975235;975;975235;;;2/2
241;233;Лінійний наглядач;Солдат;406;403233;403;403233;;;2/1
242;234;Лінотипіст;Солдат;406;922234;922;922234;;;2/2
243;236;Лудильник;Солдат;406;972236;972;972236;;;2/2
244;237;Льотчик-оператор (вертольота);Штаб-сержант;420;210237;210;210237;;;17
245;240;Льотчик-штурман (вертольота);Штаб-сержант;420;210240;210;210240;;;17
246;244;Майстер;Солдат;406;Усі ВОС;;;так;;4/3
247;241;Маляр;Солдат;406;797241;797;797241;;;2/2
248;242;Марсовий;Матрос;456;303242;303;303242;;;2/2
249;243;Маскувальник;Солдат;406;169243;169;169243;;;1/1
250;245;Машиніст;Солдат;406;Усі ВОС;;;так;;3/3
251;248;Машиніст автогрейдера;Солдат;406;180248, 740248;180, 740;180248, 740248;;;2/2
252;023;Машиніст бульдозера;Солдат;406;740023;740;740023;;;2/2
253;024;Машиніст бурової установки;Солдат;406;174024, 184024, 943024;174, 184, 943;174024, 184024, 943024;;;2/2
254;994;Машиніст екскаватора;Солдат;406;184994, 740994;184, 740;184994, 740994;;;2/2
255;104;Машиніст заправної машини;Солдат;406;766104, 790104;766, 790;766104, 790104;;;3/3
256;201;Машиніст компресора;Солдат;406;982201;982;982201;;;2/2
257;246;Машиніст паровоза;Старший солдат;405;949246;949;949246;;;4/4
258;668;Машиніст скрепера;Солдат;406;180668;180;180668;;;2/2
259;247;Машиніст тепловоза;Старший солдат;405;949247;949;949247;;;4/4
260;249;Сестра медична (брат медичний);Молодший сержант;404;879249;879;879249;;;6
261;250;Сестра медична-анестезист (брат медичний-анестезист);Сержант;403;879250;879;879250;;;6
262;253;Метеоспостерігач;Солдат;406;520253, 631253;520, 631;520253, 631253;;;2/2
263;254;Метеоролог;Солдат;406;631254;631;631254;;;3/3
265;256;Механік;Солдат;406;"а) усі ВОС, крім зазначених у пунктах «б», «в»;";;;так;;3/2
265;256;Механік;Солдат;406;"б) 233256-238256, 245256, 247256, 248256, 250256, 251256, 252256 254256-256256, 260256, 261256, 262256, 263256, 265256, 266256, 268256, 269256, 460256, 575256, 798256;";233, 234, 235, 236, 237, 238, 245, 247, 248, 250, 251, 252, 254, 255, 256, 260, 261, 262, 263, 265, 266, 268, 269, 460, 575, 798;233256, 234256, 235256, 236256, 237256, 238256, 245256, 247256, 248256, 250256, 251256, 252256, 254256, 255256, 256256, 260256, 261256, 262256, 263256, 265256, 266256, 268256, 269256, 460256, 575256, 798256;;;4/3
265;256;Механік;Солдат;406;в) засекречувальної апаратури зв’язку: 244256, 474256, 478256;244, 474, 478;244256, 474256, 478256;;;4/3
266;257;Механік (літака, вертольота);Старший солдат;405;220257, 221257, 223257;220, 221, 223;220257, 221257, 223257;;;5/4
267;238;Льотчик (літака);Штаб-сержант;420;210238;210;210238;;;19
268;264;Командир екіпажу безпілотних авіаційних комплексів (мікро та міні);Молодший сержант;404;216264-219264;216, 217, 218, 219;216264, 217264, 218264, 219264;;;7
269;258;Механік-водій (машини на бронетанковій базі та танків);Старший солдат;405;"а) для усіх військових частин, крім зазначених у пункті «б»: 113258, 116258–118258, 132258, 134258, 175258, 177258–180258, 967258;";113, 116, 117, 118, 132, 134, 175, 177, 178, 179, 180, 967;113258, 116258, 117258, 118258, 132258, 134258, 175258, 177258, 178258, 179258, 180258, 967258;;;5/4
269;258;Механік-водій (машини на бронетанковій базі та танків);Старший солдат;405;б) тільки для бойових військових частин та військових частин (підрозділів) оперативного забезпечення: 113258, 117258, 118258, 130258, 132258, 134258, 175258, 177258–180258;113, 117, 118, 130, 132, 134, 175, 177, 178, 179, 180;113258, 117258, 118258, 130258, 132258, 134258, 175258, 177258, 178258, 179258, 180258;;;6/4
270;259;Механік-водій;Солдат;406;"а) для усіх військових частин, крім зазначених у пункті ""б"": усі ВОС, крім ВОС: 113258, 116258 - 118258, 132258, 134258, 175258, 177258 - 180258, 967258;";;;так;113, 116, 117, 118, 132, 134, 175, 177, 178, 179, 180, 967;5/4
270;259;Механік-водій;Солдат;406;б) тільки для бойових військових частин та військових частин (підрозділів) оперативного забезпечення: усі ВОС, крім ВОС: 113258, 116258 - 118258, 132258, 134258, 175258, 177258 - 180258, 967258;;;так;113, 116, 117, 118, 132, 134, 175, 177, 178, 179, 180, 967;6/4
271;251;Мідник;Солдат;406;793251, 794251;793, 794;793251, 794251;;;2/2
272;260;Мінер;Солдат;406;Усі ВОС;;;так;;3/2
273;261;Мінометник;Солдат;406;143261;143;143261;;;3/2
274;252;Мірошник;Солдат;406;788252;788;788252;;;2/2
275;265;Молодша медична сестра (молодший медичний брат);Солдат;406;878265;878;878265;;;4/3
276;262;Молодший геодезист;Молодший сержант;404;673262;673;673262;;;6
277;263;Молодший картограф;Молодший сержант;404;671263;671;671263;;;6
278;270;Командир екіпажу безпілотних авіаційних комплексів (малі);Сержант;403;216270-219270;216, 217, 218, 219;216270, 217270, 218270, 219270;;;7
279;137;Молодший спеціаліст;Солдат;406;909137, 993137, 994137;909, 993, 994;909137, 993137, 994137;;;3/2
280;266;Молодший топограф;Молодший сержант;404;672266;672;672266;;;6
281;267;Монтажник;Солдат;406;Усі ВОС;;;так;;2/2
282;268;Монтер колій;Солдат;406;937268;937;937268;;;2/2
283;269;Моторист;Солдат;406;"а) усі ВОС, крім зазначених у пункті ""б"";";;;так;;2/2
283;269;Моторист;Солдат;406;б) тільки для корабельного складу Військово-Морських Сил Збройних Сил України: 360269 - 373269;360, 361, 362, 363, 364, 365, 366, 367, 368, 369, 370, 371, 372, 373;360269, 361269, 362269, 363269, 364269, 365269, 366269, 367269, 368269, 369269, 370269, 371269, 372269, 373269;;;3/3
284;271;Музикант (оркестру вищої категорії, 1 категорії);Солдат / матрос;406 / 456;Перелік 3;;;;;
285;272;Музикант (оркестру 2 категорії);Солдат / матрос;406 / 456;Перелік 3;;;;;
286;273;Муляр;Солдат;406;956276;956;956276;;;2/2
291;281;Навідник;Солдат;406;"а) усі ВОС для усіх військових частин, крім зазначених у пунктах «б», «в», «г»;";;;так;;3/2
291;281;Навідник;Солдат;406;"б) тільки для бойових військових частин: усі ВОС, кpім зазначених у пунктах «в», «г»;";;;так;;4/2
291;281;Навідник;Солдат;406;"в) для усіх військових частин, кpім зазначених у пункті «г»: 029281, 111281, 113281, 116281-118281, 128281, 132281-136281, 140281, 143281-144281, 148281, 153281, 155281-157281, 160281;";029, 111, 113, 116, 117, 118, 128, 132, 133, 134, 135, 136, 140, 143, 144, 148, 153, 155, 156, 157, 160;029281, 111281, 113281, 116281, 117281, 118281, 128281, 132281, 133281, 134281, 135281, 136281, 140281, 143281, 144281, 148281, 153281, 155281, 156281, 157281, 160281;;;4/3
291;281;Навідник;Солдат;406;г) тільки для бойових військових частин: 029281, 111281, 113281, 116281-118281, 128281, 132281-136281, 140281, 143281-144281, 148281, 153281, 155281-157281, 160281;029, 111, 113, 116, 117, 118, 128, 132, 133, 134, 135, 136, 140, 143, 144, 148, 153, 155, 156, 157, 160;029281, 111281, 113281, 116281, 117281, 118281, 128281, 132281, 133281, 134281, 135281, 136281, 140281, 143281, 144281, 148281, 153281, 155281, 156281, 157281, 160281;;;6/3
292;282;Навідник-оператор;Старший солдат;405;"Усі ВОС: а) для усіх військових частин, крім зазначених у пункті ""б"";";;;так;;5/4
292;282;Навідник-оператор;Старший солдат;405;б) тільки для бойових військових частин;;;;;6/4
293;283;Наладник поліграфічного устаткування;Старший солдат;405;924283;924;924283;;;4/4
294;285;Наладчик;Старшина 2 статті;454;325285, 354285, 600285, 602285 - 604285, 652285, 653285, 721285, 759285, 769285, 800285, 801285, 805285;325, 354, 600, 602, 603, 604, 652, 653, 721, 759, 769, 800, 801, 805;325285, 354285, 600285, 602285, 603285, 604285, 652285, 653285, 721285, 759285, 769285, 800285, 801285, 805285;;;5/5
295;284;Нарядник;Солдат;406;Усі ВОС;;;так;;2/2
296;434;Начальник аварійно-рятувальної станції;Штаб-старшина;470;386434;386;386434;;;9
297;435;Начальник автоматичної телефонної станції;Сержант;403;403435;403;403435;;;7
298;287;Начальник автомобільної колони;Старший сержант;402;790287;790;790287;;;7
299;288;Начальник інформаційно-аналітичної групи (полку, бригади та їм рівних);Головний сержант;419;600288, 904288;600, 904;600288, 904288;;;9
300;286;Начальник автодрому;Старший солдат;405;790286;790;790286;;;4/4
301;289;Начальник адміністративно-господарчої частини;Старший солдат;405;787289;787;787289;;;7
302;291;Начальник апаратної;Сержант;403;244291, 250291, 251291, 255291, 403291, 432291, 446291, 611291, 612291, 614291 - 621291, 659291, 769291, 792291;244, 250, 251, 255, 403, 432, 446, 611, 612, 614, 615, 616, 617, 618, 619, 620, 621, 659, 769, 792;244291, 250291, 251291, 255291, 403291, 432291, 446291, 611291, 612291, 614291, 615291, 616291, 617291, 618291, 619291, 620291, 621291, 659291, 769291, 792291;;;7
303;290;Начальник апаратної (засекреченого телефонного та телеграфного зв'язку, кросів, телебачення, контролю безпеки зв'язку, радіорозвідки та пеленгування);Старший сержант;402;403290, 429290, 430290, 446290, 441290, 450290 - 455290, 474290, 478290, 582290, 583290, 600290;403, 429, 430, 441, 446, 450, 451, 452, 453, 454, 455, 474, 478, 582, 583, 600;403290, 429290, 430290, 441290, 446290, 450290, 451290, 452290, 453290, 454290, 455290, 474290, 478290, 582290, 583290, 600290;;;8
304;292;Начальник аптеки - асистент фармацевта;Сержант;403;879292;879;879292;;;7
305;715;Начальник інформаційно-аналітичної групи (окремого батальйону, дивізіону та їм рівних);Старший сержант;402;600715, 904715;600, 904;600715, 904715;;;8
306;354;Начальник акустичного поста;Старшина 2 статті;454;346354;346;346354;;;5/5
307;436;Начальник акумуляторно-генераторної станції;Молодший сержант;404;792436;792;792436;;;6/6
308;437;Начальник балістичної станції;Молодший сержант;404;633437;633;633437;;;6/6
309;298;Начальник бібліотеки;Старший солдат;405;912298;912;912298;;;5/5
310;528;Начальник бюро (креслярського);Старший солдат;405;902528;902;902528;;;5/5
311;300;Начальник бюро перепусток;Старший солдат;405;908300;908;908300;;;5/5
312;299;Начальник бурової установки;Старший солдат;405;174299, 943299;174, 943;174299, 943299;;;5/5
313;303;Начальник групи (Центру підготовки сержантського (старшинського) складу);Штаб-сержант / штаб-старшина;420 / 470;Усі ВОС;;;так;;18
314;515;Начальник вагона поштового;Сержант;403;485515;485;485515;;;6
315;316;Начальник варти;Головний сержант;419;100316;100;100316;;;9
316;387;Начальник ветеринарного пункту;Старший солдат;405;885387;885;885387;;;4/4
317;341;Начальник відділу (в апараті головного сержанта Збройних Сил України, головних сержантів видів Збройних Сил України, Командування об’єднаних сил);Майстер-сержант / майстер-старшина;430 / 480;929341;929;929341;;;22
318;302;Начальник віварію;Молодший сержант;404;885302;885;885302;;;5/5
319;342;Начальник відділення (керівник підрозділу);Сержант;403;403342, 420342, 450342 - 455342, 460342, 474342, 485342, 600342, 787342, 901342;403, 420, 450, 451, 452, 453, 454, 455, 460, 474, 485, 600, 787, 901;403342, 420342, 450342, 451342, 452342, 453342, 454342, 455342, 460342, 474342, 485342, 600342, 787342, 901342;;;7
320;359;Начальник відділення (групи) (в апараті головного сержанта Збройних Сил України, головних сержантів видів Збройних Сил України, Командування об’єднаних сил);Майстер-сержант / майстер-старшина;430 / 480;929359;929;929359;;;21
321;344;Начальник відділення зберігання;Старший сержант;402;700344;700;700344;;;8
322;343;Начальник відділення хлібовипікання;Сержант;403;788343;788;788343;;;6
323;355;Начальник водолазного поста;Старшина 1 статті;453;379355, 380355;379, 380;379355, 380355;;;6
324;438;Начальник водолазної станції;Головний сержант / головний корабельний старшина;419 / 451;172438, 379438;172, 379;172438, 379438;;;11
325;346;Начальник відділення (групи) (виконавчої вертикалі сержантського складу в структурних підрозділах Генерального штабу Збройних Сил України та органах військового управління, які виконують його функції);Майстер-сержант / майстер-старшина;430 / 480;100346, 915346, 929346;100, 915, 929;100346, 915346, 929346;;;21
326;348;Начальник групи (виконавчої вертикалі сержантського складу в структурних підрозділах командувань видів, родів військ (сил) та їм рівних);Штаб-сержант / штаб-старшина;420 / 470;100348, 915348, 929348;100, 915, 929;100348, 915348, 929348;;;20
327;508;Начальник вузла зв'язку;Старший сержант;402;403508, 474508;403, 474;403508, 474508;;;8
328;509;Начальник вузла радіоперехоплення;Сержант;403;446509;446;446509;;;7
329;439;Начальник газозарядної станції;Молодший сержант;404;799439;799;799439;;;6/6
330;440;Начальник газодобувної станції;Старший солдат;405;799440;799;799440;;;4/4
331;304;Начальник гаража;Сержант;403;790304;790;790304;;;6
332;305;Начальник гауптвахти;Сержант;403;100305, 908305;100, 908;100305, 908305;;;6
333;442;Начальник гідроакустичної станції;Штаб-старшина;470;340442 - 346442;340, 341, 342, 343, 344, 345, 346;340442, 341442, 342442, 343442, 344442, 345442, 346442;;;10
334;356;Начальник гідроакустичного поста;Головний старшина;452;340356 - 346356;340, 341, 342, 343, 344, 345, 346;340356, 341356, 342356, 343356, 344356, 345356, 346356;;;7
335;441;Начальник гелієво-кисневої станції;Сержант;403;799441;799;799441;;;7
336;307;Начальник готелю;Старший солдат;405;957307;957;957307;;;5
337;522;Начальник господарчої частини;Молодший сержант;404;787522;787;787522;;;5/5
338;424;Начальник групи (в апараті головних сержантів органу військового управління, корпусу);Штаб-сержант / штаб-старшина;420 / 470;"а) ВОС 929424 для органів військового управління, крім зазначених у пункті ""б"";";929;929424;;;21
338;424;Начальник групи (в апараті головних сержантів органу військового управління, корпусу);Штаб-сержант / штаб-старшина;420 / 470;б) ВОС 929424 для оперативного командування;929;929424;;;22
339;308;Начальник групи;Сержант;403;Усі ВОС;;;так;;8
340;425;Начальник групи секретного документального забезпечення (полку, бригади та їм рівних);Головний сержант;419;992425;992;992425;;;9
341;426;Начальник групи секретного документального забезпечення (окремого батальйону (дивізіону) та їм рівних);Старший сержант;402;992426;992;992426;;;8
342;092;Начальник групи (з відбору військовослужбовців за контрактом);Штаб-сержант;420;929092;929;929092;;;10
344;340;Начальник гуртожитку;Молодший сержант;404;957340;957;957340;;;5
345;311;Начальник директриси;Головний сержант;419;111311, 113311, 116311-118311, 121311, 132311-136311, 140311, 143311-144311;111, 113, 116, 117, 118, 121, 132, 133, 134, 135, 136, 140, 143, 144;111311, 113311, 116311, 117311, 118311, 121311, 132311, 133311, 134311, 135311, 136311, 140311, 143311, 144311;;;9
346;312;Начальник диспетчерської служби;Сержант;403;790312;790;790312;;;6
347;309;Начальник диспетчерського пункту;Сержант;403;907309;907;907309;;;6/6
348;516;Начальник дільниці;Старший солдат;405;Усі ВОС;;;так;;6
349;503;Начальник друкарні;Старший солдат;405;922503, 924503;922, 924;922503, 924503;;;6
350;390;Начальник диспетчерського пункту (з перельотів і посадок);Старший сержант;402;211390;211;211390;;;8
351;529;Начальник експедиції (засекречувальної апаратури зв'язку);Сержант;403;901529;901;901529;;;6
352;530;Начальник експедиції;Молодший сержант;404;485530, 901530;485, 901;485530, 901530;;;5/5
353;491;Начальник електростанції (менше 200 кВт);Старший солдат;405;659491;659;659491;;;4/4
354;490;Начальник електростанції (200 кВт і більше);Сержант;403;659490;659;659490;;;7
355;532;Начальник електросилових пристроїв;Молодший сержант;404;059532, 659532;059, 659;059532, 659532;;;6/6
356;531;Начальник елінгу;Головний корабельний старшина;451;303531;303;303531;;;8
357;446;Начальник залізничної станції (4 класу);Сержант;403;948446;948;948446;;;7
358;448;Начальник зарядно-акумуляторної станції;Молодший сержант;404;792448;792;792448;;;6/6
359;357;Начальник звукометричного поста;Солдат;406;146357, 627357;146, 627;146357, 627357;;;3/3
360;450;Начальник звукомовної станції;Молодший сержант;404;430450, 913450;430, 913;430450, 913450;;;6/6
361;451;Начальник звукозаписувальної станції;Старший солдат;405;420451, 432451;420, 432;420451, 432451;;;6/6
362;429;Начальник зміни;Старший сержант;402;Усі ВОС, крім ВОС-525430;;;так;525;8
363;430;Начальник зміни (диспетчерської служби);Сержант;403;525430;525;525430;;;6
364;358;Начальник інформаційного поста;Старший солдат;405;Усі ВОС;;;так;;6/6
365;499;Начальник їдальні (полку чи йому рівних і вище);Старший сержант;402;788499;788;788499;;;7
366;500;Начальник їдальні (батальйону, роти чи їм рівних);Сержант;403;788500;788;788500;;;6
367;313;Начальник кабінету;Старший солдат;405;Усі ВОС;;;так;;6
368;315;Начальник кабельної експлуатаційної машини;Старший солдат;405;408315;408;408315;;;5/5
369;314;Начальник кабельної мережі;Старший солдат;405;661314, 662314;661, 662;661314, 662314;;;6/6
370;317;Начальник квартирно-експлуатаційної частини;Сержант;403;957317;957;957317;;;6
371;318;Начальник кінопункту;Старший солдат;405;913318;913;913318;;;5/5
372;360;Начальник кінофототеодолітного поста;Старший солдат;405;641360;641;641360;;;5/5
373;452;Начальник кінофототеодолітної станції;Сержант;403;641452;641;641452;;;7
374;453;Начальник киснедобувної станції;Старший сержант;402;799453;799;799453;;;8
375;454;Начальник киснезарядної станції;Сержант;403;799454;799;799454;;;7
376;319;Начальник групи (виконавчої вертикалі сержантського складу бригади, полку та їм рівних і вище військових частин, окремого батальйону (дивізіону) та їм рівних);Головний сержант / головний корабельний старшина;419 / 451;"для бригади, полку та їм рівних і вище військових частин - 100319, 915319, 929319;";100, 915, 929;100319, 915319, 929319;;;17
376;319;Начальник групи (виконавчої вертикалі сержантського складу бригади, полку та їм рівних і вище військових частин, окремого батальйону (дивізіону) та їм рівних);Головний сержант / головний корабельний старшина;419 / 451;для окремого батальйону (дивізіону) та їм рівних - 100319, 915319, 929319;100, 915, 929;100319, 915319, 929319;;;15
377;278;Начальник клубу;Старший сержант;402;912278;912;912278;;;9
378;321;Начальник комплексу;Сержант;403;544321, 545321;544, 545;544321, 545321;;;7
379;322;Начальник команди;Молодший сержант;404;100322, 673322, 674322, 787322, 886322;100, 673, 674, 787, 886;100322, 673322, 674322, 787322, 886322;;;6/5
380;323;Начальник команди плавзасобів;Старшина 1 статті;453;302323;302;302323;;;6
381;455;Начальник компресорної станції;Старший солдат;405;982455;982;982455;;;4/4
382;392;Начальник контрольно-випробного пункту;Молодший сержант;404;403392;403;403392;;;5/5
383;393;Начальник контрольно-пропускного пункту;Старший сержант;402;100393, 907393, 908393;100, 907, 908;100393, 907393, 908393;;;7
384;394;Начальник контрольно-технічного пункту;Головний сержант;419;738394, 739394, 790394;738, 739, 790;738394, 739394, 790394;;;9
386;456;Начальник контрольно-випробної станції;Молодший сержант;404;702456 - 707456, 741456 - 743456;702, 703, 704, 705, 706, 707, 741, 742, 743;702456, 703456, 704456, 705456, 706456, 707456, 741456, 742456, 743456;;;6/6
387;457;Начальник контрольно-регулюючої станції;Старший солдат;405;322457, 334457, 702457, 703457, 706457, 707457, 726457, 727457, 732457, 741457 - 743457, 776457;322, 334, 702, 703, 706, 707, 726, 727, 732, 741, 742, 743, 776;322457, 334457, 702457, 703457, 706457, 707457, 726457, 727457, 732457, 741457, 742457, 743457, 776457;;;7
388;324;Начальник котельної;Старший солдат;405;980324;980;980324;;;5
389;458;Начальник контрольно-технічної станції (з контролю телефонної та телеграфної засекречувальної апаратури зв'язку);Старший сержант;402;474458, 769458;474, 769;474458, 769458;;;8
390;325;Начальник крана (вантажопідйомністю 25 т і більше та залізничного);Молодший сержант;404;942325;942;942325;;;5/5
391;326;Начальник крана (плавучого);Сержант;403;302326, 942326;302, 942;302326, 942326;;;6
392;327;Начальник кроса (інформаційно-телекомунікаційних вузлів Генерального штабу Збройних Сил України, виду Збройних Сил України, оперативного командування);Старший сержант;402;403327;403;403327;;;8
393;328;Начальник кроса (інформаційно-телекомунікаційних вузлів корпусу, їм рівних та нижчих);Сержант;403;403328;403;403328;;;7
394;329;Начальник лабораторії;Сержант;403;Усі ВОС, крім ВОС: 105350, 702350, 703350, 706350, 707350, 726350, 727350, 732350;;;так;105, 702, 703, 706, 707, 726, 727, 732;6
395;350;Начальник лабораторії (спеціальної, з ремонту та зберігання ракетного озброєння);Штаб-сержант;420;105350, 702350, 703350, 706350, 707350, 726350, 727350, 732350;105, 702, 703, 706, 707, 726, 727, 732;105350, 702350, 703350, 706350, 707350, 726350, 727350, 732350;;;9
396;294;Начальник лазні;Молодший сержант;404;789294;789;789294;;;5/5
397;295;Начальник лазневого загону;Молодший сержант;404;789295;789;789295;;;5/5
398;296;Начальник лазне-прального комбінату;Сержант;403;789296;789;789296;;;6
399;386;Начальник лазне-прального дезінфекційного пункту;Старший солдат;405;789386;789;789386;;;4/4
400;330;Начальник лісопильної рами (верстата);Старший солдат;405;171330, 798330;171, 798;171330, 798330;;;4/4
401;331;Начальник майстерні (з ремонту ракетного озброєння та техніки);Головний сержант;419;702331 - 709331, 726331, 727331, 732331;702, 703, 704, 705, 706, 707, 708, 709, 726, 727, 732;702331, 703331, 704331, 705331, 706331, 707331, 708331, 709331, 726331, 727331, 732331;;;10
402;332;Начальник майстерні (з ремонту озброєння та техніки);Старший сержант;402;Усі ВОС;;;так;;8
403;333;Начальник майстерні (з ремонту військово-технічного та господарського майна);Сержант;403;Усі ВОС;;;так;;7
404;335;Начальник майстерні технічного обслуговування;Старший сержант;402;738335;738;738335;;;7
405;496;Начальник маніпуляторного пункту (крім світлотехнічного та гідроакустичного);Головний старшина;452;420496, 527496;420, 527;420496, 527496;;;7
406;497;Начальник маніпуляторного пункту (світлотехнічного та гідроакустичного);Старшина 1 статті;453;344497, 665497;344, 665;344497, 665497;;;6
407;301;Начальник маяка;Старшина 2 статті;454;665301;665;665301;;;5/5
408;337;Начальник маяка;Старший солдат;405;285337;285;285337;;;4/4
409;395;Начальник медичного пункту;Головний сержант;419;879395;879;879395;;;9
410;459;Начальник метеорологічної станції;Штаб-сержант;420;631459, 632459;631, 632;631459, 632459;;;10
411;362;Начальник метеорологічного поста;Старший солдат;405;631362, 632362;631, 632;631362, 632362;;;6/6
412;495;Начальник міжміської телефонної станції;Старший сержант;402;403495;403;403495;;;8
413;306;Начальник містечка (інженерного, десантного, вогневого, парашутного, військ радіаційного, хімічного та біологічного захисту);Сержант;403;100306, 113306, 116306 - 118306, 121306, 122306, 166306 - 183306, 195306, 212306, 213306, 833306;100, 113, 116, 117, 118, 121, 122, 166, 167, 168, 169, 170, 171, 172, 173, 174, 175, 176, 177, 178, 179, 180, 181, 182, 183, 195, 212, 213, 833;100306, 113306, 116306, 117306, 118306, 121306, 122306, 166306, 167306, 168306, 169306, 170306, 171306, 172306, 173306, 174306, 175306, 176306, 177306, 178306, 179306, 180306, 181306, 182306, 183306, 195306, 212306, 213306, 833306;;;6
414;338;Начальник млинарської установки;Старший солдат;405;788338;788;788338;;;4/4
415;339;Начальник наземного запитувача;Молодший сержант;404;500339 - 504339, 507339, 508339;500, 501, 502, 503, 504, 507, 508;500339, 501339, 502339, 503339, 504339, 507339, 508339;;;6/6
416;514;Начальник Курсу лідерства сержантського (старшинського) складу;Старший майстер-сержант / старший майстер-старшина;431 / 481;929514;929;929514;;;24
417;517;Начальник навчального класу;Старший солдат;405;Усі ВОС;;;так;;4/4
418;518;Начальник навчального тактичного поля;Сержант;403;100518, 166518, 167518, 169518, 170518, 176518, 180518, 183518;100, 166, 167, 169, 170, 176, 180, 183;100518, 166518, 167518, 169518, 170518, 176518, 180518, 183518;;;6
419;460;Начальник насосної станції;Старший солдат;405;960460, 961460;960, 961;960460, 961460;;;6/6
420;396;Начальник обмінного пункту;Сержант;403;485396;485;485396;;;7
421;422;Начальник обслуги;Старший сержант;402;Усі ВОС;;;так;;9
422;498;Начальник обслуги - старший механік-водій самохідної пускової установки;Головний сержант;419;038498;038;038498;;;9
423;492;Начальник опріснювальної станції;Старший солдат;405;174492, 960492;174, 960;174492, 960492;;;6/6
424;345;Начальник парашутної сушарні;Старший солдат;405;212345, 213345;212, 213;212345, 213345;;;4/4
425;461;Начальник пеленгаторної станції;Старший солдат;405;626461;626;626461;;;4/4
426;398;Начальник передавального радіопункту;Старший сержант;402;429398, 430398;429, 430;429398, 430398;;;8
427;378;Начальник передавального радіоцентру;Старший сержант;402;420378, 429378, 430378, 460378;420, 429, 430, 460;420378, 429378, 430378, 460378;;;8
428;379;Начальник передавальної частини радіостанції (великої потужності);Сержант;403;420379, 429379, 430379, 441379, 460379;420, 429, 430, 441, 460;420379, 429379, 430379, 441379, 460379;;;7
429;512;Начальник передавального радіовузла;Старший сержант;402;420512, 429512, 430512, 441512;420, 429, 430, 441;420512, 429512, 430512, 441512;;;8
430;513;Начальник пересувного вузла зв'язку;Сержант;403;403513, 420513, 460513;403, 420, 460;403513, 420513, 460513;;;7
431;368;Начальник пеленгаторного поста;Молодший сержант;404;626368, 627368, 630368, 633368;626, 627, 630, 633;626368, 627368, 630368, 633368;;;6/6
432;349;Начальник підйомно-стикового агрегату;Старший сержант;402;702349, 706349;702, 706;702349, 706349;;;8
433;411;Начальник підсилювального пункту;Старший солдат;405;403411;403;403411;;;6/6
434;380;Начальник пожежного нагляду;Штаб-сержант;420;966380;966;966380;;;9
435;334;Начальник пожежної обслуги;Головний сержант;419;967334;967;967334;;;9
436;336;Начальник плавучої майстерні;Головний корабельний старшина;451;302336;302;302336;;;11
437;351;Начальник полігона;Старший сержант;402;153351, 155351, 156351, 160351, 233351-238351, 302351, 324351, 429351, 430351;153, 155, 156, 160, 233, 234, 235, 236, 237, 238, 302, 324, 429, 430;153351, 155351, 156351, 160351, 233351, 234351, 235351, 236351, 237351, 238351, 302351, 324351, 429351, 430351;;;11
438;352;Начальник посадочного прожектора;Старший солдат;405;665352;665;665352;;;4/4
439;374;Начальник поста збору та оброблення інформації;Старший солдат;405;615374 - 617374, 620374, 621374;615, 616, 617, 620, 621;615374, 616374, 617374, 620374, 621374;;;6/6
440;365;Начальник поста наведення (крилатих ракет);Старший сержант;402;057365, 074365, 654365;057, 074, 654;057365, 074365, 654365;;;7
441;366;Заступник начальника Курсу лідерства сержантського (старшинського) складу;Старший майстер-сержант / старший майстер-старшина;431 / 481;929366;929;929366;;;23
442;367;Начальник поста охорони та оборони;Молодший сержант;404;100367;100;100367;;;5/5
443;373;Начальник поста регулювання руху;Старший солдат;405;907373;907;907373;;;4/4
444;363;Начальник поста спостереження та зв'язку;Головний старшина;452;Усі ВОС, крім ВОС: 146364, 161364, 215364;;;так;146, 161, 215;7
445;364;Начальник поста спостереження та зв'язку;Старший солдат;405;146364, 161364, 215364;146, 161, 215;146364, 161364, 215364;;;4/4
446;400;Начальник продовольчого пункту;Старший солдат;405;788400;788;788400;;;4/4
447;401;Начальник прожекторного пункту;Старший солдат;405;665401;665;665401;;;4/4
448;353;Начальник пральні;Старший солдат;405;789353;789;789353;;;7
449;385;Начальник привідної радіостанції;Старший солдат;405;528385;528;528385;;;6/6
450;383;Начальник приймального радіоцентру;Старший сержант;402;420383, 460383;420, 460;420383, 460383;;;8
451;384;Начальник приймальної частини радіостанції (великої потужності);Старший сержант;402;420384, 429384, 430384, 441384, 460384;420, 429, 430, 441, 460;420384, 429384, 430384, 441384, 460384;;;8
452;511;Начальник приймального радіовузла;Старший сержант;402;420511, 429511, 430511, 441511;420, 429, 430, 441;420511, 429511, 430511, 441511;;;8
453;381;Начальник приймальної машини;Старший солдат;405;582381, 583381, 600381, 611381, 612381, 614381 - 621381;582, 583, 600, 611, 612, 614, 615, 616, 617, 618, 619, 620, 621;582381, 583381, 600381, 611381, 612381, 614381, 615381, 616381, 617381, 618381, 619381, 620381, 621381;;;7
454;399;Начальник приймального радіопункту;Старший сержант;402;420399, 441399;420, 441;420399, 441399;;;8
455;382;Начальник приймально-пеленгаторної установки;Молодший сержант;404;516382;516;516382;;;6/6
456;465;Начальник приймально-пеленгаторної станції;Сержант;403;446465, 500465 - 508465;446, 500, 501, 502, 503, 504, 505, 506, 507, 508;446465, 500465, 501465, 502465, 503465, 504465, 505465, 506465, 507465, 508465;;;7
457;466;Начальник пристрілочної станції;Старший солдат;405;147466;147;147466;;;6/6
458;467;Начальник прожекторної станції;Старший солдат;405;665467;665;665467;;;7
459;388;Начальник пункту високочастотного зв'язку;Старший солдат;405;403388;403;403388;;;8
460;389;Начальник пункту дегазації;Старший солдат;405;189389;189;189389;;;6/6
461;391;Начальник пункту заправки пальним;Старший солдат;405;766391;766;766391;;;8
462;405;Начальник пункту радіотехнічного контролю;Сержант;403;450405 - 455405, 508405;450, 451, 452, 453, 454, 455, 508;450405, 451405, 452405, 453405, 454405, 455405, 508405;;;8
463;407;Начальник пункту спорядження (авіаційних боєприпасів);Старший солдат;405;734407;734;734407;;;5/4
464;408;Начальник пункту спеціальної обробки;Старший солдат;405;190408, 191408;190, 191;190408, 191408;;;4/4
465;409;Начальник пункту технічного обслуговування (апарати Міністерства оборони України, Головнокомандувача та Генерального штабу Збройних Сил України);Сержант;403;738409;738;738409;;;7
466;410;Начальник пункту технічного обслуговування;Старший солдат;405;700410, 738410, 827410 - 829410, 833410;700, 738, 827, 828, 829, 833;700410, 738410, 827410, 828410, 829410, 833410;;;6/6
467;415;Начальник радіобюро;Старший сержант;402;420415, 429415, 430415, 460415;420, 429, 430, 460;420415, 429415, 430415, 460415;;;8
468;510;Начальник радіовузла;Старший сержант;402;420510, 429510, 430510, 441510;420, 429, 430, 441;420510, 429510, 430510, 441510;;;8
469;416;Начальник радіовисотоміра;Молодший сержант;404;507416;507;507416;;;6/6
470;417;Начальник радіодалекоміра;Старший солдат;405;525417;525;525417;;;4/4
471;418;Начальник Центру підготовки сержантського (старшинського) складу;Майстер-сержант / майстер-старшина;430 / 480;Усі ВОС;;;так;;22
472;419;Начальник радіомаяка;Молодший сержант;404;306419, 308419, 531419;306, 308, 531;306419, 308419, 531419;;;6/6
473;420;Начальник радіопеленгатора;Старший сержант;402;446420, 529420;446, 529;446420, 529420;;;8
474;421;Начальник радіопеленгатора (ультракороткохвильового);Молодший сержант;404;446421, 530421, 569421;446, 530, 569;446421, 530421, 569421;;;6/6
475;403;Начальник радіопеленгувального пункту;Молодший сержант;404;529403, 530403;529, 530;529403, 530403;;;6/6
476;369;Начальник радіолокаційного поста;Старший солдат;405;500369 - 504369, 507369, 508369, 513369, 515369, 517369 - 520369, 525369, 563369, 564369;500, 501, 502, 503, 504, 507, 508, 513, 515, 517, 518, 519, 520, 525, 563, 564;500369, 501369, 502369, 503369, 504369, 507369, 508369, 513369, 515369, 517369, 518369, 519369, 520369, 525369, 563369, 564369;;;7
477;445;Начальник радіолокаційної станції (для зенітних ракетних та радіотехнічних військових частин та військових частин ракетних військ і артилерії);Старший сержант;402;500445 - 502445, 507445, 515445;500, 501, 502, 507, 515;500445, 501445, 502445, 507445, 515445;;;8
478;468;Начальник радіолокаційної станції;Сержант;403;500468 - 504468, 507468, 508468, 513468, 515468, 517468 - 520468, 525468;500, 501, 502, 503, 504, 507, 508, 513, 515, 517, 518, 519, 520, 525;500468, 501468, 502468, 503468, 504468, 507468, 508468, 513468, 515468, 517468, 518468, 519468, 520468, 525468;;;7/6
479;412;Начальник радіостанції (великої потужності);Старший сержант;402;420412, 429412 - 430412, 441412, 460412;420, 429, 430, 441, 460;420412, 429412, 430412, 441412, 460412;;;8
480;413;Начальник радіостанції (середньої потужності);Сержант;403;420413, 429413, 430413, 441413, 460413;420, 429, 430, 441, 460;420413, 429413, 430413, 441413, 460413;;;7/6
481;414;Начальник радіостанції (малої потужності);Молодший сержант;404;420414, 443414;420, 443;420414, 443414;;;6/6
482;370;Начальник радіомаркерного поста;Молодший сержант;404;528370;528;528370;;;6/6
483;402;Начальник радіомаркерного пункту;Молодший сержант;404;528402;528;528402;;;6/6
484;371;Начальник радіометричного поста;Головний корабельний старшина;451;306371, 308371, 503371, 506371, 513371, 517371, 538371, 543371, 544371, 563371, 564371, 569371, 652371;306, 308, 503, 506, 513, 517, 538, 543, 544, 563, 564, 569, 652;306371, 308371, 503371, 506371, 513371, 517371, 538371, 543371, 544371, 563371, 564371, 569371, 652371;;;9
485;469;Начальник радіометричної станції;Головний корабельний старшина;451;306469, 308469, 503469, 506469, 513469, 517469, 538469, 543469, 544469, 563469, 564469, 569469, 652469;306, 308, 503, 506, 513, 517, 538, 543, 544, 563, 564, 569, 652;306469, 308469, 503469, 506469, 513469, 517469, 538469, 543469, 544469, 563469, 564469, 569469, 652469;;;9
486;472;Начальник радіорелейної станції (багатоканальної);Старший сержант;402;460472;460;460472;;;8
487;473;Начальник радіорелейної станції (малоканальної);Молодший сержант;404;460473;460;460473;;;6/6
488;404;Начальник радіотелеграфного пункту;Сержант;403;403404, 429404, 430404;403, 429, 430;403404, 429404, 430404;;;7
489;372;Начальник радіотехнічного поста;Старший солдат;405;569372;569;569372;;;7
490;475;Начальник радіотехнічної станції (крім переносної);Старший сержант;402;503475, 506475, 527475, 528475;503, 506, 527, 528;503475, 506475, 527475, 528475;;;8
491;476;Начальник радіотехнічної станції (переносної);Старший солдат;405;569476;569;569476;;;6/6
492;347;Начальник розплідника;Старший солдат;405;886347;886;886347;;;4/4
493;406;Начальник розвідувального пункту;Молодший сержант;404;146406;146;146406;;;6/6
494;423;Начальник світлообладнання;Сержант;403;285423;285;285423;;;6
495;375;Начальник сигнального поста;Сержант;403;Усі ВОС;;;так;;6
496;297;Начальник секретної бібліотеки;Сержант;403;901297;901;901297;;;6
497;427;Начальник складу (бригади та їй рівних і вище, а також складу, який об'єднує два та більше сховищ);Старший сержант;402;Усі ВОС, крім ВОС: 707427, 713535, 718535, 719535, 726535, 727535, 732535, 741535 - 743535, 737535;;;так;707, 713, 718, 719, 726, 727, 732, 737, 741, 742, 743;7
498;428;Начальник складу (окремої роти, батальйону, дивізіону, полку та їм рівних);Сержант;403;Усі ВОС, крім ВОС: 707535, 713535, 718535, 719535, 726535, 727535, 732535, 737536, 741535 - 743535;;;так;707, 713, 718, 719, 726, 727, 732, 737, 741, 742, 743;6
499;535;Начальник складу (озброєння, ракет і боєприпасів полку, йому рівних і вище);Головний сержант;419;707535, 713535, 718535, 719535, 725535 - 727535, 732535, 736535, 737535, 741535 - 743535;707, 713, 718, 719, 725, 726, 727, 732, 736, 737, 741, 742, 743;707535, 713535, 718535, 719535, 725535, 726535, 727535, 732535, 736535, 737535, 741535, 742535, 743535;;;8
500;536;Начальник складу (озброєння, ракет і боєприпасів батальйону, роти та їм рівних);Старший сержант;402;707536, 713536, 718536, 719536, 725536 - 727536, 732536, 736536, 737536, 741536 - 743536;707, 713, 718, 719, 725, 726, 727, 732, 736, 737, 741, 742, 743;707536, 713536, 718536, 719536, 725536, 726536, 727536, 732536, 736536, 737536, 741536, 742536, 743536;;;7
501;432;Начальник служби;Головний сержант;419;Усі ВОС;;;так;;9
502;431;Начальник слюсарно-механічної групи;Старший сержант;402;220431, 221431, 223431;220, 221, 223;220431, 221431, 223431;;;7
503;433;Начальник спортивної бази;Старший солдат;405;906433;906;906433;;;7
504;443;Начальник станції гучномовного зв'язку;Сержант;403;615443 - 617443, 913443;615, 616, 617, 913;615443, 616443, 617443, 913443;;;7/6
505;444;Начальник станції дегазації;Старший солдат;405;189444;189;189444;;;7
506;447;Начальник управління (в апараті головного сержанта Збройних Сил України);Головний майстер-сержант / головний майстер-старшина;432 / 482;929447;929;929447;;;25
507;462;Начальник станції перешкод (великої потужності);Старший сержант;402;538462, 539462, 549462 - 553462;538, 539, 549, 550, 551, 552, 553;538462, 539462, 549462, 550462, 551462, 552462, 553462;;;8
508;471;Начальник станції перешкод (середньої потужності);Сержант;403;539471, 540471, 549471 - 552471;539, 540, 549, 550, 551, 552;539471, 540471, 549471, 550471, 551471, 552471;;;7
509;463;Начальник станції перешкод (малої потужності);Молодший сержант;404;538463, 540463;538, 540;538463, 540463;;;6/6
510;470;Начальник станції перешкод (автоматизованої);Сержант;403;538470 - 540470, 549470 - 554470;538, 539, 540, 549, 550, 551, 552, 553, 554;538470, 539470, 540470, 549470, 550470, 551470, 552470, 553470, 554470;;;7
511;464;Начальник станції посадки літаків;Старший сержант;402;525464;525;525464;;;8
512;474;Начальник станції радіорозвідки;Молодший сержант;404;446474;446;446474;;;6/6
513;477;Начальник станції регенерації;Молодший сержант;404;766477;766;766477;;;6/6
514;478;Начальник станції складання та перевірки ракет;Сержант;403;702478 - 707478, 726478, 727478, 732478;702, 703, 704, 705, 706, 707, 726, 727, 732;702478, 703478, 704478, 705478, 706478, 707478, 726478, 727478, 732478;;;7
515;479;Начальник станції системи єдиного часу;Старший солдат;405;643479;643;643479;;;7
516;494;Начальник станції радіорозвідки (автоматизованої);Сержант;403;446494, 600494;446, 600;446494, 600494;;;7
517;493;Начальник станції технічного контролю;Старший сержант;402;544493;544;544493;;;8
518;449;Начальник станції фіксації (ядерних вибухів);Сержант;403;188449;188;188449;;;7
520;501;Начальник стрільбища;Старший солдат;405;100501;100;100501;;;8
521;504;Начальник сховища;Молодший сержант;404;Усі ВОС, крім ВОС: 707525, 713525, 718525 - 719525, 721525, 726525, 727525, 732525, 737525;;;так;707, 713, 718, 719, 721, 726, 727, 732, 737;5/5
522;525;Начальник сховища (ракетно-артилерійського, стрілецького озброєння та боєприпасів);Старший сержант;402;707525, 713525, 718525 - 719525, 721525, 726525, 727525, 732525, 737525;707, 713, 718, 719, 721, 726, 727, 732, 737;707525, 713525, 718525, 719525, 721525, 726525, 727525, 732525, 737525;;;7
523;502;Начальник танкодрому;Головний сержант;419;113502, 116502, 117502;113, 116, 117;113502, 116502, 117502;;;8
524;505;Начальник тиру;Старший солдат;405;100505, 113505, 116505, 117505;100, 113, 116, 117;100505, 113505, 116505, 117505;;;5/5
525;480;Начальник телеграфної станції;Молодший сержант;404;403480;403;403480;;;6/6
526;377;Начальник телеметричного поста;Старший солдат;405;638377;638;638377;;;5/5
527;481;Начальник телеметричної станції;Сержант;403;638481, 639481, 646481;638, 639, 646;638481, 639481, 646481;;;7
528;482;Начальник телефонної станції;Молодший сержант;404;403482;403;403482;;;6/6
529;483;Начальник теплопеленгувальної станції;Молодший сержант;404;652483;652;652483;;;6/6
530;506;Начальник трансформаторної підстанції;Старший солдат;405;660506;660;660506;;;4/4
531;507;Начальник тренажера;Головний сержант;419;Усі ВОС;;;так;;8
532;484;Начальник тропосферної станції;Старший сержант;402;460484;460;460484;;;8
533;486;Начальник фільтрувальної станції;Старший солдат;405;174486;174;174486;;;6/6
534;487;Начальник фільтровентиляційної станції;Старший солдат;405;958487, 963487;958, 963;958487, 963487;;;6/6
535;519;Начальник фільмотеки;Солдат;406;912519;912;912519;;;3/3
536;520;Начальник фінансової частини (роти, батареї та їм рівних);Старший сержант;402;900520, 911520;900, 911;900520, 911520;;;8
537;488;Начальник фототелеграфної станції;Старший солдат;405;403488;403;403488;;;6/6
538;523;Начальник холодильника;Старший солдат;405;959523;959;959523;;;6
539;524;Начальник холодильної установки;Солдат;406;959524;959;959524;;;5/5
540;521;Начальник хлібопекарні;Сержант;403;788521;788;788521;;;6
541;574;Начальник цеху (з ремонту ракетного озброєння та техніки);Старший сержант;402;702574, 703574, 706574, 707574, 726574, 727574, 732574;702, 703, 706, 707, 726, 727, 732;702574, 703574, 706574, 707574, 726574, 727574, 732574;;;7
542;526;Начальник цеху (з ремонту озброєння та техніки);Сержант;403;Усі ВОС, крім ВОС: 702574, 703574, 706574, 707574, 726574, 727574, 732574, 746527, 789527, 797527, 798527, 977527;;;так;702, 703, 706, 707, 726, 727, 732, 746, 789, 797, 798, 977;6
543;527;Начальник цеху (з ремонту військово-технічного та господарського майна);Молодший сержант;404;746527, 789527, 797527, 798527, 977527;746, 789, 797, 798, 977;746527, 789527, 797527, 798527, 977527;;;5/5
544;489;Начальник щитової станції;Головний корабельний старшина;451;303489;303;303489;;;9
545;533;Номер обслуги;Солдат;406;Усі ВОС:;;;так;;
545;533;Номер обслуги;Солдат;406;"а) для усіх військових частин, крім зазначених у пункті ""б"";";;;;;3/2
545;533;Номер обслуги;Солдат;406;б) тільки для бойових військових частин;;;;;4/2
546;534;Нормувальник;Солдат;406;Усі ВОС;;;так;;1/1
547;538;Оббивальник;Солдат;406;Усі ВОС;;;так;;1/1
548;537;Обмотувальник;Солдат;406;Усі ВОС;;;так;;1/1
549;045;Обчислювач;Солдат;406;Усі ВОС;;;так;;3/2
550;539;Начальник групи (Курсу лідерства сержантського (старшинського) складу;Майстер-сержант / майстер-старшина;430 / 480;929539;929;929539;;;23
551;546;Оглядач;Солдат;406;Усі ВОС;;;так;;1/1
552;541;Оксидувальник;Солдат;406;972541;972;972541;;;2/2
553;542;Оператор (приладів наведення авіації, радіотехнічних станцій ближньої навігації та систем посадки літаків, радіоелектронного подавлення безпілотних літальних апаратів);Старший солдат;405;247542, 500542-508542, 525542- 533542, 538542-545542, 555542, 602542;247, 500, 501, 502, 503, 504, 505, 506, 507, 508, 525, 526, 527, 528, 529, 530, 531, 532, 533, 538, 539, 540, 541, 542, 543, 544, 545, 555, 602;247542, 500542, 501542, 502542, 503542, 504542, 505542, 506542, 507542, 508542, 525542, 526542, 527542, 528542, 529542, 530542, 531542, 532542, 533542, 538542, 539542, 540542, 541542, 542542, 543542, 544542, 545542, 555542, 602542;;;5/4
554;543;Оператор;Солдат;406;"а) усі ВОС, крім ВОС: 500543-508543, 525543-533543, 538543-545543, 555543, 602543 та зазначених у пункті «б»;";;;так;500, 501, 502, 503, 504, 505, 506, 507, 508, 525, 526, 527, 528, 529, 530, 531, 532, 533, 538, 539, 540, 541, 542, 543, 544, 545, 555, 602;4/3
554;543;Оператор;Солдат;406;б) 111543, 128543, 146543, 156543, 157543, 163543, 178543, 183543, 225543, 515543, 605543;111, 128, 146, 156, 157, 163, 178, 183, 225, 515, 605;111543, 128543, 146543, 156543, 157543, 163543, 178543, 183543, 225543, 515543, 605543;;;5/3
555;544;Сестра медична операційна (брат медичний операційний);Сержант;403;879544;879;879544;;;6
556;545;Оптик;Солдат;406;Усі ВОС;;;так;;2/2
557;549;Водій-оператор (наземних засобів керування безпілотними літальними апаратами військових частин і підрозділів спеціального призначення, спеціальної розвідки та екіпажів безпілотних систем);Солдат;406;790549;790;790549;;;5/3
558;559;Палітурник;Солдат;406;922559;922;922559;;;2/2
559;551;Парашутист - укладальник парашутів;Солдат;406;212551;212;212551;;;3/3
560;553;Паркетник;Солдат;406;956553;956;956553;;;1/1
561;554;Паропровідник;Солдат;406;960554;960;960554;;;2/2
562;555;Парусник;Матрос;456;746555;746;746555;;;2/2
563;557;Пекар;Солдат;406;788557;788;788557;;;2/2
564;558;Перекладач;Старший солдат;405;914558;914;914558;;;9
565;552;Перукар;Солдат;406;789552;789;789552;;;2/2
566;560;Піскоструминник;Солдат;406;793560;793;793560;;;2/2
567;562;Пічник;Солдат;406;956562;956;956562;;;2/2
568;563;Пилостав;Солдат;406;171563, 798563;171, 798;171563, 798563;;;2/2
570;565;Пиляр;Солдат;406;171565, 798565;171, 798;171565, 798565;;;1/1
571;566;Начальник тактичної системи радіорозвідки та пеленгування;Молодший сержант;404;555566;555;555566;;;6
572;567;Планшетист;Солдат;406;Усі ВОС;;;так;;3/2
573;041;Повітряний радист;Старший солдат;405;220041, 221041, 223041;220, 221, 223;220041, 221041, 223041;;;5/4
574;042;Повітряний стрілець;Солдат;406;220042, 221042, 223042;220, 221, 223;220042, 221042, 223042;;;4/3
575;043;Повітряний стрілець - радист;Старший солдат;405;220043, 221043,223043;220, 221, 223;220043, 221043, 223043;;;5/4
576;570;Пожежний;Солдат;406;967570;967;967570;;;3/2
577;550;Пожежний-респіраторник;Солдат;406;967550;967;967550;;;4/3
578;212;Покрівельник;Солдат;406;956212;956;956212;;;1/1
579;571;Полірувальник;Солдат;406;793571, 972571;793, 972;793571, 972571;;;1/1
580;573;Помічник вихователя (у військових ліцеях);Сержант;403;100573;100;100573;;;6
581;572;Помічник водія дрезини;Солдат;406;953572;953;953572;;;2/2
582;630;Помічник гранатометника;Солдат;406;"102630, 103630: а) для усіх військових частин, крім зазначених у пункті ""б"";";102, 103;102630, 103630;;;3/2
582;630;Помічник гранатометника;Солдат;406;б) тільки для бойових військових частин;;;;;4/2
583;575;Помічник командира артилерійського катера;Головний корабельний старшина;451;300575;300;300575;;;9
584;576;Помічник командира десантного катера;Головний корабельний старшина;451;300576;300;300576;;;9
585;577;Помічник командира протичовнового катера;Головний корабельний старшина;451;300577;300;300577;;;9
586;578;Помічник командира ракетного катера;Головний корабельний старшина;451;300578;300;300578;;;9
587;579;Помічник командира торпедного катера;Головний корабельний старшина;451;300579;300;300579;;;9
588;580;Помічник командира тральщика (базового, рейдового, річкового);Головний корабельний старшина;451;302580;302;302580;;;9
589;581;Помічник коменданта;Солдат;406;100581, 908581;100, 908;100581, 908581;;;2/2
590;582;Помічник військового капелана;Старший солдат;405;916582;916;916582;;;4/3
591;583;Помічник машиніста (крім помічника машиніста тепловоза);Солдат;406;Усі ВОС;;;так;;2/2
594;586;Помічник машиніста тепловоза;Солдат;406;949586;949;949586;;;3/3
596;588;Помічник начальника автодрому;Солдат;406;790588;790;790588;;;2/2
597;589;Помічник начальника варти;Молодший сержант;404;100589;100;100589;;;6/5
599;602;Помічник начальника відділу;Старший солдат;405;901602;901;901602;;;7
601;628;Помічник начальника відділення;Старший солдат;405;901628;901;901628;;;5/5
602;592;Помічник начальника відділення (вузла, станції фельд'єгерсько-поштового зв'язку);Старший солдат;405;485592;485;485592;;;4/4
605;603;Помічник начальника господарчої частини;Старший солдат;405;787603;787;787603;;;4/4
606;601;Помічник начальника групи;Молодший сержант;404;100601, 932601;100, 932;100601, 932601;;;6
607;595;Помічник начальника пункту;Солдат;406;700595, 737595, 738595, 827595 - 829595, 833595;700, 737, 738, 827, 828, 829, 833;700595, 737595, 738595, 827595, 828595, 829595, 833595;;;3/3
608;596;Помічник начальника радіостанції (великої потужності);Сержант;403;420596, 429596, 430596, 441596, 460596;420, 429, 430, 441, 460;420596, 429596, 430596, 441596, 460596;;;6
609;611;Помічник начальника радіорелейної станції (тропосферної та багатоканальної);Сержант;403;460611;460;460611;;;6
610;612;Помічник начальника радіолокаційної станції;Старший солдат;405;500612 - 504612, 507612, 508612, 513612, 515612, 517612 - 520612, 525612, 563612, 564612;500, 501, 502, 503, 504, 507, 508, 513, 515, 517, 518, 519, 520, 525, 563, 564;500612, 501612, 502612, 503612, 504612, 507612, 508612, 513612, 515612, 517612, 518612, 519612, 520612, 525612, 563612, 564612;;;5/5
613;598;Помічник начальника служби;Старший солдат;405;220598, 221598, 223598, 233598-238598, 244598, 250598, 251598, 255598, 707598, 766598, 787598, 788598, 789598, 900598, 966598;220, 221, 223, 233, 234, 235, 236, 237, 238, 244, 250, 251, 255, 707, 766, 787, 788, 789, 900, 966;220598, 221598, 223598, 233598, 234598, 235598, 236598, 237598, 238598, 244598, 250598, 251598, 255598, 707598, 766598, 787598, 788598, 789598, 900598, 966598;;;5
618;608;Помічник начальника залізничної станції;Молодший сержант;404;948608;948;948608;;;5/5
620;610;Помічник начальника станції посадки літаків;Молодший сержант;404;525610;525;525610;;;5
621;613;Помічник начальника станції перешкод (великої потужності, автоматизованої);Молодший сержант;404;538613 - 540613, 549613 - 554613;538, 539, 540, 549, 550, 551, 552, 553, 554;538613, 539613, 540613, 549613, 550613, 551613, 552613, 553613, 554613;;;5/5
622;614;Помічник начальника станції фельд'єгерсько-поштового зв'язку;Старший солдат;405;485614;485;485614;;;5/5
623;600;Помічник начальника технічної частини;Старший солдат;405;220600, 221600, 223600, 707600, 766600;220, 221, 223, 707, 766;220600, 221600, 223600, 707600, 766600;;;6
624;615;Помічник оперативного чергового (по командному пункту);Солдат;406;211615, 615615;211, 615;211615, 615615;;;3/3
626;618;Понтонер;Солдат;406;167618;167;167618;;;3/2
627;620;Пошуковець;Солдат;406;205620, 206620;205, 206;205620, 206620;;;5
628;617;Приладник (зенітної артилерії);Старший солдат;405;162617;162;162617;;;2/2
629;621;Приладник;Солдат;406;600621, 602621 - 604621, 721621, 754621, 759621, 800621, 801621, 805621;600, 602, 603, 604, 721, 754, 759, 800, 801, 805;600621, 602621, 603621, 604621, 721621, 754621, 759621, 800621, 801621, 805621;;;4/4
630;622;Прийомоздавальник вантажу та багажу;Солдат;406;Усі ВОС;;;так;;1/1
632;093;Провідний бухгалтер;Старший сержант;402;900093, 911093;900, 911;900093, 911093;;;8
633;624;Прожекторист;Солдат;406;665624;665;665624;;;2/2
634;625;Прокатник;Солдат;406;793625, 794625;793, 794;793625, 794625;;;1/1
635;626;Інспектор (з ведення військового обліку);Сержант;403;600626, 601626;600, 601;600626, 601626;;;7
638;632;Радист (військових частин і підрозділів спеціального призначення, спеціальної розвідки);Старший солдат;405;441632, 443632;441, 443;441632, 443632;;;7/6
642;642;Радист;Солдат;406;Усі ВОС;;;так;;3/2
643;643;Радист-кодувальник;Солдат;406;Усі ВОС;;;так;;3/2
644;638;Радіозондист;Солдат;406;520638;520;520638;;;3/2
645;644;Радіометрист;Солдат;406;Усі ВОС;;;так;;3/2
646;639;Радіомінер;Солдат;406;183639;183;183639;;;3/2
647;640;Радіотелеграфіст;Солдат;406;420640, 429640, 441640, 450640, 451640, 453640, 474640, 538640;420, 429, 441, 450, 451, 453, 474, 538;420640, 429640, 441640, 450640, 451640, 453640, 474640, 538640;;;3/2
648;641;Радіотелефоніст;Солдат;406;403641, 420641, 474641;403, 420, 474;403641, 420641, 474641;;;3/2
649;645;Рамник;Солдат;406;798645, 956645;798, 956;798645, 956645;;;2/2
650;648;Регулювальник;Солдат;406;907648;907;907648;;;1/1
651;649;Рентгенолаборант;Солдат;406;879649;879;879649;;;6
652;650;Рентгенотехнік;Старший солдат;405;879650;879;879650;;;7
653;651;Ретушер;Солдат;406;922651, 923651;922, 923;922651, 923651;;;2/2
654;647;Робітник підсобний;Солдат;406;Усі ВОС;;;так;;1/1
657;646;Розвідник;Солдат;406;106646, 146646, 161646, 168646, 187646, 626646;106, 146, 161, 168, 187, 626;106646, 146646, 161646, 168646, 187646, 626646;;;4/3
658;907;Розвідник-водолаз;Штаб-сержант;420;108907;108;108907;;;9
659;908;Розвідник-інструктор;Штаб-сержант;420;108908;108;108908;;;10
660;654;Розвідник (військових частин і підрозділів спеціального призначення, спеціальної розвідки);Старший солдат;405;107654, 108654, 381654–385654;107, 108, 381, 382, 383, 384, 385;107654, 108654, 381654, 382654, 383654, 384654, 385654;;;7/6
661;652;Рульовий;Матрос;456;300652;300;300652;;;2/2
662;653;Рульовий-сигнальник;Матрос;456;300653, 302653;300, 302;300653, 302653;;;2/2
663;678;Рятувальник;Солдат;406;200678, 203678;200, 203;200678, 203678;;;3/3
664;658;Санітар;Солдат;406;"а) для усіх військових частин, крім зазначених у пункті ""б"": 878658, 884658;";878, 884;878658, 884658;;;3/2
664;658;Санітар;Солдат;406;б) тільки для бойових військових частин - 878658;878;878658;;;4/2
665;659;Санітарний інструктор;Сержант;403;"а) для усіх військових частин, крім зазначених у пункті ""б"" - 879659;";879;879659;;;6/5
665;659;Санітарний інструктор;Сержант;403;б) тільки для бойових військових частин - 879659;879;879659;;;7/5
666;660;Санітарний інструктор-дезінфектор;Старший солдат;405;879660;879;879660;;;6/5
667;661;Санітарний інструктор-дозиметрист;Старший солдат;405;879661;879;879661;;;6/5
668;662;Сапер;Солдат;406;166662, 185662;166, 185;166662, 185662;;;5/2
669;665;Свердлувальник;Солдат;406;793665;793;793665;;;2/2
670;089;Сержант із матеріального забезпечення (роти, батареї та їм рівних);Старший сержант;402;787089;787;787089;;;10
671;657;Сержант-інструктор (навчальної військової частини (центру, школи), військового коледжу, військового навчального закладу);Головний сержант / головний корабельний старшина;419 / 451;Усі ВОС;;;так;;12
672;556;Сержант-інструктор (тренувального центру підрозділів спеціального призначення, спеціальної розвідки);Штаб-сержант;420;Усі ВОС;;;так;;12
673;666;Сержант-менеджер 2 категорії (органу військового управління, Кадрового центру виду Збройних Сил України);Головний сержант / головний корабельний старшина;419 / 451;929666;929;929666;;;19
674;670;Сержант-менеджер 1 категорії (кадрового центру Збройних Сил України);Штаб-сержант;420;929670;929;929670;;;20
675;667;Сигнальник;Солдат;406;Усі ВОС;;;так;;2/2
676;280;Складальник;Солдат;406;922280;922;922280;;;2/2
677;675;Складач поїздів;Солдат;406;948675;948;948675;;;2/2
678;913;Скляр;Солдат;406;956913;956;956913;;;1/1
679;669;Слюсар;Солдат;406;Усі ВОС;;;так;;2/2
680;672;Марксмен;Солдат;406;100672;100;100672;;;4/3
681;674;Сортувальник;Солдат;406;Усі ВОС;;;так;;1/1
682;754;Спеціаліст-оператор;Старший солдат;405;909754, 993754, 994754;909, 993, 994;909754, 993754, 994754;;;4/4
683;320;Спеціаліст (у полку, бригаді та їм рівних, кораблів 2 та 3 рангів);Старший солдат / старший матрос;405 / 455;909320, 993320, 994320;909, 993, 994;909320, 993320, 994320;;;6/6
684;361;Спеціаліст (центрів забезпечення охорони державної таємниці, кораблів 1 рангу);Старший солдат / старший матрос;405 / 455;909361, 993361, 994361;909, 993, 994;909361, 993361, 994361;;;7
685;927;Спортсмен-стажер;Солдат;406;906927;906;906927;;;5/5
686;928;Сержант-менеджер 3 категорії (бригади, полку та їм рівних, підрозділів Військової служби правопорядку, окремого (лінійного) батальйону (дивізіону) та їм рівних);Старший сержант / головний старшина;402 / 452;"а) для бригади, полку та їм рівних, територіального (центрального) управління (зонального (спеціального) відділу) Військової служби правопорядку - 929928; б) для окремого батальйону (дивізіону) та їм рівних - 929928; в) для лінійного батальйону (дивізіону) та їм рівних - 929928";929;929928;;;14 12 10
686;928;Сержант-менеджер 3 категорії (бригади, полку та їм рівних, підрозділів Військової служби правопорядку, окремого (лінійного) батальйону (дивізіону) та їм рівних);Старший сержант / головний старшина;402 / 452;;;;;;
687;095;Сержант резерву;;;Усі ВОС;;;так;;
688;097;Солдат резерву;;;Усі ВОС;;;так;;
689;811;Спортсмен;Старший солдат;405;906811;906;906811;;;6/6
690;929;Спортсмен-інструктор;Головний сержант;419;906929;906;906929;;;11
691;279;Спостерігач;Солдат;406;Усі ВОС;;;так;;1/1
692;677;Стартер-фінішер;Солдат;406;211677;211;211677;;;2/2
693;781;Старша сестра медична (старший брат медичний);Старший сержант;402;879781;879;879781;;;7
694;782;Старша сестра медична-анестезист (старший брат медичний-анестезист);Старший сержант;402;879782;879;879782;;;7
695;680;Старший сержант-інструктор (Курсу лідерства сержантського (старшинського) складу);Майстер-сержант / майстер-старшина;430 / 480;929680;929;929680;;;22
696;673;Старший авіаційний механік;Сержант;403;220673, 221673, 223673, 225673-228673;220, 221, 223, 225, 226, 227, 228;220673, 221673, 223673, 225673, 226673, 227673, 228673;;;7
697;676;Статистик;Солдат;406;879676;879;879676;;;2/2
698;681;Старший автопілотник;Старший солдат;405;Усі ВОС;;;так;;4/4
699;683;Старший акумуляторник;Старший солдат;405;262683, 366683, 792683;262, 366, 792;262683, 366683, 792683;;;4/4
700;684;Старший апаратник;Старший солдат;405;799684, 959684, 982684;799, 959, 982;799684, 959684, 982684;;;4/4
701;685;Старший арматурник;Старший солдат;405;945685, 956685;945, 956;945685, 956685;;;4/4
702;686;Старший асфальтобетонник;Старший солдат;405;956686;956;956686;;;3/3
703;687;Старшина (роти, батареї та їм рівних);Старший сержант;402;787687;787;787687;;;10
704;688;Старший баталер;Головний старшина;452;787688 - 789688, 900688, 911688;787, 788, 789, 900, 911;787688, 788688, 789688, 900688, 911688;;;7
705;689;Старший бетоняр;Старший солдат;405;956689;956;956689;;;3/3
706;690;Старший бібліотекар;Старший солдат;405;912690;912;912690;;;3/3
707;691;Старший бортовий механік-випробувач;Штаб-сержант;420;220691, 221691, 223691, 254691;220, 221, 223, 254;220691, 221691, 223691, 254691;;;11
708;692;Старший бортовий механік (літака, вертольота);Старший сержант;402;220692, 221692, 223692;220, 221, 223;220692, 221692, 223692;;;9
710;694;Старший бортовий технік;Штаб-сержант;420;220694, 221694, 223694;220, 221, 223;220694, 221694, 223694;;;11
711;679;"Старший боцман (великого підводного човна, надводного корабля 1 рангу, морського судна, де за посадою командира цього судна встановлено військове звання ""капітан 1 рангу"")";Штаб-старшина;470;303679;303;303679;;;11
712;695;"Старший боцман (середнього підводного човна, надводного корабля 2 рангу, морського судна, де за посадою командира цього судна встановлено військове звання ""капітан 2 рангу"")";Головний корабельний старшина;451;303695;303;303695;;;10
713;696;"Старший боцман (малого підводного човна, надводного корабля 3 рангу, морського судна, де за посадою командира цього судна встановлено військове звання ""капітан 3 рангу"")";Головний старшина;452;303696;303;303696;;;9
714;699;Штаб-сержант 1 категорії (Апарату Головнокомандувача Збройних Сил України, у структурних підрозділах Генерального штабу Збройних Сил України та органах військового управління, які утримуються на окремих штатах і підпорядковані Міністерству оборони України, Головнокомандувачу Збройних Сил України та Генеральному штабу Збройних Сил України);Штаб-сержант / штаб-старшина;420 / 470;100699, 106699, 108699, 600699, 617699, 904699, 911699, 915699, 929699, 992699, 993699, 994699;100, 106, 108, 600, 617, 904, 911, 915, 929, 992, 993, 994;100699, 106699, 108699, 600699, 617699, 904699, 911699, 915699, 929699, 992699, 993699, 994699;;;20
715;700;Старший вагар;Старший солдат;405;948700;948;948700;;;3/3
716;701;Старший візирник;Старший солдат;405;Усі ВОС;;;так;;4/4
717;808;Старший вогнеметник;Старший солдат;405;193808;193;193808;;;5/4
718;702;Старший водій;Старший солдат;405;124702, 125702, 127702, 180702, 790702;124, 125, 127, 180, 790;124702, 125702, 127702, 180702, 790702;;;6/4
719;703;Старший водій (автомобіля члена колегії Міністерства оборони України, генерала армії України, заступника Міністра оборони України, Головнокомандувача Збройних Сил України, начальника Генерального штабу Збройних Сил України, заступника начальника Генерального штабу Збройних Сил України, Головного інспектора Міністерства оборони України, Голови Ради ветеранів України, оперативного автомобіля підрозділу спеціального призначення Міністерства оборони України, автобуса та автомобіля для зустрічі та супроводження іноземних делегацій);Штаб-сержант;420;790703;790;790703;;;10
720;704;Старший водій (автобуса (мікроавтобуса), автомобіля командувача оперативного командування, командира корпусу);Молодший сержант;404;790704;790;790704;;;7/6
721;901;Старший водій електровізка;Старший солдат;405;792901;792;792901;;;4/4
722;705;Старший водолаз;Молодший сержант;404;172705, 379705 - 386705;172, 379, 380, 381, 382, 383, 384, 385, 386;172705, 379705, 380705, 381705, 382705, 383705, 384705, 385705, 386705;;;6/6
723;706;Старший вожатий службових собак;Старший солдат;405;200706, 886706;200, 886;200706, 886706;;;4/4
724;713;Старший вулканізаторник;Старший солдат;405;796713;796;796713;;;3/3
725;716;Старший газівник;Старший солдат;405;799716;799;799716;;;3/3
726;717;Старший гальванік;Старший солдат;405;972717;972;972717;;;3/3
727;718;Старший гідроакустик;Старший матрос;455;340718 - 346718;340, 341, 342, 343, 344, 345, 346;340718, 341718, 342718, 343718, 344718, 345718, 346718;;;4/4
728;719;Штаб-сержант вищої категорії (в апараті керівництва структурних підрозділах Генерального штабу Збройних Сил України та Командування об'єднаних сил Збройних Сил України);Майстер-сержант;430;929719;929;929719;;;22
729;720;Старший гідрометеоспостерігач;Старший солдат;405;631055, 632055;631, 632;631055, 632055;;;4/4
730;721;Старший гіроскопіст;Старший солдат;405;Усі ВОС;;;так;;3/3
731;722;Штаб-сержант 2 категорії (органу військового управління);Головний сержант / головний корабельний старшина;419 / 451;100722, 106722, 108722, 600722, 617722, 904722, 911722, 915722, 929722, 992722, 993722, 994722, 997722;100, 106, 108, 600, 617, 904, 911, 915, 929, 992, 993, 994, 997;100722, 106722, 108722, 600722, 617722, 904722, 911722, 915722, 929722, 992722, 993722, 994722, 997722;;;19
732;725;Старший гравер;Старший солдат;405;972725;972;972725;;;3/3
733;723;Штаб-сержант 3 категорії (бригади, полку та їм рівних, підрозділів Військової служби правопорядку, окремого (лінійного) батальйону (дивізіону) та їм рівних);Старший сержант / головний старшина;402 / 452;"а) для бригади, полку та їм рівних, територіального (центрального) управління (зонального (спеціального) відділу) Військової служби правопорядку — 100723, 106723–108723, 600723, 617723, 911723, 915723, 929723; 997723";100, 106, 107, 108, 600, 617, 911, 915, 929, 997;100723, 106723, 107723, 108723, 600723, 617723, 911723, 915723, 929723, 997723;;;14
733;723;Штаб-сержант 3 категорії (бригади, полку та їм рівних, підрозділів Військової служби правопорядку, окремого (лінійного) батальйону (дивізіону) та їм рівних);Старший сержант / головний старшина;402 / 452;б) для окремого батальйону (дивізіону) та їм рівних (зонального відділення) — 100757, 106723, 600723, 617723, 915723, 911723, 929723, 997723 в) для лінійного батальйону (дивізіону) та їм рівних — 100723, 106723, 600723, 617723, 915723, 929723;100, 106, 600, 617, 911, 915, 929, 997;100723, 100757, 106723, 600723, 617723, 911723, 915723, 929723, 997723;;;12 10
734;724;Старший гранатометник;Старший солдат;405;"102724, 103724: а) для усіх військових частин, крім зазначених у пункті ""б"";";102, 103;102724, 103724;;;5/4
734;724;Старший гранатометник;Старший солдат;405;б) тільки для бойових військових частин;;;;;6/4
735;726;Спеціаліст (1 категорії);Визначає начальник ГУР МОУ;;Усі ВОС;;;так;;Визначає начальник ГУР МОУ
736;727;Старший далекомірник;Старший солдат;405;626727;626;626727;;;5/4
737;729;Старший дегазатор;Старший солдат;405;189729;189;189729;;;4/4
738;730;Старший дезінфектор;Старший солдат;405;878730;878;878730;;;4/4
739;731;Старший дефектувальник;Старший солдат;405;Усі ВОС;;;так;;3/3
740;732;Старший дешифрувальник;Старший солдат;405;Усі ВОС;;;так;;3/3
741;733;Старший дизеліст;Старший солдат;405;Усі ВОС;;;так;;4/4
742;734;Старший диспетчер (крім старшого диспетчера з перельотів і посадок);Старший солдат;405;Усі ВОС;;;так;;4/4
743;735;Старший дешифрувальник розвідувальних матеріалів з безпілотних літальних апаратів;Старший солдат;405;276735;276;276735;;;4
744;736;Старший диспетчер (з перельотів і посадок);Сержант;403;211736;211;211736;;;7/6
745;698;Старший днювальний;Старший солдат;405;957698;957;957698;;;3/3
746;737;Старший дозиметрист;Старший солдат;405;187737;187;187737;;;4/4
747;739;Старший дозувальник;Старший солдат;405;Усі ВОС;;;так;;3/3
748;741;Старший дресирувальник;Старший солдат;405;886741;886;886741;;;3/3
749;821;Старший друкар;Старший солдат;405;922821;922;922821;;;4/4
750;744;Старший звукометрист;Старший солдат;405;627744;627;627744;;;4/3
751;902;Старший електромонтер;Старший солдат;405;Усі ВОС;;;так;;4/4
752;899;Старший електрик;Старший солдат;405;Усі ВОС;;;так;;4/4
753;898;Старший експедитор;Старший солдат;405;485898, 901898;485, 901;485898, 901898;;;4/4
754;858;Старший електрозварник;Старший солдат;405;795858;795;795858;;;4/4
755;184;Старший інспектор (з безпеки дорожнього руху);Головний сержант;419;932184;932;932184;;;11
756;738;Співробітник (1 категорії);Визначає начальник ГУР МОУ;;Усі ВОС;;;так;;Визначає начальник ГУР МОУ
757;742;Старший інспектор (з відбору військовослужбовців за контрактом);Старший сержант / головний старшина;402 / 452;929742;929;929742;;;7
759;746;Старший інструктор (крім старшого санітарного інструктора);Головний сержант;419;Усі ВОС, крім ВОС: 879854 (за винятком навчальної військової частини, підрозділу (центру): 879746, 929746);;;так;879, 929;12
761;747;Старший інструментальник;Старший солдат;405;793747;793;793747;;;3/3
762;748;Старший кабельник;Старший солдат;405;403748;403;403748;;;3/3
763;749;Старший кабельник-спаювальник;Старший солдат;405;403749;403;403749;;;4/4
764;750;Снайпер;Молодший сержант;404;110750;110;110750;;;6/5
766;753;Старший клепальник;Старший солдат;405;793753;793;793753;;;3/3
767;766;Старший коваль;Старший солдат;405;794766;794;794766;;;3/3
768;755;Старший кок;Старший матрос;455;788755;788;788755;;;4/4
769;756;Старший комендор;Старший матрос;455;148756, 153756, 155756, 156756, 160756;148, 153, 155, 156, 160;148756, 153756, 155756, 156756, 160756;;;4/4
771;757;Спеціаліст (2 категорії);Визначає начальник ГУР МОУ;;Усі ВОС;;;так;;Визначає начальник ГУР МОУ
772;758;Співробітник (2 категорії);Визначає начальник ГУР МОУ;;Усі ВОС;;;так;;Визначає начальник ГУР МОУ
773;760;Слухач курсів;Молодший сержант;404;Усі ВОС;;;так;;5
774;761;Старший контролер;Старший солдат;405;100761, 907761, 908761, 793761 - 797761;100, 793, 794, 795, 796, 797, 907, 908;100761, 793761, 794761, 795761, 796761, 797761, 907761, 908761;;;3/3
775;762;Старший копрівник;Старший солдат;405;941762;941;941762;;;4/4
776;763;Старший коректор;Старший солдат;405;922763;922;922763;;;3/3
777;764;Старший кочегар;Старший солдат;405;980764;980;980764;;;3/3
778;831;Старший кравець;Старший солдат;405;789831;789;789831;;;3/3
779;765;Старший кранівник;Старший солдат;405;Усі ВОС;;;так;;4/4
780;896;Старший кресляр;Старший солдат;405;671896, 902896;671, 902;671896, 902896;;;3/3
781;837;Старший кулеметник;Старший солдат;405;101837, 124837, 160837:;101, 124, 160;101837, 124837, 160837;;;
781;837;Старший кулеметник;Старший солдат;405;"а) для усіх військових частин, крім зазначених у пункті ""б"";";;;;;5/4
781;837;Старший кулеметник;Старший солдат;405;б) тільки для бойових військових частин;;;;;6/4
782;827;Старший кухар;Старший солдат;405;788827;788;788827;;;4/4
783;767;Старший лаборант (крім бактеріологічної, клінічної, судово-медичної лабораторії);Старший солдат;405;Усі ВОС, крім ВОС: 879224, 879226, 879227, 879228, 879229, 879230, 879231;;;так;879;4/4
784;768;Старший лінійний наглядач;Старший солдат;405;403768;403;403768;;;3/3
785;769;Старший лінотипіст;Старший солдат;405;922769;922;922769;;;3/3
786;770;Старший ливарник;Старший солдат;405;975770;975;975770;;;3/3
787;774;Старший майстер;Старший солдат;405;Усі ВОС;;;так;;5/4
788;775;Спеціаліст (3 категорії);Визначає начальник ГУР МОУ;;Усі ВОС;;;так;;Визначає начальник ГУР МОУ
789;777;Співробітник (3 категорії);Визначає начальник ГУР МОУ;;Усі ВОС;;;так;;Визначає начальник ГУР МОУ
790;780;Старший водій - сапер розмінування;Старший солдат;405;185780;185;185780;;;6/4
791;771;Старший маляр;Старший солдат;405;797771;797;797771;;;3/3
792;772;Старший марсовий;Старший матрос;455;303772;303;303772;;;3/3
793;773;Старший маскувальник;Старший солдат;405;169773;169;169773;;;4/4
794;776;Старший машиніст;Старший солдат;405;Усі ВОС;;;так;;4/4
795;897;Старший машиніст екскаватора;Старший солдат;405;184897, 740897;184, 740;184897, 740897;;;4/4
796;697;Старший машиніст бульдозера;Старший солдат;405;740697;740;740697;;;4/4
797;759;Старший машиніст компресора;Старший солдат;405;982759;982;982759;;;4/4
798;860;Старший машиніст скрепера;Старший солдат;405;180860;180;180860;;;4/4
799;743;Старший машиніст заправної машини;Старший солдат;405;766743, 790743;766, 790;766743, 790743;;;5/5
800;778;Спеціаліст (вищої категорії);Визначає начальник ГУР МОУ;;Усі ВОС;;;так;;Визначає начальник ГУР МОУ
801;779;Співробітник (вищої категорії);Визначає начальник ГУР МОУ;;Усі ВОС;;;так;;Визначає начальник ГУР МОУ
802;784;Старший метеоспостерігач;Старший солдат;405;520784, 631784;520, 631;520784, 631784;;;5/5
803;785;Старший метеоролог;Старший солдат;405;631785;631;631785;;;5/5
804;786;Старший механік (крім старшого механіка літака, вертольота, а також з обладнання та систем озброєння літальних апаратів і керованих засобів ураження та засекречувальної апаратури зв'язку);Старший солдат;405;Усі ВОС;;;так;;4/3
805;787;Старший механік (засекречувальної апаратури зв'язку);Старший солдат;405;460787, 474787, 478787, 575787;460, 474, 478, 575;460787, 474787, 478787, 575787;;;5/4
806;788;Старший диспетчер поїзний;Сержант;403;948778;948;948778;;;7
807;789;Старший механік;Молодший сержант;404;007789, 020789, 038789, 057789, 074789, 220789, 221789, 223789, 225789, 228789, 233789-238789, 244789, 245789, 247789, 248789, 250789, 251789, 252789, 254789-256789, 260789-263789, 265789 266789, 268789, 269789, 342789, 353789, 758789;007, 020, 038, 057, 074, 220, 221, 223, 225, 228, 233, 234, 235, 236, 237, 238, 244, 245, 247, 248, 250, 251, 252, 254, 255, 256, 260, 261, 262, 263, 265, 266, 268, 269, 342, 353, 758;007789, 020789, 038789, 057789, 074789, 220789, 221789, 223789, 225789, 228789, 233789, 234789, 235789, 236789, 237789, 238789, 244789, 245789, 247789, 248789, 250789, 251789, 252789, 254789, 255789, 256789, 260789, 261789, 262789, 263789, 265789, 266789, 268789, 269789, 342789, 353789, 758789;;;7
808;790;Старший механік-водій (машини на бронетанковій базі та танків);Молодший сержант;404;"а) для усіх військових частин, крім зазначених у пункті «б»: 113790, 116790–118790, 132790, 134790, 175790, 177790–180790, 967790;";113, 116, 117, 118, 132, 134, 175, 177, 178, 179, 180, 967;113790, 116790, 117790, 118790, 132790, 134790, 175790, 177790, 178790, 179790, 180790, 967790;;;7/6
808;790;Старший механік-водій (машини на бронетанковій базі та танків);Молодший сержант;404;б) тільки для бойових військових частин та військових частин (підрозділів) оперативного забезпечення: 113790, 117790, 118790, 130790, 132790, 134790, 175790, 177790–180790;113, 117, 118, 130, 132, 134, 175, 177, 178, 179, 180;113790, 117790, 118790, 130790, 132790, 134790, 175790, 177790, 178790, 179790, 180790;;;8/6
809;791;Старший механік-водій;Старший солдат;405;"а) для усіх військових частин, крім зазначених у пункті ""б"": усі ВОС, крім ВОС: 028857, 029857, 038857, 113790, 116790 - 118790, 132790, 134790, 175790, 177790 - 180790, 967790;";;;так;028, 029, 038, 113, 116, 117, 118, 132, 134, 175, 177, 178, 179, 180, 967;6/4
809;791;Старший механік-водій;Старший солдат;405;б) тільки для бойових військових частин та військових частин (підрозділів) оперативного забезпечення: усі ВОС, крім ВОС: 028857, 029857, 038857, 113790, 116790 - 118790, 132790, 134790, 175790, 177790 - 180790, 967790;;;так;028, 029, 038, 113, 116, 117, 118, 132, 134, 175, 177, 178, 179, 180, 967;7/4
811;857;Старший механік-водій (самохідної пускової установки);Сержант;403;028857, 029857, 038857;028, 029, 038;028857, 029857, 038857;;;8
812;793;Старший мінер;Старший солдат;405;Усі ВОС;;;так;;4/4
813;783;Старший мірошник;Старший солдат;405;788783;788;788783;;;3/3
814;794;Командир екіпажу безпілотних авіаційних комплексів (з реактивним двигуном);Старший сержант;402;216794;216;216794;;;7
815;795;Старший монтажник;Старший солдат;405;Усі ВОС;;;так;;3/3
816;796;Старший монтер колій;Старший солдат;405;937796;937;937796;;;3/3
817;797;Старший моторист;Старший солдат;405;Усі ВОС;;;так;;4/4
818;798;Старший муляр;Старший солдат;405;956798;956;956798;;;3/3
819;799;Старший оператор безпілотних літальних апаратів (з реактивним двигуном);Молодший сержант;404;216799;216;216799;;;6
820;800;Оператор безпілотних літальних апаратів (з реактивним двигуном);Старший солдат;405;216800;216;216800;;;5
821;803;Старший навідник;Старший солдат;405;Усі ВОС:;;;так;;
821;803;Старший навідник;Старший солдат;405;"а) для усіх військових частин, крім зазначених у пункті ""б"";";;;;;5/4
821;803;Старший навідник;Старший солдат;405;б) тільки для бойових військових частин;;;;;6/4
822;804;Старший нарядник;Старший солдат;405;Усі ВОС;;;так;;3/3
823;805;Старший наладчик;Головний старшина;452;325805, 354805, 600805, 602805 - 604805, 652805, 653805, 721805, 769805, 800805, 801805, 805805;325, 354, 600, 602, 603, 604, 652, 653, 721, 769, 800, 801, 805;325805, 354805, 600805, 602805, 603805, 604805, 652805, 653805, 721805, 769805, 800805, 801805, 805805;;;7
824;806;Старший номер обслуги;Старший солдат;405;"а) усі ВОС для усіх військових частин, крім зазначених у пункті ""б"";";;;так;;4/4
824;806;Старший номер обслуги;Старший солдат;405;б) усі ВОС тільки для бойових військових частин;;;так;;5/4
825;807;Старший нормувальник;Старший солдат;405;Усі ВОС;;;так;;3/3
827;714;Старший обчислювач;Старший солдат;405;Усі ВОС;;;так;;4/4
828;816;Старший оглядач;Старший солдат;405;Усі ВОС;;;так;;3/3
829;810;Старший оператор;Старший солдат;405;"а) усі ВОС, крім ВОС: 248810, 500810-508810, 525810-533810, 538810-545810, 555810, 602810 та зазначених у пункті «б»;";;;так;248, 500, 501, 502, 503, 504, 505, 506, 507, 508, 525, 526, 527, 528, 529, 530, 531, 532, 533, 538, 539, 540, 541, 542, 543, 544, 545, 555, 602;5/4
829;810;Старший оператор;Старший солдат;405;б) 111810, 128810, 146810, 156810, 157810, 163810, 178810, 183810, 225810, 515810, 605810;111, 128, 146, 156, 157, 163, 178, 183, 225, 515, 605;111810, 128810, 146810, 156810, 157810, 163810, 178810, 183810, 225810, 515810, 605810;;;6/4
830;812;Старший оператор (зі знанням іноземної мови);Сержант;403;248812;248;248812;;;6
831;813;Старший оператор (приладів наведення авіації, радіотехнічних станцій ближньої навігації та систем посадки літаків, радіоелектронного подавлення безпілотних літальних апаратів);Молодший сержант;404;247813, 500813-508813, 525813-533813, 538813-545813, 555813, 602813;247, 500, 501, 502, 503, 504, 505, 506, 507, 508, 525, 526, 527, 528, 529, 530, 531, 532, 533, 538, 539, 540, 541, 542, 543, 544, 545, 555, 602;247813, 500813, 501813, 502813, 503813, 504813, 505813, 506813, 507813, 508813, 525813, 526813, 527813, 528813, 529813, 530813, 531813, 532813, 533813, 538813, 539813, 540813, 541813, 542813, 543813, 544813, 545813, 555813, 602813;;;6/5
832;814;Старша сестра медична операційна (старший брат медичний операційний);Сержант;403;879814;879;879814;;;7
833;815;Старший оптик;Старший солдат;405;Усі ВОС;;;так;;4/4
834;817;Старший парашутист - укладач парашутів;Старший солдат;405;212817;212;212817;;;4/4
835;818;Старший паропровідник;Старший солдат;405;960818;960;960818;;;4/4
836;819;Старший парусник;Старший матрос;455;746819;746;746819;;;3/3
837;820;Старший пекар;Старший солдат;405;788820;788;788820;;;4/4
839;823;Старший пиляр;Старший солдат;405;171823, 798823;171, 798;171823, 798823;;;3/3
841;825;Старший планшетист;Старший солдат;405;Усі ВОС;;;так;;4/4
843;708;Старший повітряний радист;Старший сержант;402;220708, 221708, 223708;220, 221, 223;220708, 221708, 223708;;;8
844;709;Старший повітряний стрілець;Молодший сержант;404;220709, 221709, 223709;220, 221, 223;220709, 221709, 223709;;;5/4
847;712;Старший повітряний стрілець-радист;Сержант;403;220712, 221712, 223712;220, 221, 223;220712, 221712, 223712;;;6/6
848;828;Старший пожежний;Старший солдат;405;967828;967;967828;;;4/4
849;933;Старший пожежний-респіраторник;Старший солдат;405;967933;967;967933;;;5/4
850;829;Старший помічник оперативного чергового (по командному пункту);Старший солдат;405;211829, 615829;211, 615;211829, 615829;;;5/5
851;830;Старший понтонер;Старший солдат;405;167830;167;167830;;;4/4
852;832;Старший пошуковець;Старший солдат;405;205832, 206832;205, 206;205832, 206832;;;7
853;833;Старший приладник;Старший солдат;405;600833, 602833 - 604833, 721833, 754833, 759833, 800833, 801833, 805833;600, 602, 603, 604, 721, 754, 759, 800, 801, 805;600833, 602833, 603833, 604833, 721833, 754833, 759833, 800833, 801833, 805833;;;4/4
856;836;Старший прожекторист;Старший солдат;405;665836;665;665836;;;4/4
857;838;Старший радіозондист;Старший солдат;405;520838;520;520838;;;4/4
858;839;Старший радіомінер;Старший солдат;405;183839;183;183839;;;5/4
859;840;Старший радіотелеграфіст;Старший солдат;405;420840, 429840, 441840, 450840, 451840, 453840, 474840, 538840;420, 429, 441, 450, 451, 453, 474, 538;420840, 429840, 441840, 450840, 451840, 453840, 474840, 538840;;;4/4
860;841;Старший радист (військових частин і підрозділів спеціального призначення, спеціальної розвідки);Молодший сержант;404;441841, 443841;441, 443;441841, 443841;;;7
861;842;Старший радіотелефоніст;Старший солдат;405;403842, 420842, 474842;403, 420, 474;403842, 420842, 474842;;;4/4
862;845;Старший радіометрист;Старший солдат;405;Усі ВОС;;;так;;4/4
863;843;Старший радист;Старший солдат;405;Усі ВОС, крім ВОС: 441841, 443841;;;так;441, 443;4/4
864;844;Старший радист-кодувальник;Старший солдат;405;Усі ВОС;;;так;;4/4
865;846;Старший розвідник-водолаз;Майстер-сержант;430;108846;108;108846;;;10
866;848;Старший розвідник-інструктор;Майстер-сержант;430;108848;108;108848;;;11
867;849;Старший регулювальник;Старший солдат;405;907849;907;907849;;;3/3
868;847;Старший розвідник;Старший солдат;405;106847, 146847, 161847, 168847, 187847, 626847;106, 146, 161, 168, 187, 626;106847, 146847, 161847, 168847, 187847, 626847;;;5/4
869;926;Старший розвідник (військових частин і підрозділів спеціального призначення, спеціальної розвідки);Молодший сержант;404;107926, 108926, 381926–385926;107, 108, 381, 382, 383, 384, 385;107926, 108926, 381926, 382926, 383926, 384926, 385926;;;8/6
870;850;Старший рульовий;Старший матрос;455;300850;300;300850;;;4/4
871;851;Старший рульовий-сигнальник;Старший матрос;455;300851, 302851;300, 302;300851, 302851;;;4/4
873;906;Старший рятувальник;Старший солдат;405;200906, 203906;200, 203;200906, 203906;;;4/4
874;853;Старший санітар;Старший солдат;405;"а) для усіх військових частин, крім зазначених у пункті ""б"": 878853, 884853;";878, 884;878853, 884853;;;4/3
874;853;Старший санітар;Старший солдат;405;б) тільки для бойових військових частин - 878853;878;878853;;;5/3
875;854;Старший санітарний інструктор;Старший сержант;402;"а) для усіх військових частин, крім зазначених у пункті ""б"" - 879854";879;879854;;;7
875;854;Старший санітарний інструктор;Старший сержант;402;б) тільки для бойових військових частин - 879854;879;879854;;;8
876;855;Старший сапер;Старший солдат;405;166855, 185855;166, 185;166855, 185855;;;6/4
877;859;Старший сигнальник;Старший солдат;405;Усі ВОС;;;так;;3/3
878;801;Старший спостерігач;Старший солдат;405;Усі ВОС;;;так;;3/3
879;871;Старший столяр;Старший солдат;405;798871;798;798871;;;3/3
880;802;Старший складальник;Старший солдат;405;922802;922;922802;;;4/4
881;866;Старший скляр;Старший солдат;405;956866;956;956866;;;3/3
882;861;Старший слюсар;Старший солдат;405;Усі ВОС;;;так;;3/3
883;862;Старший сортувальник;Старший солдат;405;Усі ВОС;;;так;;3/3
884;863;Старший спортсмен;Старший сержант;402;906863;906;906863;;;7
885;376;Старший спеціаліст (корпусу, бригади та їм рівних, кораблів 1 рангу);Старший сержант;402;909376, 993376, 994376;909, 993, 994;909376, 993376, 994376;;;7
886;864;Старший спеціаліст (центрів забезпечення охорони державної таємниці);Головний сержант;419;909864, 993864, 994864;909, 993, 994;909864, 993864, 994864;;;8
887;978;Старший бойовий медик (роти, батареї та їм рівних);Сержант;403;878978;878;878978;;;7
888;865;Старший стартер-фінішер;Старший солдат;405;211865;211;211865;;;4/4
889;867;Старший стереотипер;Старший солдат;405;922867;922;922867;;;4/4
890;868;Старший стрілець;Старший солдат;405;"100868, 932915: а) для усіх військових частин, крім зазначених у пункті ""б"";";100, 932;100868, 932915;;;5/4
890;868;Старший стрілець;Старший солдат;405;б) тільки для бойових військових частин;;;;;6/4
891;869;Старший стрілець-зенітник;Старший солдат;405;"а) для усіх військових частин, крім зазначених у пункті ""б"" - 104869";104;104869;;;5/4
891;869;Старший стрілець-зенітник;Старший солдат;405;б) тільки для бойових військових частин - 104869;104;104869;;;6/4
893;872;Старший такелажник;Старший солдат;405;Усі ВОС;;;так;;4/4
894;873;Старший телеграфіст;Старший солдат;405;403873;403;403873;;;3/3
897;876;Старший телефоніст;Старший солдат;405;403876;403;403876;;;3/3
898;877;Старший теодолітник;Старший солдат;405;945877, 956877;945, 956;945877, 956877;;;3/3
899;826;Старший тесляр;Старший солдат;405;798826;798;798826;;;3/3
900;878;Старший технік (роти, батареї чи їм рівних у разі заміни офіцерських посад інженерного та технічного складу);Штаб-сержант;420;Усі ВОС, крім ВОС: 003946, 004946, 007946, 008946, 015946, 016946, 019946 - 021946, 028946, 029946, 033946 - 036946, 038946 - 040946, 047946, 048946, 052946 - 055946, 057946 - 059946, 065946, 069946 - 072946, 074946, 075946, 081946, 084946 - 086946, 225946 - 227946, 234946, 236946, 256946, 267946, 304946, 600946, 602946, 654946, 702946 - 704946, 706946, 707946, 726946, 727946, 732946;;;так;003, 004, 007, 008, 015, 016, 019, 020, 021, 028, 029, 033, 034, 035, 036, 038, 039, 040, 047, 048, 052, 053, 054, 055, 057, 058, 059, 065, 069, 070, 071, 072, 074, 075, 081, 084, 085, 086, 225, 226, 227, 234, 236, 256, 267, 304, 600, 602, 654, 702, 703, 704, 706, 707, 726, 727, 732;10
902;879;Старший токар;Старший солдат;405;793879;793;793879;;;3/3
903;880;Старший топогеодезист;Старший солдат;405;672880, 674880;672, 674;672880, 674880;;;5/4
904;881;Старший торпедист;Старший матрос;455;330881 - 333881;330, 331, 332, 333;330881, 331881, 332881, 333881;;;4/4
905;883;Старший тракторист;Старший солдат;405;740883;740;740883;;;3/3
906;884;Старший трубопровідник;Старший солдат;405;958884, 960884;958, 960;958884, 960884;;;3/3
907;885;Старший укладач парашутів;Старший солдат;405;212885;212;212885;;;5/5
908;886;Старший фельд'єгер;Старший солдат;405;485886;485;485886;;;4/4
909;887;Старший фільмотекар;Старший солдат;405;677887;677;677887;;;4/4
910;888;Старший фотограмметрист;Старший солдат;405;225888, 676888, 677888;225, 676, 677;225888, 676888, 677888;;;4/4
911;889;Старший фотограф;Старший солдат;405;675889;675;675889;;;4/4
912;890;Старший фоторадіотелеграфіст;Старший солдат;405;446890;446;446890;;;4/4
913;891;Старший фототелеграфіст;Старший солдат;405;403891, 454891;403, 454;403891, 454891;;;4/4
914;892;Старший фрезерувальник;Старший солдат;405;793892;793;793892;;;3/3
915;895;Старший фотоцинкограф;Старший солдат;405;922895;922;922895;;;4/4
916;893;Старший хімік;Старший солдат;405;187893, 189893, 191893, 192893, 195893;187, 189, 191, 192, 195;187893, 189893, 191893, 192893, 195893;;;5/4
918;728;Старший черговий зв'язку (радіозв'язку);Старший сержант;402;211728;211;211728;;;7
920;856;Старший швець;Старший солдат;405;789856;789;789856;;;3/3
921;925;Старший оператор безпілотних літальних апаратів (мікро та міні);Старший солдат;405;216925-219925;216, 217, 218, 219;216925, 217925, 218925, 219925;;;5
922;903;Старший оператор безпілотних літальних апаратів (малі);Старший солдат;405;216903-219903;216, 217, 218, 219;216903, 217903, 218903, 219903;;;6
925;911;Старшина команди;Головний корабельний старшина;451;Усі ВОС;;;так;;11
928;914;Стереотипер;Солдат;406;922914;922;922914;;;2/2
929;915;Стрілець;Солдат;406;100915, 932915:;100, 932;100915, 932915;;;
929;915;Стрілець;Солдат;406;"а) для усіх військових частин, крім зазначених у пункті ""б"";";;;;;4/2
929;915;Стрілець;Солдат;406;б) тільки для бойових військових частин;;;;;5/2
930;916;Стрілець-зенітник;Солдат;406;"а) для усіх військових частин, крім зазначених у пункті ""б"", - 104916;";104;104916;;;4/3
930;916;Стрілець-зенітник;Солдат;406;б) тільки для бойових військових частин - 104916;104;104916;;;5/3
931;918;Стругальник;Солдат;406;793918;793;793918;;;1/1
932;919;Столяр;Солдат;406;798919;798;798919;;;1/1
933;920;Старший оператор (з розвідки) (військових частин і підрозділів спеціального призначення, спеціальних операцій та спеціальної розвідки);Сержант;403;107920, 108920, 381920–385920;107, 108, 381, 382, 383, 384, 385;107920, 108920, 381920, 382920, 383920, 384920, 385920;;;8
934;921;Старший оператор (з озброєння) (військових частин і підрозділів спеціального призначення, спеціальних операцій та спеціальної розвідки);Молодший сержант;404;107921, 108921, 381921–385921;107, 108, 381, 382, 383, 384, 385;107921, 108921, 381921, 382921, 383921, 384921, 385921;;;8
935;922;Старший оператор (з інженерної справи) (військових частин і підрозділів спеціального призначення, спеціальних операцій та спеціальної розвідки);Молодший сержант;404;107922, 108922, 381922–385922;107, 108, 381, 382, 383, 384, 385;107922, 108922, 381922, 382922, 383922, 384922, 385922;;;8
936;923;Старший оператор (із зв’язку) (військових частин і підрозділів спеціального призначення, спеціальних операцій та спеціальної розвідки);Молодший сержант;404;107923, 108923, 381923–385923;107, 108, 381, 382, 383, 384, 385;107923, 108923, 381923, 382923, 383923, 384923, 385923;;;8
937;924;Старший оператор (з медицини) (військових частин і підрозділів спеціального призначення, спеціальних операцій та спеціальної розвідки);Молодший сержант;404;107924, 108924, 381924–385924;107, 108, 381, 382, 383, 384, 385;107924, 108924, 381924, 382924, 383924, 384924, 385924;;;8
938;930;Оператор (з озброєння) (військових частин і підрозділів спеціального призначення, спеціальних операцій та спеціальної розвідки);Старший солдат;405;107930, 108930, 381930–385930;107, 108, 381, 382, 383, 384, 385;107930, 108930, 381930, 382930, 383930, 384930, 385930;;;7
939;931;Оператор (з інженерної справи) (військових частин і підрозділів спеціального призначення, спеціальних операцій та спеціальної розвідки);Старший солдат;405;107931, 108931, 381931–385931;107, 108, 381, 382, 383, 384, 385;107931, 108931, 381931, 382931, 383931, 384931, 385931;;;7
940;932;Оператор (із зв’язку) (військових частин і підрозділів спеціального призначення, спеціальних операцій та спеціальної розвідки);Старший солдат;405;107932, 108932, 381932–385932;107, 108, 381, 382, 383, 384, 385;107932, 108932, 381932, 382932, 383932, 384932, 385932;;;7
941;934;Оператор (з медицини) (військових частин і підрозділів спеціального призначення, спеціальних операцій та спеціальної розвідки);Старший солдат;405;107934, 108934, 381934–385934;107, 108, 381, 382, 383, 384, 385;107934, 108934, 381934, 382934, 383934, 384934, 385934;;;7
942;935;Табельник;Солдат;406;901935;901;901935;;;1/1
943;936;Такелажник;Солдат;406;Усі ВОС;;;так;;2/2
947;940;Телеграфіст;Солдат;406;403940;403;403940;;;2/2
949;942;Телефоніст;Солдат;406;403942;403;403942;;;2/2
950;943;Теодолітник;Солдат;406;945943, 956943;945, 956;945943, 956943;;;2/2
951;944;Терміст;Солдат;406;794944;794;794944;;;2/2
952;568;Тесляр;Солдат;406;798568;798;798568;;;1/1
953;109;Технік зубний;Сержант;403;879109;879;879109;;;6
954;945;Технік;Головний сержант;419;Усі ВОС, крім ВОС: 003946, 004946, 007946, 008946, 015946, 016946, 019946 - 021946, 028946, 029946, 033946 - 036946, 038946 - 040946, 047946, 048946, 052946 - 055946, 057946 - 059946, 065946, 069946 - 072946, 074946, 075946, 081946, 084946 - 086946, 225946 - 227946, 234946, 236946, 256946, 267946, 304946, 602946, 654946, 702946 - 704946, 706946, 707946, 726946, 727946, 732946;;;так;003, 004, 007, 008, 015, 016, 019, 020, 021, 028, 029, 033, 034, 035, 036, 038, 039, 040, 047, 048, 052, 053, 054, 055, 057, 058, 059, 065, 069, 070, 071, 072, 074, 075, 081, 084, 085, 086, 225, 226, 227, 234, 236, 256, 267, 304, 602, 654, 702, 703, 704, 706, 707, 726, 727, 732;10
955;946;Технік (з ракетної, зенітної ракетної зброї);Штаб-сержант;420;003946, 004946, 007946, 008946, 015946, 016946, 019946 - 021946, 028946, 029946, 033946 - 036946, 038946 - 040946, 047946, 048946, 052946 - 055946, 057946 - 059946, 065946, 069946 - 072946, 074946, 075946, 081946, 084946 - 086946, 225946 - 227946, 234946, 236946, 256946, 267946, 304946, 602946, 654946, 702946 - 704946, 706946, 707946, 726946, 727946, 732946;003, 004, 007, 008, 015, 016, 019, 020, 021, 028, 029, 033, 034, 035, 036, 038, 039, 040, 047, 048, 052, 053, 054, 055, 057, 058, 059, 065, 069, 070, 071, 072, 074, 075, 081, 084, 085, 086, 225, 226, 227, 234, 236, 256, 267, 304, 602, 654, 702, 703, 704, 706, 707, 726, 727, 732;003946, 004946, 007946, 008946, 015946, 016946, 019946, 020946, 021946, 028946, 029946, 033946, 034946, 035946, 036946, 038946, 039946, 040946, 047946, 048946, 052946, 053946, 054946, 055946, 057946, 058946, 059946, 065946, 069946, 070946, 071946, 072946, 074946, 075946, 081946, 084946, 085946, 086946, 225946, 226946, 227946, 234946, 236946, 256946, 267946, 304946, 602946, 654946, 702946, 703946, 704946, 706946, 707946, 726946, 727946, 732946;;;11
956;952;Технік із системного адміністрування;Сержант;403;600952, 603952, 605952, 606952;600, 603, 605, 606;600952, 603952, 605952, 606952;;;10
957;947;Токар;Солдат;406;793947;793;793947;;;2/2
958;948;Топогеодезист;Солдат;406;"а) для усіх військових частин, крім зазначених у пункті ""б"": 672948, 674948;";672, 674;672948, 674948;;;3/2
958;948;Топогеодезист;Солдат;406;б) для підрозділів ракетних військ і артилерії бойових військових частин - 674948;674;674948;;;4/2
959;949;Торпедист;Матрос;456;330949 - 333949;330, 331, 332, 333;330949, 331949, 332949, 333949;;;3/2
960;950;Тракторист;Солдат;406;738950, 740950;738, 740;738950, 740950;;;2/2
961;953;Тренер-адміністратор;Сержант;403;906953;906;906953;;;7
962;954;Тренер-масажист;Молодший сержант;404;906954;906;906954;;;6/5
963;955;Тренер;Штаб-сержант;420;906955;906;906955;;;10
964;951;Трубопровідник;Солдат;406;958951, 960951;958, 960;958951, 960951;;;2/2
965;956;Укладач парашутів;Солдат;406;212956, 832956;212, 832;212956, 832956;;;4/4
968;959;Асистент фармацевта;Старший солдат;405;879959;879;879959;;;6
969;960;Фельд'єгер;Солдат;406;485960;485;485960;;;2/2
971;962;Фельдшер;Старший сержант;402;879962, 885962;879, 885;879962, 885962;;;8
972;963;Фельдшер-рятувальник (бортовий);Головний сержант;419;879963;879;879963;;;9
973;964;Фільмотекар;Солдат;406;677964;677;677964;;;1/1
974;965;Формувальник;Солдат;406;788965;788;788965;;;2/2
975;966;Форсунник;Солдат;406;980966;980;980966;;;2/2
976;967;Фотограмметрист;Солдат;406;225967, 676967, 677967;225, 676, 677;225967, 676967, 677967;;;2/2
977;968;Фотограф;Солдат;406;675968;675;675968;;;2/2
978;969;Фотокореспондент;Старший солдат;405;914969;914;914969;;;6
979;970;Фоторадіотелеграфіст;Солдат;406;446970;446;446970;;;3/3
980;971;Фототелеграфіст;Солдат;406;403971, 454971;403, 454;403971, 454971;;;2/2
981;972;Фрезерувальник;Солдат;406;793972;793;793972;;;1/1
982;980;Фотоцинкограф;Солдат;406;922980;922;922980;;;2/2
983;976;Хімік;Солдат;406;"а) для усіх військових частин, крім зазначених у пункті ""б"", - усі ВОС;";;;так;;3/2
983;976;Хімік;Солдат;406;б) тільки для бойових військових частин - 187976;187;187976;;;4/2
984;977;Художник;Солдат;406;912977, 922977;912, 922;912977, 922977;;;2/2
985;068;Черговий по зв'язку та радіотехнічному забезпеченню польотів;Головний сержант;419;525068 - 533068;525, 526, 527, 528, 529, 530, 531, 532, 533;525068, 526068, 527068, 528068, 529068, 530068, 531068, 532068, 533068;;;8
986;069;Черговий по зв'язку (радіозв'язку);Молодший сержант;404;211069, 403069, 420069, 429069, 430069, 460069;211, 403, 420, 429, 430, 460;211069, 403069, 420069, 429069, 430069, 460069;;;5/5
987;070;Черговий;Солдат;406;Гуртожитку, готелю, бюро перепусток, контрольно-пропускного пункту: 100070, 908070, 957070;100, 908, 957;100070, 908070, 957070;;;3/3
988;071;Черговий помічник військового коменданта;Старший солдат;405;100071, 908071;100, 908;100071, 908071;;;6/6
989;663;Швець;Солдат;406;789663;789;789663;;;2/2
990;986;Черговий стрілочного поста;Солдат;406;948986;948;948986;;;2/2
991;987;Шліфувальник;Солдат;406;793987;793;793987;;;2/2
992;087;Шляховий робітник;Солдат;406;945087;945;945087;;;2/2
994;989;Штампувальник;Солдат;406;793989;793;793989;;;1/1
995;990;Штукатур;Солдат;406;956990;956;956990;;;1/1
996;973;Штурман (літака);Штаб-сержант;420;210973;210;210973;;;19
