Група;Назва групи;Код ВОС;Найменування ВОС;Посади, на яких застосовується;Допустимо без додаткової підготовки;Допустимо з додатковою підготовкою;Примітка
01;Управління бойовими діями військ (сил). Бойове застосування військ (сил) ЗС України;011000;Управління бойовими діями (оперативною, бойовою підготовкою та плануванням бойових дій) військ (сил);На посадах керівного складу (керівного льотного складу), що передбачають стратегічний рівень військової освіти, в органах військового управління, ВВНЗ та ВНП ЗВО;012000, 060100;Офіцери інших ВОС, які мають оперативний рівень військової освіти;
01;Управління бойовими діями військ (сил). Бойове застосування військ (сил) ЗС України;012000;Бойове застосування військ (сил);На командних і штабних посадах, що передбачають стратегічний рівень військової освіти, в органах військового управління, ВВНЗ та ВНП ЗВО;011000;;
02;Управління бойовими діями військ (сил). Бойове застосування механізованих, танкових, десантно-штурмових військ і морської піхоти;020100;Управління бойовими діями (оперативною, бойовою підготовкою та плануванням бойових дій) військ - загальновійськове;На посадах керівного складу в органах військового управління, військових частинах, установах, ВВНЗ та ВНП ЗВО, а також на пунктах управління;021000, 021100, 021200, 021400;;
02;Управління бойовими діями військ (сил). Бойове застосування механізованих, танкових, десантно-штурмових військ і морської піхоти;021000;Бойове застосування механізованих з’єднань, військових частин і підрозділів;На командних і штабних посадах в органах військового управління, військових частинах (підрозділах), установах, ВВНЗ та ВНП ЗВО;020100, 021100, 021200, 021400;;
02;Управління бойовими діями військ (сил). Бойове застосування механізованих, танкових, десантно-штурмових військ і морської піхоти;021100;Бойове застосування танкових з’єднань, військових частин і підрозділів;На командних і штабних посадах в органах військового управління, військових частинах (підрозділах), установах, ВВНЗ та ВНП ЗВО;021000;021200;
02;Управління бойовими діями військ (сил). Бойове застосування механізованих, танкових, десантно-штурмових військ і морської піхоти;021200;Бойове застосування аеромобільних (повітрянодесантних), десантно-штурмових, гірсько-піхотних з’єднань, військових частин, підрозділів;На командних і штабних посадах в органах військового управління, військових частинах (підрозділах), установах, ВВНЗ та ВНП ЗВО;021300, 021400;020100, 021000, 461400;
02;Управління бойовими діями військ (сил). Бойове застосування механізованих, танкових, десантно-штурмових військ і морської піхоти;021300;Організація повітрянодесантної підготовки в аеромобільних (повітрянодесантних), десантно-штурмових, гірсько-піхотних і морської піхоти з’єднаннях, військових частинах, підрозділах;На посадах спеціалістів в органах військового управління, військових частинах (підрозділах), установах, ВВНЗ та ВНП ЗВО;063000, 063200;021200, 021400;
02;Управління бойовими діями військ (сил). Бойове застосування механізованих, танкових, десантно-штурмових військ і морської піхоти;021400;Бойове застосування з’єднань, військових частин і підрозділів морської піхоти;На посадах спеціалістів в органах військового управління, військових частинах (підрозділах), установах, ВВНЗ та ВНП ЗВО;021200, 021300, 081000, 082000;020100, 021000;
02;Управління бойовими діями військ (сил). Бойове застосування механізованих, танкових, десантно-штурмових військ і морської піхоти;022100;Бойове застосування з’єднань, військових частин і підрозділів Національної гвардії України з охорони та оборони важливих державних об’єктів та комунікацій;На командних і штабних посадах в органах військового управління, військових частинах (підрозділах), установах, ВВНЗ та ВНП ЗВО;022200, 022300, 022400;021000;
02;Управління бойовими діями військ (сил). Бойове застосування механізованих, танкових, десантно-штурмових військ і морської піхоти;022200;Бойове застосування з’єднань, військових частин і підрозділів Національної гвардії України з охорони громадського порядку;На командних і штабних посадах в органах військового управління, військових частинах (підрозділах), установах, ВВНЗ та ВНП ЗВО;022100, 022300, 022400;021000;
02;Управління бойовими діями військ (сил). Бойове застосування механізованих, танкових, десантно-штурмових військ і морської піхоти;022300;Бойове застосування з’єднань, військових частин і підрозділів Національної гвардії України з конвоювання, екстрадиції та охорони підсудних;На командних і штабних посадах в органах військового управління, військових частинах (підрозділах), установах, ВВНЗ та ВНП ЗВО;022100, 022200, 022400;021000;
02;Управління бойовими діями військ (сил). Бойове застосування механізованих, танкових, десантно-штурмових військ і морської піхоти;022400;Бойове застосування з’єднань, військових частин і підрозділів Національної гвардії України спеціального призначення;На командних і штабних посадах в органах військового управління, військових частинах (підрозділах), установах, ВВНЗ та ВНП ЗВО;022100, 022200, 022300;021000, 094200;
03;Управління бойовими діями ракетних військ і артилерії та берегових ракетно-артилерійських військ. Бойове застосування оперативно-тактичних і тактичних ракет, наземної артилерії та берегового ракетно-артилерійського озброєння;030100;Управління бойовими діями (оперативною та бойовою підготовкою) ракетних військ і артилерії;На посадах керівного складу в органах військового управління, військових частинах, установах, ВВНЗ та ВНП ЗВО, а також начальники артилерії;030300, 030400, 030500, 030600;;
03;Управління бойовими діями ракетних військ і артилерії та берегових ракетно-артилерійських військ. Бойове застосування оперативно-тактичних і тактичних ракет, наземної артилерії та берегового ракетно-артилерійського озброєння;030300;Бойове застосування з’єднань, військових частин і підрозділів, озброєних комплексами тактичних ракет;На командних і штабних посадах в органах військового управління, військових частинах (підрозділах), установах, ВВНЗ та ВНП ЗВО;030100, 030400, 030500, 030600;;
03;Управління бойовими діями ракетних військ і артилерії та берегових ракетно-артилерійських військ. Бойове застосування оперативно-тактичних і тактичних ракет, наземної артилерії та берегового ракетно-артилерійського озброєння;030400;Бойове застосування з’єднань, військових частин і підрозділів наземної артилерії;На командних і штабних посадах в органах військового управління, військових частинах (підрозділах), установах, ВВНЗ та ВНП ЗВО;030100, 030300, 030500, 030600;;
03;Управління бойовими діями ракетних військ і артилерії та берегових ракетно-артилерійських військ. Бойове застосування оперативно-тактичних і тактичних ракет, наземної артилерії та берегового ракетно-артилерійського озброєння;030500;Бойове застосування з’єднань, військових частин і підрозділів самохідної артилерії;На командних і штабних посадах в органах військового управління, військових частинах (підрозділах), установах, ВВНЗ та ВНП ЗВО;030100, 030300, 030400, 030600;;
03;Управління бойовими діями ракетних військ і артилерії та берегових ракетно-артилерійських військ. Бойове застосування оперативно-тактичних і тактичних ракет, наземної артилерії та берегового ракетно-артилерійського озброєння;030600;;;;;Рядок виключено на підставі Наказу Міністерства оборони № 794 від 17.11.2025
03;Управління бойовими діями ракетних військ і артилерії та берегових ракетно-артилерійських військ. Бойове застосування оперативно-тактичних і тактичних ракет, наземної артилерії та берегового ракетно-артилерійського озброєння;030700;Бойове застосування артилерійських військових частин і підрозділів десантно-штурмових військ;На командних і штабних посадах в органах військового управління, військових частинах (підрозділах), установах, ВВНЗ та ВНП ЗВО;030100, 030300, 030400, 030500, 030600;;
03;Управління бойовими діями ракетних військ і артилерії та берегових ракетно-артилерійських військ. Бойове застосування оперативно-тактичних і тактичних ракет, наземної артилерії та берегового ракетно-артилерійського озброєння;032100;Бойове застосування берегових ракетних і артилерійських з’єднань, військових частин (підрозділів);На командних і штабних посадах в органах військового управління, військових частинах (підрозділах), установах, ВВНЗ та ВНП ЗВО;707100;073000, 707200;
04;Управління бойовими діями зенітних ракетних та радіотехнічних військ. Бойове застосування зенітного ракетного, зенітного артилерійського та радіотехнічного озброєння протиповітряної оборони;040100;Управління бойовими діями (оперативною, бойовою підготовкою зенітних ракетних та радіотехнічних військ), планування операцій та бойових дій;На посадах керівного складу в органах військового управління, військових частинах, установах, ВВНЗ та ВНП ЗВО;040400, 040500;040200, 040300, 440200;
04;Управління бойовими діями зенітних ракетних та радіотехнічних військ. Бойове застосування зенітного ракетного, зенітного артилерійського та радіотехнічного озброєння протиповітряної оборони;040200;Бойове застосування та управління діями військ ППО СВ ЗС України;На посадах керівного складу в органах військового управління, військових частинах, установах, ВВНЗ та ВНП ЗВО;;041600;
04;Управління бойовими діями зенітних ракетних та радіотехнічних військ. Бойове застосування зенітного ракетного, зенітного артилерійського та радіотехнічного озброєння протиповітряної оборони;040300;Управління бойовими діями (оперативною, бойовою підготовкою) сил та засобів протиповітряної оборони ВМС ЗС України;На командних і штабних посадах в органах військового управління, установах, ВВНЗ та ВНП ЗВО;073000;040200;
04;Управління бойовими діями зенітних ракетних та радіотехнічних військ. Бойове застосування зенітного ракетного, зенітного артилерійського та радіотехнічного озброєння протиповітряної оборони;040400;Управління бойовими діями (оперативною та бойовою підготовкою) зенітних ракетних військ і зенітної артилерії;На командних і штабних посадах в органах військового управління, установах, ВВНЗ та ВНП ЗВО;041100, 041300, 041505;708100;
04;Управління бойовими діями зенітних ракетних та радіотехнічних військ. Бойове застосування зенітного ракетного, зенітного артилерійського та радіотехнічного озброєння протиповітряної оборони;040500;Управління бойовим застосуванням (оперативною та бойовою підготовкою) радіотехнічних військ;На командних і штабних посадах в органах військового управління, військових частинах (підрозділах), установах, ВВНЗ та ВНП ЗВО;044000;040200, 045000;
04;Управління бойовими діями зенітних ракетних та радіотехнічних військ. Бойове застосування зенітного ракетного, зенітного артилерійського та радіотехнічного озброєння протиповітряної оборони;041100;Бойове застосування підрозділів, озброєних зенітними ракетними комплексами великої дальності;На командних і штабних посадах в органах військового управління, військових частинах (підрозділах), установах, ВВНЗ та ВНП ЗВО;708300, 708400, 708500;708100;
04;Управління бойовими діями зенітних ракетних та радіотехнічних військ. Бойове застосування зенітного ракетного, зенітного артилерійського та радіотехнічного озброєння протиповітряної оборони;041103;Бойове застосування технічних підрозділів зенітних ракетних комплексів великої дальності;На командних посадах у військових частинах (підрозділах), установах, ВВНЗ та ВНП ЗВО;041100, 708400;041303, 041307, 041507, 708100;
04;Управління бойовими діями зенітних ракетних та радіотехнічних військ. Бойове застосування зенітного ракетного, зенітного артилерійського та радіотехнічного озброєння протиповітряної оборони;041300;Бойове застосування військових частин і підрозділів, озброєних багатоканальними зенітними ракетними комплексами та системами середньої дальності;На командних і штабних посадах в органах військового управління, військових частинах (підрозділах), установах, ВВНЗ та ВНП ЗВО;708300;041100, 041305, 041505, 708100;
04;Управління бойовими діями зенітних ракетних та радіотехнічних військ. Бойове застосування зенітного ракетного, зенітного артилерійського та радіотехнічного озброєння протиповітряної оборони;041303;Бойове застосування технічних підрозділів зенітних ракетних комплексів (систем) середньої дальності;На командних посадах у військових частинах (підрозділах), установах, ВВНЗ та ВНП ЗВО;041300;041103, 041307, 041507, 708400, 708500;
04;Управління бойовими діями зенітних ракетних та радіотехнічних військ. Бойове застосування зенітного ракетного, зенітного артилерійського та радіотехнічного озброєння протиповітряної оборони;041305;Бойове застосування військових частин і підрозділів, озброєних багатоканальними зенітними ракетними системами середньої дальності;На командних і штабних посадах в органах військового управління, військових частинах (підрозділах), установах, ВВНЗ та ВНП ЗВО;708300, 708500;041100, 041300, 041303, 041505;
04;Управління бойовими діями зенітних ракетних та радіотехнічних військ. Бойове застосування зенітного ракетного, зенітного артилерійського та радіотехнічного озброєння протиповітряної оборони;041307;Бойове застосування технічних підрозділів зенітних ракетних систем середньої дальності;На командних посадах у військових частинах (підрозділах), установах, ВВНЗ та ВНП ЗВО;708400;041103, 041303, 041507, 708100, 708500;
04;Управління бойовими діями зенітних ракетних та радіотехнічних військ. Бойове застосування зенітного ракетного, зенітного артилерійського та радіотехнічного озброєння протиповітряної оборони;041505;Бойове застосування військових частин і підрозділів, озброєних багатоканальними зенітними ракетними комплексами малої дальності;На командних і штабних посадах в органах військового управління, військових частинах (підрозділах), установах, ВВНЗ та ВНП ЗВО;708300, 708500;041100, 041300, 041305;
04;Управління бойовими діями зенітних ракетних та радіотехнічних військ. Бойове застосування зенітного ракетного, зенітного артилерійського та радіотехнічного озброєння протиповітряної оборони;041507;Бойове застосування технічних підрозділів багатоканальних зенітних ракетних комплексів малої дальності;На командних і штабних посадах в органах військового управління, військових частинах (підрозділах), установах, ВВНЗ та ВНП ЗВО;708400;041303, 041307, 708500;
04;Управління бойовими діями зенітних ракетних та радіотехнічних військ. Бойове застосування зенітного ракетного, зенітного артилерійського та радіотехнічного озброєння протиповітряної оборони;041600;Бойове застосування з’єднань, військових частин і підрозділів протиповітряної оборони Сухопутних військ, озброєних зенітними ракетними комплексами малої дальності;На командних і штабних посадах в органах військового управління, військових частинах (підрозділах), установах, ВВНЗ та ВНП ЗВО;441100, 441300, 441500;;
04;Управління бойовими діями зенітних ракетних та радіотехнічних військ. Бойове застосування зенітного ракетного, зенітного артилерійського та радіотехнічного озброєння протиповітряної оборони;041900;Бойове застосування підрозділів, озброєних переносними зенітними ракетними комплексами;На командних і штабних посадах в органах військового управління, військових частинах (підрозділах), установах, ВВНЗ та ВНП ЗВО;041600;;
04;Управління бойовими діями зенітних ракетних та радіотехнічних військ. Бойове застосування зенітного ракетного, зенітного артилерійського та радіотехнічного озброєння протиповітряної оборони;042000;Бойове застосування підрозділів зенітної артилерії;На командних і штабних посадах в органах військового управління, військових частинах (підрозділах), установах, ВВНЗ та ВНП ЗВО;042100;041600, 041900;
04;Управління бойовими діями зенітних ракетних та радіотехнічних військ. Бойове застосування зенітного ракетного, зенітного артилерійського та радіотехнічного озброєння протиповітряної оборони;042100;Бойове застосування підрозділів, озброєних гарматно-ракетними комплексами, самохідними зенітними артилерійськими установками;На командних і штабних посадах в органах військового управління, військових частинах (підрозділах), установах, ВВНЗ та ВНП ЗВО;042600;041600, 041900;
04;Управління бойовими діями зенітних ракетних та радіотехнічних військ. Бойове застосування зенітного ракетного, зенітного артилерійського та радіотехнічного озброєння протиповітряної оборони;042600;Бойове застосування підрозділів, озброєних зенітними ракетними комплексами ближньої дії;На командних і штабних посадах в органах військового управління, військових частинах (підрозділах), установах, ВВНЗ та ВНП ЗВО;041900;041600;
04;Управління бойовими діями зенітних ракетних та радіотехнічних військ. Бойове застосування зенітного ракетного, зенітного артилерійського та радіотехнічного озброєння протиповітряної оборони;043000;Бойове застосування автоматизованих засобів управління зенітними ракетними комплексами;На командних і штабних посадах в органах військового управління, військових частинах (підрозділах), установах, ВВНЗ та ВНП ЗВО;708600;708100;
04;Управління бойовими діями зенітних ракетних та радіотехнічних військ. Бойове застосування зенітного ракетного, зенітного артилерійського та радіотехнічного озброєння протиповітряної оборони;043100;Бойове застосування автоматизованих засобів управління зенітними ракетними комплексами та зенітною артилерією військ ППО СВ ЗС України;На командних і штабних посадах в органах військового управління, військових частинах (підрозділах), установах, ВВНЗ та ВНП ЗВО;443100;;
04;Управління бойовими діями зенітних ракетних та радіотехнічних військ. Бойове застосування зенітного ракетного, зенітного артилерійського та радіотехнічного озброєння протиповітряної оборони;044000;Бойове застосування військових частин і підрозділів радіотехнічних військ;На командних і штабних посадах в органах військового управління, військових частинах (підрозділах), установах, ВВНЗ та ВНП ЗВО;044001, 044002, 044003, 708200;045000;
04;Управління бойовими діями зенітних ракетних та радіотехнічних військ. Бойове застосування зенітного ракетного, зенітного артилерійського та радіотехнічного озброєння протиповітряної оборони;044001;Бойове застосування радіолокаційних комплексів (станцій) сантиметрового діапазону та радіовисотомірів;На командних і штабних посадах в органах військового управління, військових частинах (підрозділах), установах, ВВНЗ та ВНП ЗВО;044000, 044002, 044003, 708200;045000, 461704;
04;Управління бойовими діями зенітних ракетних та радіотехнічних військ. Бойове застосування зенітного ракетного, зенітного артилерійського та радіотехнічного озброєння протиповітряної оборони;044002;Бойове застосування радіолокаційних комплексів (станцій) дециметрового діапазону;На командних і штабних посадах в органах військового управління, військових частинах (підрозділах), установах, ВВНЗ та ВНП ЗВО;044000, 044001, 044003, 441100, 708200;045000, 461704;
04;Управління бойовими діями зенітних ракетних та радіотехнічних військ. Бойове застосування зенітного ракетного, зенітного артилерійського та радіотехнічного озброєння протиповітряної оборони;044003;Бойове застосування радіолокаційних комплексів (станцій) метрового діапазону;На командних і штабних посадах в органах військового управління, військових частинах (підрозділах), установах, ВВНЗ та ВНП ЗВО;044000, 044001, 044002, 708200;045000, 461704;
04;Управління бойовими діями зенітних ракетних та радіотехнічних військ. Бойове застосування зенітного ракетного, зенітного артилерійського та радіотехнічного озброєння протиповітряної оборони;045000;Бойове застосування радіотехнічних військових частин і підрозділів військ ППО СВ ЗС України;На командних і штабних посадах в органах військового управління, військових частинах (підрозділах), установах, ВВНЗ та ВНП ЗВО;448000;;
04;Управління бойовими діями зенітних ракетних та радіотехнічних військ. Бойове застосування зенітного ракетного, зенітного артилерійського та радіотехнічного озброєння протиповітряної оборони;045100;Бойове застосування військових частин і підрозділів безпілотних літальних апаратів-перехоплювачів військ ЗС України;На командних і штабних посадах в органах військового управління, військових частинах (підрозділах), установах, ВВНЗ та ВНП ЗВО;;063400, 063401, 063402, 441600, 706300, офіцери 46 групи ВОС;
04;Управління бойовими діями зенітних ракетних та радіотехнічних військ. Бойове застосування зенітного ракетного, зенітного артилерійського та радіотехнічного озброєння протиповітряної оборони;046000;Застосування автоматизованих засобів управління радіотехнічними засобами;На командних і штабних посадах в органах військового управління, військових частинах (підрозділах), установах, ВВНЗ та ВНП ЗВО;046002, 046003;531100;
04;Управління бойовими діями зенітних ракетних та радіотехнічних військ. Бойове застосування зенітного ракетного, зенітного артилерійського та радіотехнічного озброєння протиповітряної оборони;046002;Застосування автоматизованих засобів управління радіотехнічними засобами середньої продуктивності;На командних і штабних посадах в органах військового управління, військових частинах (підрозділах), установах, ВВНЗ та ВНП ЗВО;044000, 044002, 044003, 708200;441100;
04;Управління бойовими діями зенітних ракетних та радіотехнічних військ. Бойове застосування зенітного ракетного, зенітного артилерійського та радіотехнічного озброєння протиповітряної оборони;046003;Застосування автоматизованих засобів управління радіотехнічними засобами великої продуктивності;На командних і штабних посадах у підрозділах, військових частинах, установах, ВВНЗ та ВНП ЗВО та командних пунктах;046000, 046002;531100;
06;Управління бойовими діями авіації. Бойове застосування авіації;060100;Управління бойовими діями (оперативною, бойовою підготовкою та плануванням бойових дій) ПС ЗС України;На посадах керівного льотного складу в органах військового управління, військових частинах, установах, ВВНЗ та ВНП ЗВО;060102;060200, 060300;
06;Управління бойовими діями авіації. Бойове застосування авіації;060102;Управління бойовими діями (оперативною, бойовою підготовкою та плануванням бойових дій) авіації ПС ЗС України;На посадах керівного льотного складу в органах військового управління, військових частинах, установах, ВВНЗ та ВНП ЗВО;060100;060103;
06;Управління бойовими діями авіації. Бойове застосування авіації;060103;Управління бойовими діями (оперативною, бойовою підготовкою та плануванням бойових дій) армійської авіації;На посадах керівного льотного складу в органах військового управління, військових частинах, установах, ВВНЗ та ВНП ЗВО;060100, 060102, 061601, 061610;061300;
06;Управління бойовими діями авіації. Бойове застосування авіації;060200;Планування операцій та бойових дій авіації;На посадах керівного складу в органах військового управління, військових частинах, установах, ВВНЗ та ВНП ЗВО, а також спеціалістів;061800, 062200, 062600;062700, 062701, 062800;
06;Управління бойовими діями авіації. Бойове застосування авіації;060300;Бойове застосування змішаних авіаційних з’єднань і військових частин (крім морської авіації);На посадах льотного складу в органах військового управління, військових частинах (підрозділах), установах, ВВНЗ та ВНП ЗВО;061300, 061600;060400, 061000;
06;Управління бойовими діями авіації. Бойове застосування авіації;060400;Управління бойовими діями (оперативною, бойовою підготовкою та плануванням бойових дій) авіації ВМС ЗС України;На посадах керівного льотного складу в органах військового управління, військових частинах, установах, ВВНЗ та ВНП ЗВО;060900;060102, 060200;
06;Управління бойовими діями авіації. Бойове застосування авіації;060900;Бойове застосування військових частин і підрозділів протичовнової авіації;На посадах льотного складу в органах військового управління, військових частинах (підрозділах), установах, ВВНЗ та ВНП ЗВО;060400;060102, 060200;
06;Управління бойовими діями авіації. Бойове застосування авіації;061000;Бойове застосування з’єднань, військових частин і підрозділів бомбардувальної авіації;На посадах льотного складу в органах військового управління, військових частинах (підрозділах), установах, ВВНЗ та ВНП ЗВО;;;
06;Управління бойовими діями авіації. Бойове застосування авіації;061002;Бойове застосування авіаційних розвідувальних військових частин і підрозділів (на літаках бомбардувальної авіації);На посадах льотного складу в органах військового управління, військових частинах (підрозділах), установах, ВВНЗ та ВНП ЗВО;061000;;
06;Управління бойовими діями авіації. Бойове застосування авіації;061200;Бойове застосування авіаційних військових частин і підрозділів винищувальної авіації;На посадах льотного складу в органах військового управління, військових частинах (підрозділах), установах, ВВНЗ та ВНП ЗВО;;061500;
06;Управління бойовими діями авіації. Бойове застосування авіації;061300;Бойове застосування авіаційних військових частин і підрозділів штурмової авіації;На посадах льотного складу в органах військового управління, військових частинах (підрозділах), установах, ВВНЗ та ВНП ЗВО;;061500;
06;Управління бойовими діями авіації. Бойове застосування авіації;061400;Бойове застосування авіаційних військових частин і підрозділів військово-транспортної авіації;На посадах льотного складу в органах військового управління, військових частинах (підрозділах), установах, ВВНЗ та ВНП ЗВО;061401;060900;
06;Управління бойовими діями авіації. Бойове застосування авіації;061401;Бойове застосування з’єднань, військових частин і підрозділів військово-транспортної авіації (на турбогвинтових та реактивних літаках);На посадах льотного складу в органах військового управління, військових частинах (підрозділах), установах, ВВНЗ та ВНП ЗВО;061400;060400;
06;Управління бойовими діями авіації. Бойове застосування авіації;061500;Бойове застосування військових частин і підрозділів легких реактивних літаків;На посадах льотного складу в органах військового управління, військових частинах (підрозділах), установах, ВВНЗ та ВНП ЗВО;;061200;
06;Управління бойовими діями авіації. Бойове застосування авіації;061600;Бойове застосування вертолітних військових частин і підрозділів авіації СВ ЗС України;На посадах льотного складу в органах військового управління, військових частинах (підрозділах), установах, ВВНЗ та ВНП ЗВО;061601, 061610;;
06;Управління бойовими діями авіації. Бойове застосування авіації;061601;Бойове застосування вертолітних підрозділів і частин вогневої підтримки військ авіації СВ ЗС України;На посадах льотного складу в органах військового управління, військових частинах (підрозділах), установах, ВВНЗ та ВНП ЗВО;061610;;
06;Управління бойовими діями авіації. Бойове застосування авіації;061603;Бойове застосування протичовнових вертолітних військових частин і підрозділів (корабельних);На посадах льотного складу в органах військового управління, військових частинах (підрозділах), установах, ВВНЗ та ВНП ЗВО;;061600;
06;Управління бойовими діями авіації. Бойове застосування авіації;061610;Бойове застосування транспортних вертолітних військових частин і підрозділів;На посадах льотного складу в органах військового управління, військових частинах (підрозділах), установах, ВВНЗ та ВНП ЗВО;060103;;
06;Управління бойовими діями авіації. Бойове застосування авіації;061800;Льотчик;На посадах нельотного складу в органах військового управління, військових частинах (підрозділах), установах, ВВНЗ та ВНП ЗВО, а також офіцери запасу (льотного складу), які списані з льотної роботи й не мають підготовки чи досвіду служби за іншими військовими спеціальностями;Офіцери льотного складу, списані з льотної роботи;;
06;Управління бойовими діями авіації. Бойове застосування авіації;061900;Штурманська авіація (крім морської авіації);На посадах штурманів (льотного складу) в органах військового управління, військових частинах (підрозділах), установах, ВВНЗ та ВНП ЗВО;;061902, 061903, 061905, 061907, 062000;
06;Управління бойовими діями авіації. Бойове застосування авіації;061902;Штурманська бомбардувальної авіації;На посадах штурманів (льотного складу) в органах військового управління, військових частинах (підрозділах), установах, ВВНЗ та ВНП ЗВО;061903;061905;
06;Управління бойовими діями авіації. Бойове застосування авіації;061903;Штурманська розвідувальної авіації;На посадах штурманів (льотного складу) в органах військового управління, військових частинах (підрозділах), установах, ВВНЗ та ВНП ЗВО;;061902;
06;Управління бойовими діями авіації. Бойове застосування авіації;061905;Штурманська транспортної авіації;На посадах штурманів (льотного складу) в органах військового управління, військових частинах (підрозділах), установах, ВВНЗ та ВНП ЗВО;061900;061902, 061907;
06;Управління бойовими діями авіації. Бойове застосування авіації;061907;Штурманська на вертольотах (крім протичовнових і протимінних);На посадах штурманів (льотного складу) в органах військового управління, військових частинах (підрозділах), установах, ВВНЗ та ВНП ЗВО;;061902;
06;Управління бойовими діями авіації. Бойове застосування авіації;062000;Штурманська морської авіації;На посадах штурманів (льотного складу) в органах військового управління, військових частинах (підрозділах), установах, ВВНЗ та ВНП ЗВО;;061900;
06;Управління бойовими діями авіації. Бойове застосування авіації;062005;Штурманська протичовнової авіації (на вертольотах);На посадах штурманів (льотного складу) в органах військового управління, військових частинах (підрозділах), установах, ВВНЗ та ВНП ЗВО;;061907;
06;Управління бойовими діями авіації. Бойове застосування авіації;062200;Штурман авіаційний;На посадах нельотного складу (штурманів) в органах військового управління, військових частинах (підрозділах), установах, ВВНЗ та ВНП ЗВО, а також офіцери запасу (штурмани), які списані з льотної роботи й не мають підготовки чи досвіду служби за іншими військовими спеціальностями;Офіцери-штурмани, списані з льотної роботи;;
06;Управління бойовими діями авіації. Бойове застосування авіації;062600;Штабна авіаційна;На штабних посадах (нельотного складу) в органах військового управління, військових частинах (підрозділах), установах, ВВНЗ та ВНП ЗВО;062700, 062701;060100, 060102;
06;Управління бойовими діями авіації. Бойове застосування авіації;062606;Штабна морської авіації;На штабних посадах (нельотного складу) в органах військового управління, військових частинах (підрозділах), установах, ВВНЗ та ВНП ЗВО;060400, 060900;;
06;Управління бойовими діями авіації. Бойове застосування авіації;062700;Бойове управління польотами авіації з пунктів управління;На посадах спеціалістів пунктів управління польотами авіації;062600;062701;
06;Управління бойовими діями авіації. Бойове застосування авіації;062701;Бойове управління польотами авіації з наземних пунктів управління, які мають системи наведення;На посадах спеціалістів пунктів управління польотами авіації;062600;062700;
06;Управління бойовими діями авіації. Бойове застосування авіації;062800;Організація забезпечення посадки літаків і вертольотів наземного (берегового, корабельного) базування;На посадах керівників посадки літаків та вертольотів;;061800, 062200;
06;Управління бойовими діями авіації. Бойове застосування авіації;063000;Організація повітрянодесантної (парашутно-десантної) підготовки в авіації;На посадах спеціалістів в органах військового управління, військових частинах (підрозділах), установах, ВВНЗ та ВНП ЗВО;021300, 063200;062200, 061800;
06;Управління бойовими діями авіації. Бойове застосування авіації;063200;Бойове застосування парашутно-десантних підрозділів пошуково-рятувального забезпечення польотів авіації;На посадах спеціалістів в органах військового управління, військових частинах (підрозділах), установах, ВВНЗ та ВНП ЗВО;021300, 063000;021200, 021400;
06;Управління бойовими діями авіації. Бойове застосування авіації;063300;Бойове застосування військових частин і підрозділів радіотехнічного забезпечення польотів авіації;На посадах спеціалістів в органах військового управління, військових частинах (підрозділах), установах, ВВНЗ та ВНП ЗВО;120500, 121100, 461700;120100, 121000;
06;Управління бойовими діями авіації. Бойове застосування авіації;063400;Бойове застосування військових частин і підрозділів безпілотних літаків розвідників;На посадах спеціалістів в органах військового управління, військових частинах (підрозділах), установах, ВВНЗ та ВНП ЗВО;091000, 461008;;
06;Управління бойовими діями авіації. Бойове застосування авіації;063401;Бойове застосування підрозділів безпілотних авіаційних комплексів тактичного класу;На посадах спеціалістів у військових частинах (підрозділах), установах, ВВНЗ та ВНП ЗВО;063400, 063402, 091000, 461008;094000, 096300;
06;Управління бойовими діями авіації. Бойове застосування авіації;063402;Бойове застосування військових частин і підрозділів безпілотних авіаційних комплексів оперативно-тактичного, стратегічного класів;На посадах спеціалістів в органах військового управління, військових частинах (підрозділах), установах, ВВНЗ та ВНП ЗВО;;062200, 062700, 062701;
06;Управління бойовими діями авіації. Бойове застосування авіації;063500;Випробування засобів рятування та життєзабезпечення екіпажів літальних апаратів, засобів повітряного десантування та бортових засобів евакуації;На посадах спеціалістів (льотних екіпажах) в органах військового управління, військових частинах (підрозділах), установах, а також викладачі;063000, 063200, 461400;061800, 062200, 461000, 461100, 461200, 461300;
07;Управління бойовими діями ВМС ЗС України. Бойове застосування підводних човнів і надводних кораблів;070100;Управління бойовими діями (оперативною, бойовою підготовкою та плануванням бойових дій) ВМС ЗС України;На посадах керівного складу в органах військового управління, військових частинах, установах, ВВНЗ та ВНП ЗВО;;071100, 071300, 470100;
07;Управління бойовими діями ВМС ЗС України. Бойове застосування підводних човнів і надводних кораблів;071100;Бойове застосування підводних човнів;На командних і штабних посадах в органах військового управління, установах, ВВНЗ та ВНП ЗВО, а також командирів підводних човнів їх помічників;;;
07;Управління бойовими діями ВМС ЗС України. Бойове застосування підводних човнів і надводних кораблів;071300;Бойове застосування надводних кораблів (бойових);На командних і штабних посадах в органах військового управління, установах, ВВНЗ та ВНП ЗВО, а також командирів надводних кораблів (суден) та їх помічників;070100, 071400;;
07;Управління бойовими діями ВМС ЗС України. Бойове застосування підводних човнів і надводних кораблів;071400;Бойове застосування кораблів спеціального призначення;На командних і штабних посадах в органах військового управління, установах, ВВНЗ та ВНП ЗВО, а також командирів надводних кораблів (суден) та їх помічників (кораблів (суден) комплексного постачання, кораблів (суден) вимірювальних комплексів і пошуково-рятувальних кораблів (суден));070100, 071300;;
07;Управління бойовими діями ВМС ЗС України. Бойове застосування підводних човнів і надводних кораблів;072000;Застосування суден забезпечення;На командних і штабних посадах в органах військового управління, установах, ВВНЗ та ВНП ЗВО, а також командирів суден та їх помічників;070100, 071300, 071400;;
07;Управління бойовими діями ВМС ЗС України. Бойове застосування підводних човнів і надводних кораблів;072300;Штурманська та лоцманська кораблів;На командних посадах в органах військового управління, установах, ВВНЗ та ВНП ЗВО, а також головних (флагманських) штурманів (лоцманів);;211000, 470600;
07;Управління бойовими діями ВМС ЗС України. Бойове застосування підводних човнів і надводних кораблів;073000;Бойове застосування ракетного, зенітного та артилерійського озброєння надводних кораблів (суден);На командних посадах в органах військового управління, надводних кораблів (суден) та підводних човнів, установах, ВВНЗ та ВНП ЗВО;;471100, 471200, 471500;
07;Управління бойовими діями ВМС ЗС України. Бойове застосування підводних човнів і надводних кораблів;073400;Бойове застосування протичовнового, торпедного, мінного озброєння і тральних засобів надводних кораблів (суден) і підводних човнів;На командних посадах в органах військового управління, надводних кораблів (суден) та підводних човнів, установах, ВВНЗ та ВНП ЗВО;;471600, 472000;
07;Управління бойовими діями ВМС ЗС України. Бойове застосування підводних човнів і надводних кораблів;073600;Організація радіотехнічного забезпечення ВМС ЗС України;На посадах керівного складу в органах військового управління, установах, ВВНЗ та ВНП ЗВО;073601;470400, 472100;
07;Управління бойовими діями ВМС ЗС України. Бойове застосування підводних човнів і надводних кораблів;073601;Бойове застосування засобів бойового управління та радіотехнічних засобів надводних кораблів (суден) і підводних човнів;На командних посадах в органах військового управління, надводних кораблів (суден) та підводних човнів, установах, ВВНЗ та ВНП ЗВО;073600;472100;
07;Управління бойовими діями ВМС ЗС України. Бойове застосування підводних човнів і надводних кораблів;074000;Організація і ведення пошукових, аварійно-рятувальних, підйомних, водолазних і глибоководних робіт;На посадах спеціалістів в органах військового управління, військових частинах (підрозділах), установах, ВВНЗ та ВНП ЗВО;473000;472700;
07;Управління бойовими діями ВМС ЗС України. Бойове застосування підводних човнів і надводних кораблів;074200;Бойове застосування берегових військових частин забезпечення ВМС ЗС України;На командних і штабних посадах в органах військового управління, берегових частинах (навчальних загонах, центрах і школах, флотських екіпажах, півекіпажах, ланках і командах);Офіцери інших ВОС ВМС ЗС України, які не використовуються за спеціальністю або непридатні до служби у плавскладі на надводних кораблях і підводних човнах та спецспорудах ВМС ЗС України;;
08;Управління військовими частинами (підрозділами) Сил спеціальних операцій ЗС України;081000;Бойове застосування військових частин і підрозділів спеціальних операцій;На командних і штабних посадах в органах військового управління, військових частинах (підрозділах), установах, ВВНЗ та ВНП ЗВО;082000, 083000, 090100, 092500, 093000, 094000, 094001, 094002, 094100, 094200;Офіцери інших ВОС, які пройшли курси підготовки фахівців Сил спеціальних операцій ЗС України;
08;Управління військовими частинами (підрозділами) Сил спеціальних операцій ЗС України;082000;Бойове застосування морських військових частин і підрозділів спеціальних операцій;На командних і штабних посадах в органах військового управління, військових частинах (підрозділах), установах, ВВНЗ та ВНП ЗВО;092500, 094200;081000, 083000, 094100, 074000, 473000;
08;Управління військовими частинами (підрозділами) Сил спеціальних операцій ЗС України;083000;Розвідувально-інформаційне забезпечення військових частин і підрозділів Сил спеціальних операцій ЗС України;На командних і штабних посадах в органах військового управління, військових частинах (підрозділах), установах, ВВНЗ та ВНП ЗВО;081000, 091300, 092500, 094000, 094100, 094200, 096300;Офіцери інших ВОС, які пройшли курси підготовки фахівців Сил спеціальних операцій ЗС України;
08;Управління військовими частинами (підрозділами) Сил спеціальних операцій ЗС України;084000;Організація та ведення психологічних акцій (дій);На посадах спеціалістів в органах військового управління, військових частинах (підрозділах), установах, ВВНЗ та ВНП ЗВО;093500, 150100, 150200, 150300, 340001, 340002, 340004, 340005;Офіцери інших ВОС, із знанням іноземних мов на рівні СМР-2, які пройшли курси підготовки фахівців Сил спеціальних операцій ЗС України;
08;Управління військовими частинами (підрозділами) Сил спеціальних операцій ЗС України;085000;Міжнародні відносини у воєнній сфері;На посадах спеціалістів в органах військового управління, військових частинах (підрозділах), установах, ВВНЗ та ВНП ЗВО;390400, 390500, 340004;;
08;Управління військовими частинами (підрозділами) Сил спеціальних операцій ЗС України;086000;Організація, планування, підготовка, ведення і підтримання руху опору;На командних, штабних посадах та посадах спеціалістів руху опору в органах військового управління, військових частинах (підрозділах), установах, ВВНЗ та ВНП ЗВО;081000, 082000, 083000, 090100, 092500, 093000, 093400, 094000, 094001, 094002, 094100, 094200, 340001;Офіцери інших ВОС, які пройшли відповідну підготовку;
09;Організація і ведення розвідки;090100;Організація розвідки;На посадах керівного складу розвідки в органах військового управління, установах, ВВНЗ та ВНП ЗВО, а також начальників розвідки з’єднань;090200;020100, 021000, 021100, 021200, 021400, 090101, 090300, 094003;
09;Організація і ведення розвідки;090101;Організація розвідувально-інформаційної роботи;На посадах керівного складу в органах військового управління, військових частинах (підрозділах), установах, ВВНЗ та ВНП ЗВО;090100, 090200, 090300, 091500, 092000, 092500, 093500, 096400;Офіцери інших ВОС, які мають оперативний рівень військової освіти;
09;Організація і ведення розвідки;090104;Організація оцінювання стану цивільного середовища;На командних, штабних посадах та посадах спеціалістів за напрямком цивільно-військового співробітництва в органах військового управління, військових частинах (підрозділах), установах, ВВНЗ та ВНП ЗВО;850400;Офіцери інших ВОС, які пройшли відповідну підготовку;
09;Організація і ведення розвідки;090200;Організація наземної розвідки;На посадах керівного складу розвідки в органах військового управління, установах, ВВНЗ та ВНП ЗВО, а також начальників розвідки з’єднань;094000;021000, 021100, 021200, 021400;
09;Організація і ведення розвідки;090300;Організація радіоелектронної розвідки;На посадах керівного складу в органах військового управління, військових частинах, установах, ВВНЗ та ВНП ЗВО;094400, 094500, 096400;;
09;Організація і ведення розвідки;090500;Організація та бойове застосування підрозділів інженерної розвідки;На командних і штабних посадах в органах військового управління, військових частинах (підрозділах), установах, ВВНЗ та ВНП ЗВО;101000;101100, 191000;
09;Організація і ведення розвідки;091000;Організація повітряної розвідки;На посадах керівного складу в органах військового управління, установах, ВВНЗ та ВНП ЗВО, а також начальників розвідки авіаційних частин;063400, 063402;061002, 061903, 063401, 491200;
09;Організація і ведення розвідки;091100;Організація повітряної радіоелектронної розвідки;На командних і штабних посадах в органах військового управління, військових частинах (підрозділах), установах, ВВНЗ та ВНП ЗВО, а також на посадах спеціалістів;;061002, 061903;
09;Організація і ведення розвідки;091300;Оперативно-інформаційна робота з космічною інформацією;На посадах спеціалістів в органах військового управління, військових частинах (підрозділах), установах, ВВНЗ та ВНП ЗВО;491800;482300;
09;Організація і ведення розвідки;091500;Організація морської розвідки;На посадах керівного складу розвідки в органах військового управління, установах, ВВНЗ та ВНП ЗВО, а також начальників розвідки з’єднань;090100;090300, 094400;
09;Організація і ведення розвідки;092000;Організація космічної розвідки;На посадах керівного складу в органах військового управління, установах і військових навчальних закладах;491800;;
09;Організація і ведення розвідки;092500;Організація спеціальної розвідки;На посадах керівного складу в органах військового управління, військових частинах, установах, ВВНЗ та ВНП ЗВО;;;
09;Організація і ведення розвідки;093000;Оперативний склад органів спеціальної розвідки;На посадах спеціалістів оперативного складу органів спеціальної розвідки (від з’єднань і вище), в установах, ВВНЗ та ВНП ЗВО;;093100;
09;Організація і ведення розвідки;093100;Оперативна техніка спеціальної розвідки;На посадах спеціалістів спеціальної розвідки;Офіцери інших ВОС за персональним відбором;390400;
09;Організація і ведення розвідки;093300;Бойове застосування радіозв’язку спеціальної розвідки;На посадах спеціалістів радіозв’язку спеціальної розвідки;495000;521000;
09;Організація і ведення розвідки;093400;Спеціальна служба розвідки;На посадах спеціалістів спеціальної розвідки;;531100;
09;Організація і ведення розвідки;093500;Організація психологічної боротьби;На посадах спеціалістів в органах військового управління, військових частинах (підрозділах), установах, ВВНЗ та ВНП ЗВО;Офіцери інших ВОС, які мають досвід служби журналістської роботи із знанням іноземних мов;;
09;Організація і ведення розвідки;094000;Бойове застосування військових частин і підрозділів військової розвідки;На командних і штабних посадах в органах військового управління, військових частинах (підрозділах), установах, ВВНЗ та ВНП ЗВО;094001;021000, 021100, 021200, 021400, 094100;
09;Організація і ведення розвідки;094001;Бойове застосування наземних підрозділів військової розвідки;На командних і штабних посадах в органах військового управління, військових частинах (підрозділах), установах, ВВНЗ та ВНП ЗВО;094000;021000, 021100, 021200, 021400;
09;Організація і ведення розвідки;094002;Бойове застосування розвідувальних, аеромобільних (повітрянодесантних), десантно-штурмових військових частин і підрозділів військової розвідки;На командних і штабних посадах в органах військового управління, військових частинах (підрозділах), установах, ВВНЗ та ВНП ЗВО;094000, 094100;021200, 021400, 094001;
09;Організація і ведення розвідки;094003;Бойове застосування розвідувально-інформаційних підрозділів;На командних і штабних посадах в органах військового управління, військових частинах (підрозділах), установах, ВВНЗ та ВНП ЗВО;083000, 091300, 092500, 093500, 094000, 094001, 094002, 094400, 094500, 096300, 096400;Офіцери інших ВОС, які мають досвід інформаційно-аналітичної та журналістської роботи;
09;Організація і ведення розвідки;094100;Бойове застосування з’єднань, військових частин і підрозділів спеціального призначення (крім морських);На командних і штабних посадах в органах військового управління, військових частинах (підрозділах), установах, ВВНЗ та ВНП ЗВО;094000, 094002;021200, 094001;
09;Організація і ведення розвідки;094200;Бойове застосування з’єднань, військових частин і підрозділів спеціального призначення ВМС ЗС України;На командних і штабних посадах в органах військового управління, військових частинах (підрозділах), установах, ВВНЗ та ВНП ЗВО;092500;021400, 074000, 094100, 473300;
09;Організація і ведення розвідки;094400;Бойове застосування підрозділів радіорозвідки;На командних і штабних посадах в органах військового управління, військових частинах (підрозділах), установах, ВВНЗ та ВНП ЗВО;090300, 094500, 096400;;
09;Організація і ведення розвідки;094500;Бойове застосування підрозділів радіотехнічної розвідки;На командних і штабних посадах в органах військового управління, військових частинах (підрозділах), установах, ВВНЗ та ВНП ЗВО;090300, 094400, 096400;;
09;Організація і ведення розвідки;096300;Обробка (дешифрування) аерофотоданих повітряної розвідки;На посадах спеціалістів в органах військового управління, військових частинах (підрозділах), установах, ВВНЗ та ВНП ЗВО;;;
09;Організація і ведення розвідки;096400;Автоматизована обробка розвідувальної інформації в радіоелектронній розвідці;На посадах спеціалістів в органах військового управління, військових частинах (підрозділах), установах, ВВНЗ та ВНП ЗВО;090300, 094400, 094500;;
09;Організація і ведення розвідки;097000;Бойове застосування військових частин і підрозділів артилерійської розвідки;На командних і штабних посадах в органах військового управління, військових частинах (підрозділах), установах, ВВНЗ та ВНП ЗВО;030400;030500, 041600;
09;Організація і ведення розвідки;098000;Бойове застосування військових частин і підрозділів радіаційної, хімічної, біологічної розвідки;На командних і штабних посадах в органах військового управління, військових частинах (підрозділах), установах, ВВНЗ та ВНП ЗВО;110100, 111000;510200, 510900;
10;Інженерне забезпечення бойових дій військ (сил);100100;Організація інженерного забезпечення бойових дій військ (сил);На командних і штабних посадах в органах військового управління, військових частинах (підрозділах), установах, ВВНЗ та ВНП ЗВО, а також начальники інженерної служби;Офіцери інших ВОС інженерного забезпечення бойових дій військ (сил) та інженерного озброєння, які мають досвід військової служби на посадах офіцерського складу;;
10;Інженерне забезпечення бойових дій військ (сил);100400;Організація інженерного забезпечення бойових дій (бойового застосування) зенітних ракетних та радіотехнічних військ;На командних і штабних посадах в органах військового управління, військових частинах (підрозділах), установах, ВВНЗ та ВНП ЗВО, а також начальників інженерної служби;100100;100500, 101000;
10;Інженерне забезпечення бойових дій військ (сил);100500;Організація інженерного забезпечення бойових дій ВМС ЗС України;На командних і штабних посадах спеціалістів морської інженерної служби в органах військового управління, військових частинах (підрозділах), установах, ВВНЗ та ВНП ЗВО;100100;100400, 101000;
10;Інженерне забезпечення бойових дій військ (сил);101000;Бойове застосування інженерно-саперних (інженерних) з’єднань, військових частин (підрозділів);На командних і штабних посадах в органах військового управління, військових частинах (підрозділах), установах, ВВНЗ та ВНП ЗВО;100100;100400, 100500;
10;Інженерне забезпечення бойових дій військ (сил);101100;Бойове застосування понтонно-мостових та переправно-десантних з’єднань, військових частин (підрозділів);На командних і штабних посадах в органах військового управління, військових частинах (підрозділах), установах, ВВНЗ та ВНП ЗВО;100100, 101501;100400, 100500, 101000;
10;Інженерне забезпечення бойових дій військ (сил);101400;Бойове застосування інженерних з’єднань, військових частин (підрозділів) водопостачання;На командних і штабних посадах в органах військового управління, військових частинах (підрозділах), установах, ВВНЗ та ВНП ЗВО;100100, 101500, 101502;100400, 100500, 101000;
10;Інженерне забезпечення бойових дій військ (сил);101500;Бойове застосування інженерно-технічних з’єднань, військових частин (підрозділів);На командних і штабних посадах в органах військового управління, військових частинах (підрозділах), установах, ВВНЗ та ВНП ЗВО;100100, 101400, 101502;100400, 100500, 101000;
10;Інженерне забезпечення бойових дій військ (сил);101501;Бойове застосування інженерних, дорожньо-будівельних та містобудівельних військових частин (підрозділів);На командних і штабних посадах в органах військового управління, військових частинах (підрозділах), установах, ВВНЗ та ВНП ЗВО;100100, 101100;100400, 100500, 101000;
10;Інженерне забезпечення бойових дій військ (сил);101502;Бойове застосування інженерно-позиційних та інженерно-фортифікаційних військових частин (підрозділів);На командних і штабних посадах в органах військового управління, військових частинах (підрозділах), установах, ВВНЗ та ВНП ЗВО;100100, 101400, 101500;100400, 100500, 101000;
11;Радіаційне, хімічне і біологічне забезпечення бойових дій військ (сил);110100;Організація радіаційного, хімічного, біологічного захисту ЗС України в бойових діях;На командних і штабних посадах в органах військового управління, військових частинах (підрозділах), установах, ВВНЗ та ВНП ЗВО, а також на посадах начальників служб (груп) радіаційного, хімічного, біологічного захисту;098000, 111000, 111100, 110400, 110600;510900;
11;Радіаційне, хімічне і біологічне забезпечення бойових дій військ (сил);110400;Організація радіаційного, хімічного, біологічного захисту військових частин (підрозділів) зенітних ракетних та радіотехнічних військ у бойових діях;На командних і штабних посадах в органах військового управління, установах, ВВНЗ та ВНП ЗВО, а також на посадах начальників служб (груп) радіаційного, хімічного, біологічного захисту;110100, 110600, 111000;111100;
11;Радіаційне, хімічне і біологічне забезпечення бойових дій військ (сил);110500;Організація радіаційного, хімічного, біологічного захисту бойовий дій авіації;На командних і штабних посадах в органах військового управління, установах, ВВНЗ та ВНП ЗВО, а також на посадах начальників служб (груп) радіаційного, хімічного, біологічного захисту;110100, 110600, 111000;111100;
11;Радіаційне, хімічне і біологічне забезпечення бойових дій військ (сил);110600;Організація радіаційного, хімічного, біологічного захисту ВМС ЗС України в бойових діях;На командних і штабних посадах в органах військового управління, установах, ВВНЗ та ВНП ЗВО, а також на посадах начальників служб (груп) радіаційного, хімічного, біологічного захисту (крім морських);110100, 111000, 510100;111100;
11;Радіаційне, хімічне і біологічне забезпечення бойових дій військ (сил);111000;Бойове застосування з’єднань, військових частин і підрозділів радіаційного, хімічного, біологічного захисту (крім морського берегового базування);На командних і штабних посадах в органах військового управління, військових частинах (підрозділах), установах, ВВНЗ та ВНП ЗВО;098000, 110100, 110400, 110600;510100, 510900;
11;Радіаційне, хімічне і біологічне забезпечення бойових дій військ (сил);111100;Бойове застосування димових військових частин і підрозділів;На командних і штабних посадах в органах військового управління, військових частинах (підрозділах), установах, ВВНЗ та ВНП ЗВО;110100, 111000, 110400, 110600;098000, 510100, 510200, 510900;
12;Організація зв’язку. Застосування засобів зв’язку;120100;Організація зв’язку у ЗС України;На командних і штабних посадах в органах військового управління, військових частинах (підрозділах), установах, ВВНЗ та ВНП ЗВО;120500, 121000, 121100, 121501, 520100, 521000, 521305;520200, 520300, 521800;
12;Організація зв’язку. Застосування засобів зв’язку;120500;Організація зв’язку та радіотехнічного забезпечення авіації;На командних і штабних посадах в органах військового управління, установах, ВВНЗ та ВНП ЗВО;120100, 121000, 121100, 121501, 520100, 520200, 521000;520300, 521305, 521800;
12;Організація зв’язку. Застосування засобів зв’язку;121000;Бойове застосування змішаних з’єднань, військових частин і підрозділів зв’язку (крім підрозділів і військових частин зв’язку та радіотехнічного забезпечення авіації);На командних і штабних посадах у військових частинах (підрозділах), установах, ВВНЗ та ВНП ЗВО;120100, 121501, 520100, 520300, 521000, 521305, 521800;120500, 121100, 129000, 520200, 530100, 531100;
12;Організація зв’язку. Застосування засобів зв’язку;121100;Бойове застосування військових частин і підрозділів зв’язку та радіотехнічного забезпечення авіації;На командних і штабних посадах у військових частинах (підрозділах), установах, ВВНЗ та ВНП ЗВО;063300, 120100, 121000, 120500, 121501, 521305, 461700;;
12;Організація зв’язку. Застосування засобів зв’язку;121501;Організація захисту інформації та кібернетичної безпеки в інформаційно-телекомунікаційних системах;На командних і штабних посадах, на посадах спеціалістів у льотних екіпажах, в органах військового управління, військових частинах (підрозділах), установах, ВВНЗ та ВНП ЗВО;160000, 160100, 160200, 160300, 521305, 530200;120100, 120500, 121000, 121100, 520100, 521000, 520200, 520300, 521800, 530100, 531100;
12;Організація зв’язку. Застосування засобів зв’язку;129000;Організація фельд’єгерсько-поштового зв’язку;На посадах спеціалістів в органах військового управління, військових частинах (підрозділах), установах, ВВНЗ та ВНП ЗВО;120100, 121000;120500, 121100;
14;Організація боротьби в електромагнітному та кіберсередовищі. Застосування засобів електромагнітної боротьби (включаючи радіоелектронну боротьбу);140001;Організація та ведення боротьби в електромагнітному та кіберсередовищі;На командних і штабних посадах в органах військового управління, військових частинах (підрозділах), установах, ВВНЗ та ВНП ЗВО, а також на посадах начальників відділів (відділень, груп) управління радіочастотним спектром;140100, 140300, 140500, 140600, 140700;141000, 141001, 141002, 141200, 142000, 160000, 540001, 540002, 540100, 541000;
14;Організація боротьби в електромагнітному та кіберсередовищі. Застосування засобів електромагнітної боротьби (включаючи радіоелектронну боротьбу);140100;Організація радіоелектронної боротьби у ЗС України;На командних і штабних посадах в органах військового управління, військових частинах (підрозділах), установах, ВВНЗ та ВНП ЗВО;;140300, 141000, 540100;
14;Організація боротьби в електромагнітному та кіберсередовищі. Застосування засобів електромагнітної боротьби (включаючи радіоелектронну боротьбу);140300;Організація радіоелектронної боротьби у СВ ЗС України;На командних і штабних посадах в органах військового управління, установах, ВВНЗ та ВНП ЗВО, а також на посадах начальників радіоелектронної боротьби військових частин;140100;140500, 140600, 141000, 541000;
14;Організація боротьби в електромагнітному та кіберсередовищі. Застосування засобів електромагнітної боротьби (включаючи радіоелектронну боротьбу);140500;Організація радіоелектронної боротьби у ПС ЗС України;На командних і штабних посадах в органах військового управління, установах, ВВНЗ та ВНП ЗВО, а також на посадах начальників радіоелектронної боротьби військових частин;140100;140300, 140600, 540100;
14;Організація боротьби в електромагнітному та кіберсередовищі. Застосування засобів електромагнітної боротьби (включаючи радіоелектронну боротьбу);140600;Організація радіоелектронної боротьби у ВМС ЗС України;На командних і штабних посадах в органах військового управління, установах, ВВНЗ та ВНП ЗВО, а також на посадах начальників радіоелектронної боротьби військових частин;140100;140300;
14;Організація боротьби в електромагнітному та кіберсередовищі. Застосування засобів електромагнітної боротьби (включаючи радіоелектронну боротьбу);140700;Організація радіоелектронного захисту радіоелектронних систем та засобів;На командних і штабних посадах в органах військового управління, військових частинах (підрозділах), установах, ВВНЗ та ВНП ЗВО;140100;140300, 140500, 140600;
14;Організація боротьби в електромагнітному та кіберсередовищі. Застосування засобів електромагнітної боротьби (включаючи радіоелектронну боротьбу);141000;Бойове застосування з’єднань, військових частин і підрозділів, озброєних наземними засобами радіоелектронної боротьби;На командних і штабних посадах в органах військового управління, військових частинах (підрозділах), установах, ВВНЗ та ВНП ЗВО;140100, 140300;141001, 141002, 541000;
14;Організація боротьби в електромагнітному та кіберсередовищі. Застосування засобів електромагнітної боротьби (включаючи радіоелектронну боротьбу);141001;Бойове застосування військових частин і підрозділів, озброєних наземними засобами перешкод радіозв’язку;На командних і штабних посадах в органах військового управління, військових частинах (підрозділах), установах, ВВНЗ та ВНП ЗВО;140100, 140300, 140500;141000, 541000;
14;Організація боротьби в електромагнітному та кіберсередовищі. Застосування засобів електромагнітної боротьби (включаючи радіоелектронну боротьбу);141002;Бойове застосування військових частин і підрозділів, озброєних наземними (корабельними) засобами перешкод радіолокації, радіонавігації та оптико-електронних засобів;На командних і штабних посадах в органах військового управління, військових частинах (підрозділах), установах, ВВНЗ та ВНП ЗВО;140100, 140500;141000, 541000;
14;Організація боротьби в електромагнітному та кіберсередовищі. Застосування засобів електромагнітної боротьби (включаючи радіоелектронну боротьбу);141200;Бойове застосування військових частин і підрозділів радіоелектронного захисту радіоелектронних систем та засобів;На командних і штабних посадах в органах військового управління, військових частинах (підрозділах), установах, ВВНЗ та ВНП ЗВО;140100, 140700;141001, 141002;
14;Організація боротьби в електромагнітному та кіберсередовищі. Застосування засобів електромагнітної боротьби (включаючи радіоелектронну боротьбу);142000;Бойове застосування військових частин та підрозділів електромагнітної та кіберборотьби;На посадах спеціалістів у військових частинах (підрозділах), установах, ВВНЗ та ВНП ЗВО, а також на посадах начальників відділів (відділень, груп) використання радіочастотного спектра;141000, 141001, 141002, 141200;160100, 160200, 160300, 540001, 540002, 540100, 541000;
15;Інформаційна боротьба;150100;Управління інформаційною безпекою у воєнній сфері;На командних і штабних посадах керівного складу в органах військового управління;150200;150300;
15;Інформаційна боротьба;150200;Організація та ведення інформаційної боротьби;На командних і штабних посадах у військових частинах (підрозділах), установах, ВВНЗ та ВНП ЗВО, а також на посадах спеціалістів;150100;150300;
15;Інформаційна боротьба;150300;Організація та ведення інформаційної боротьби в кібернетичному просторі;На посадах спеціалістів у військових частинах (підрозділах), установах, ВВНЗ та ВНП ЗВО;150200;;
16;Кіберборотьба;160000;Організація та ведення кіберборотьби;На командних і штабних посадах в органах військового управління, військових частинах (підрозділах), установах, ВВНЗ та ВНП ЗВО;140001, 142000, 160100, 160200, 160300, 540001, 540002;140100, 140300, 140500, 140600, 140700, 141000, 141001, 141002, 141200, 540100, 541000;
16;Кіберборотьба;160100;Застосування підрозділів кіберрозвідки;На посадах спеціалістів в органах військового управління, військових частинах (підрозділах), установах, ВВНЗ та ВНП ЗВО;142000, 160000, 160200, 160300, 540001, 540002;141000, 141001, 141002, 141200, 150200, 150300, 191100, 482300, 491800, 530100, 530200, 530600, 540100, 541000;
16;Кіберборотьба;160200;Застосування підрозділів кіберзахисту;На посадах спеціалістів в органах військового управління, військових частинах (підрозділах), установах, ВВНЗ та ВНП ЗВО;121501, 142000, 160000, 160100, 160300, 521305, 530200, 540001, 540002;141200;
16;Кіберборотьба;160300;Застосування підрозділів кібервпливу;На посадах спеціалістів в органах військового управління, військових частинах (підрозділах), установах, ВВНЗ та ВНП ЗВО;142000, 160000, 160100, 160200, 540001, 540002;141000, 141001, 141002, 141200, 150200, 150300, 191100, 482300, 491800, 530100, 530200, 530600, 540100, 541000;
17;Організація відновлення та будівництва національної транспортної системи;170100;Управління діяльністю та підготовкою Державної спеціальної служби транспорту;На командних і штабних посадах керівного складу в органах військового управління, військових частинах (підрозділах), установах, ВВНЗ та ВНП ЗВО;170200, 580100;180200, 703100;
17;Організація відновлення та будівництва національної транспортної системи;170200;Застосування з’єднань, військових частин і підрозділів із відновлення та будівництва об’єктів національної транспортної системи;На командних і штабних посадах в органах військового управління, військових частинах (підрозділах), установах, ВВНЗ та ВНП ЗВО;170201, 170202, 170203, 580100;180200, 703100;
17;Організація відновлення та будівництва національної транспортної системи;170201;Застосування військових частин і підрозділів із відновлення та будівництва об’єктів національної транспортної системи;На командних і штабних посадах в органах військового управління, військових частинах (підрозділах), установах, ВВНЗ та ВНП ЗВО;170200, 170202, 170203, 580100;180200, 703100;
17;Організація відновлення та будівництва національної транспортної системи;170202;Застосування військових частин і підрозділів із відновлення та будівництва штучних споруд на об’єктах національної транспортної системи;На командних і штабних посадах в органах військового управління, військових частинах (підрозділах), установах, ВВНЗ та ВНП ЗВО;170200, 221000, 580100;170201;
17;Організація відновлення та будівництва національної транспортної системи;170203;Застосування військових частин і підрозділів механізації відновлення та будівництва об’єктів національної транспортної системи;На командних і штабних посадах в органах військового управління, військових частинах (підрозділах), установах, ВВНЗ та ВНП ЗВО;170200, 580100;221000, 500200, 500201;
17;Організація відновлення та будівництва національної транспортної системи;170204;Застосування військових частин і підрозділів із технічного прикриття та охорони об’єктів національної транспортної системи;На командних і штабних посадах в органах військового управління, військових частинах (підрозділах), установах, ВВНЗ та ВНП ЗВО;170200, 580100;;
17;Організація відновлення та будівництва національної транспортної системи;170300;Застосування військових частин і підрозділів з експлуатації об’єктів національної транспортної системи;На командних і штабних посадах в органах військового управління, військових частинах (підрозділах), установах, ВВНЗ та ВНП ЗВО, а також спеціалістів рухомого складу залізниць;;703200;
18;Організація відновлення та будівництва автомобільних доріг. Організація дорожньо-комендантської служби;180200;Бойове застосування з’єднань, військових частин і підрозділів дорожніх військ;На командних і штабних посадах в органах військового управління, військових частинах (підрозділах), установах, ВВНЗ та ВНП ЗВО;100100;;
18;Організація відновлення та будівництва автомобільних доріг. Організація дорожньо-комендантської служби;180204;Бойове застосування дорожньо-комендантських з’єднань, військових частин, підрозділів;На командних і штабних посадах в органах військового управління, військових частинах (підрозділах), установах, ВВНЗ та ВНП ЗВО;100100, 180200;101501;
19;Топогеодезичне забезпечення військ (сил);190100;Організація топогеодезичного забезпечення;На командних і штабних посадах в органах військового управління, військових частинах (підрозділах), установах, ВВНЗ та ВНП ЗВО, а також начальники топографічної служби;191000;590200, 590300;
19;Топогеодезичне забезпечення військ (сил);191000;Застосування топогеодезичних військових частин і підрозділів;На командних і штабних посадах в органах військового управління, військових частинах (підрозділах), установах, ВВНЗ та ВНП ЗВО;190100, 590200;590300;
19;Топогеодезичне забезпечення військ (сил);191100;Застосування підрозділів навігаційного забезпечення ЗС України;На командних і штабних посадах в органах військового управління, військових частинах (підрозділах), установах, ВВНЗ та ВНП ЗВО;;;
19;Топогеодезичне забезпечення військ (сил);191200;Застосування підрозділів топогеодезичного забезпечення ракетних військ і артилерії та берегових ракетно-артилерійських військ;На командних посадах в органах військового управління, військових частинах (підрозділах), установах, ВВНЗ та ВНП ЗВО;190100, 191000;;
19;Топогеодезичне забезпечення військ (сил);191400;Застосування картографічних військових частин і підрозділів (крім ВМС ЗС України);На командних і штабних посадах в органах військового управління, військових частинах (підрозділах), установах, ВВНЗ та ВНП ЗВО;590300;191000;
19;Топогеодезичне забезпечення військ (сил);191401;Складання, видання та редагування топографічних та спеціальних карт і планів;На командних і штабних посадах в органах військового управління, військових частинах (підрозділах), установах, ВВНЗ та ВНП ЗВО;590300;590200;
19;Топогеодезичне забезпечення військ (сил);191500;Забезпечення топографічними та спеціальними картами і планами;На посадах спеціалістів у військових частинах (підрозділах), установах, ВВНЗ та ВНП ЗВО;190100, 191000, 191400, 590200, 590300;;
20;Гідрометеорологічне (метеорологічне) та геофізичне забезпечення військ (сил);200200;Організація метеорологічного та геофізичного забезпечення ЗС України;На посадах керівного складу в органах військового управління;;201200, 210100;
20;Гідрометеорологічне (метеорологічне) та геофізичне забезпечення військ (сил);201100;Застосування метеорологічних підрозділів ракетних військ і артилерії та берегових ракетно-артилерійських військ;На командних і штабних посадах в органах військового управління, військових частинах (підрозділах), установах, ВВНЗ тза ВНП ЗВО;200200;201200, 600100, 601000;
20;Гідрометеорологічне (метеорологічне) та геофізичне забезпечення військ (сил);201200;Організація застосування метеорологічних підрозділів авіації;На командних і штабних посадах в органах військового управління, військових частинах (підрозділах), установах, ВВНЗ та ВНП ЗВО;200200;600100, 601000;
21;Навігаційно-гідрографічне, геофізичне та гідрометеорологічне забезпечення ВМС ЗС України;210100;Організація навігаційно-гідрографічного, геофізичного та гідрометеорологічного забезпечення ВМС ЗС України;На командних і штабних посадах в органах військового управління, військових частинах (підрозділах), установах, ВВНЗ та ВНП ЗВО;200200;201200, 211000;
21;Навігаційно-гідрографічне, геофізичне та гідрометеорологічне забезпечення ВМС ЗС України;211000;Застосування гідрографічних (навігаційно-гідрографічних), гідрометеорологічних та геофізичних підрозділів і частин ВМС ЗС України;На посадах спеціалістів в органах військового управління, військових частинах (підрозділах), установах, ВВНЗ та ВНП ЗВО, а також на кораблях (суднах);200200, 210100;201200, 600100;
22;Організація та здійснення військового будівництва та експлуатація будівель та споруд;220100;Організація будівництва та експлуатації будівель і споруд спеціального та загальновійськового призначення;На командних і штабних посадах в органах військового управління, військових частинах (підрозділах), установах, ВВНЗ та ВНП ЗВО;221000;620100;
22;Організація та здійснення військового будівництва та експлуатація будівель та споруд;221000;Застосування військових частин і підрозділів з будівництва і експлуатації будівель і споруд спеціального та загальновійськового призначення;На командних і штабних посадах в органах військового управління, військових частинах (підрозділах), установах, ВВНЗ та ВНП ЗВО;220100;620100;
28;Протипожежна охорона;280100;Організація пожежної безпеки;На посадах спеціалістів в органах пожежної безпеки, військових частинах (підрозділах), установах, ВВНЗ та ВНП ЗВО;220100, 221000;Офіцери інших ВОС, які мають освіту за напрямом «Пожежна безпека»;
29;Мобілізаційна, кадрова та організаційно-штатна робота;290100;Мобілізаційна робота в органах військового управління та військах (силах);На посадах спеціалістів в органах військового управління, військових частинах (підрозділах), установах, ВВНЗ та ВНП ЗВО;Офіцери інших ВОС, які проходили військову службу на командних і штабних посадах в органах військового управління, військових частинах (підрозділах), установах, ВВНЗ та ВНП ЗВО;;
29;Мобілізаційна, кадрова та організаційно-штатна робота;290400;Мобілізаційна робота у територіальних центрах комплектування та соціальної підтримки;На посадах спеціалістів у територіальних центрах комплектування та соціальної підтримки;;;
29;Мобілізаційна, кадрова та організаційно-штатна робота;290500;Комплектування особовим складом військ (сил) та ведення обліку чисельності. Управління кар’єрою;На посадах спеціалістів в органах військового управління, військових частинах (підрозділах), установах, ВВНЗ та ВНП ЗВО;;;
29;Мобілізаційна, кадрова та організаційно-штатна робота;290600;Організаційно-штатна робота у ЗС України;На посадах спеціалістів в органах військового управління, військових частинах (підрозділах), установах, ВВНЗ та ВНП ЗВО;;;
30;Захист інформації та криптології;300100;Спеціальний зв’язок. Безпека спеціальних видів зв’язку, ЗАР-П та захисту інформації;На командних і штабних посадах в органах військового управління, військових частинах (підрозділах), установах, ВВНЗ та ВНП ЗВО, а також на посадах спеціалістів;;300200, 300500, 300600;
30;Захист інформації та криптології;300200;Захист інформації. Організація режиму секретності, секретного діловодства та архівна справа;На командних і штабних посадах в органах військового управління, військових частинах (підрозділах), установах, ВВНЗ та ВНП ЗВО, а також на посадах спеціалістів;300100;300500, 300600;
30;Захист інформації та криптології;300300;Захист інформації у видавничій справі;На посадах спеціалістів у військових органах забезпечення дотримання законодавства у видавничій справі;300100, 300200;300500, 300600;
30;Захист інформації та криптології;300400;Організація захисту систем управління військами і зброєю, ракетної зброї від несанкціонованого застосування;На посадах спеціалістів в органах військового управління, військових частинах (підрозділах), установах, ВВНЗ та ВНП ЗВО;;300100, 300200, 300500, 300600;
30;Захист інформації та криптології;300500;Застосування військових частин і підрозділів технічного захисту інформації;На командних і штабних посадах в органах військового управління, військових частинах (підрозділах), установах, ВВНЗ та ВНП ЗВО, а також на посадах спеціалістів;;300100, 300200, 300600;
30;Захист інформації та криптології;300600;Організація захисту інформаційних технологій;На штабних посадах в органах військового управління, військових частинах (підрозділах), установах, ВВНЗ та ВНП ЗВО, а також на посадах спеціалістів;300500;300100, 300200;
31;Фінансове забезпечення;310100;Фінанси та військова економіка;На посадах керівного складу в органах військового управління, установах, а також начальників фінансово-економічної служби з’єднання;;310101;
31;Фінансове забезпечення;310101;Фінансове забезпечення і економіка бойової та господарчої діяльності військ (сил);На посадах керівного складу у військових частинах, установах, ВВНЗ та ВНП ЗВО, а також на посадах спеціалістів в органах військового управління, військових частинах, установах, ВВНЗ та ВНП ЗВО;310100;;
32;Фізична культура і спорт;320100;Організація фізичної підготовки та спорту;На посадах спеціалістів в органах військового управління, військових частинах (підрозділах), установах, ВВНЗ та ВНП ЗВО;Офіцери інших ВОС, які мають споріднену цивільну освіту;021000, 021200, 021400;
32;Фізична культура і спорт;320200;Фізкультурно-спортивна реабілітація;На посадах спеціалістів в органах військового управління, військових частинах (підрозділах), установах, ВВНЗ та ВНП ЗВО;Офіцери інших ВОС, які мають споріднену цивільну освіту;320100, 903400, 903404;
33;Інформаційно-аналітичне забезпечення та військова журналістика;330100;Організація інформаційно-аналітичної служби;На посадах керівного складу в органах військового управління, з’єднаннях, установах, ВВНЗ та ВНП ЗВО, а також редакторів військових редакційно-видавницьких органів;344200, 330300, 330500;Офіцери інших ВОС, які мають споріднену цивільну освіту;
33;Інформаційно-аналітичне забезпечення та військова журналістика;330300;Військова журналістика;На посадах військових журналістів і кореспондентів, викладачів ВВНЗ та ВНП ЗВО, а також прес-секретарів;093500, 330500;Офіцери інших ВОС, які мають споріднену цивільну освіту;
33;Інформаційно-аналітичне забезпечення та військова журналістика;330400;Інформаційно-аналітичне забезпечення застосування військ (сил);На посадах спеціалістів в органах військового управління, військових частинах (підрозділах), установах, ВВНЗ та ВНП ЗВО;Офіцери інших ВОС;;
33;Інформаційно-аналітичне забезпечення та військова журналістика;330500;Зв’язки з громадськістю;На посадах спеціалістів в органах військового управління, з’єднаннях, установах, ВВНЗ та ВНП ЗВО, а також на посадах спеціалістів;330100, 330300, 344200;Офіцери інших ВОС, які мають споріднену цивільну освіту;
33;Інформаційно-аналітичне забезпечення та військова журналістика;330600;Воєнно-історична робота у військах (силах);На посадах спеціалістів в органах військового управління, військових частинах (підрозділах), установах, ВВНЗ та ВНП ЗВО;Офіцери інших ВОС, які пройшли відповідну підготовку;;
33;Інформаційно-аналітичне забезпечення та військова журналістика;330700;Вивчення та впровадження досвіду;На посадах спеціалістів в органах військового управління, військових частинах (підрозділах), установах, ВВНЗ та ВНП ЗВО;Офіцери інших ВОС, які пройшли відповідну підготовку;;
34;Організація психологічної підтримки персоналу (психологічного забезпечення) та соціальної роботи військ (сил);340001;Соціальна психологія;На посадах підрозділів психологічної підтримки персоналу (психологічного забезпечення);340002;340004;
34;Організація психологічної підтримки персоналу (психологічного забезпечення) та соціальної роботи військ (сил);340002;Психологія;На посадах підрозділів психологічної підтримки персоналу (психологічного забезпечення);Офіцери інших ВОС, які мають споріднену цивільну освіту за спеціальностями «Психологія» або «Медична та психологічна реабілітація»;;
34;Організація психологічної підтримки персоналу (психологічного забезпечення) та соціальної роботи військ (сил);340004;Моральна підтримка;На посадах підрозділів психологічної підтримки персоналу (психологічного забезпечення);344000;340001, 340002;
34;Організація психологічної підтримки персоналу (психологічного забезпечення) та соціальної роботи військ (сил);340005;Соціальна робота;На посадах спеціалістів в органах військового управління, військових частинах (підрозділах), установах, ВВНЗ та ВНП ЗВО;340001, 850400;Офіцери інших ВОС, які пройшли відповідну підготовку;
34;Організація психологічної підтримки персоналу (психологічного забезпечення) та соціальної роботи військ (сил);340007;Захист від інформаційно-психологічного впливу;На посадах підрозділів психологічної підтримки персоналу (психологічного забезпечення);;340001, 340002;
34;Організація психологічної підтримки персоналу (психологічного забезпечення) та соціальної роботи військ (сил);340200;Керівництво діяльністю органів з психологічної підтримки персоналу (психологічного забезпечення);На посадах керівного складу з психологічної підтримки персоналу (психологічного забезпечення) в органах військового управління;340001, 340002;340004, офіцери інших ВОС, які мають споріднену цивільну освіту за спеціальностями «Психологія» або «Медична та психологічна реабілітація»;
34;Організація психологічної підтримки персоналу (психологічного забезпечення) та соціальної роботи військ (сил);342000;Організація психологічної підтримки персоналу (психологічного забезпечення);На посадах керівного складу у військових частинах, установах, ВВНЗ та ВНП ЗВО, в підрозділах військових частин, надводних кораблів (суден) та підводних човнів, а також на посадах спеціалістів;340001, 340002, 340004;Офіцери 34 групи ВОС та ті, які мають споріднену цивільну освіту за спеціальностями «Психологія», «Практична психологія» або «Медична та психологічна реабілітація»;
34;Організація психологічної підтримки персоналу (психологічного забезпечення) та соціальної роботи військ (сил);342800;Організація психологічної підтримки персоналу (психологічного забезпечення);На посадах спеціалістів з психологічної підтримки персоналу (психологічного забезпечення) в підрозділах Державної спеціальної служби транспорту;340001, 340002, 342000;340004, офіцери інших ВОС, які мають споріднену цивільну освіту за спеціальностями «Психологія» або «Медична та психологічна реабілітація»;
34;Організація психологічної підтримки персоналу (психологічного забезпечення) та соціальної роботи військ (сил);342900;Керівництво діяльністю органів з психологічної підтримки персоналу (психологічного забезпечення), організація психологічної підтримки персоналу (психологічного забезпечення) в авіаційних бригадах, полках, ескадрильях;На посадах керівного складу з психологічної підтримки персоналу (психологічного забезпечення) в органах військового управління, у військових частинах, установах, ВВНЗ та ВНП ЗВО, які входять до складу льотних екіпажів;340001, 340002, 342000;340004, офіцери інших ВОС, які мають споріднену цивільну освіту за спеціальностями «Психологія» або «Медична та психологічна реабілітація»;
34;Організація психологічної підтримки персоналу (психологічного забезпечення) та соціальної роботи військ (сил);343000;Керівництво діяльністю органів з морально-психологічного забезпечення в Національній гвардії України;На посадах керівного складу з морально-психологічного забезпечення в органах військового управління;340001, 340002;340004;
34;Організація психологічної підтримки персоналу (психологічного забезпечення) та соціальної роботи військ (сил);343100;Організація морально-психологічного забезпечення військ (сил) в Національній гвардії України;На посадах керівного складу у військових частинах, установах, ВВНЗ та ВНП ЗВО, в підрозділах військових частин, надводних кораблів (суден) та підводних човнів, а також на посадах спеціалістів;340001, 340002;340004;
34;Організація психологічної підтримки персоналу (психологічного забезпечення) та соціальної роботи військ (сил);343200;Організація морально-психологічного забезпечення військ (сил) в авіаційних бригадах, полках, базах, ескадрильях Національної гвардії України;На посадах керівного складу в авіаційних військових частинах, підрозділах авіаційних військових частин, установах, які входять до складу льотних екіпажів;340001, 340002, 343000, 343100;340004, офіцери інших ВОС, які мають споріднену цивільну освіту за спеціальностями «Психологія» або досвід організації морально-психологічного забезпечення;
34;Організація психологічної підтримки персоналу (психологічного забезпечення) та соціальної роботи військ (сил);344000;Організація культурологічної підтримки персоналу та дозвілля;На посадах спеціалістів в органах військового управління, військових частинах (підрозділах), установах;Офіцери інших ВОС, які мають досвід організації моральної підтримки персоналу;;
34;Організація психологічної підтримки персоналу (психологічного забезпечення) та соціальної роботи військ (сил);344100;Організація постачання, експлуатації та ремонту технічних засобів виховання, поліграфії і кіно-, відеоапаратури. Виробництво та обробка кіно-, відео- та фотодокументів;На посадах спеціалістів в органах військового управління, військових частинах (підрозділах), установах;;340001, 340002, 340005;
34;Організація психологічної підтримки персоналу (психологічного забезпечення) та соціальної роботи військ (сил);344200;Редакційно-видавнича робота;На посадах керівного складу редакційно-видавничих установ;Офіцери інших ВОС з досвідом редакційно-видавничої роботи;;
34;Організація психологічної підтримки персоналу (психологічного забезпечення) та соціальної роботи військ (сил);344300;Типографська справа;На посадах керівного складу та спеціалістів типографської справи;;;
34;Організація психологічної підтримки персоналу (психологічного забезпечення) та соціальної роботи військ (сил);346000;Викладання соціально-гуманітарних наук;На посадах начальників кафедр та викладачів соціально-гуманітарних наук у ВВНЗ та ВНП ЗВО;Офіцери інших ВОС, які мають споріднену цивільну освіту;;
35;Військово-музичне забезпечення;350100;Керівництво військово-музичними установами;На посадах керівного складу в органах військового управління, військових частинах, установах, ВВНЗ та ВНП ЗВО, а також на посадах начальників оркестрів - військових диригентів;350300;350200;
35;Військово-музичне забезпечення;350200;Організація діяльності військово-оркестрової служби;На посадах спеціалістів в органах військового управління, військових частинах (підрозділах), установах, ВВНЗ та ВНП ЗВО;350300;350100;
35;Військово-музичне забезпечення;350300;Організація інформаційно-музичної діяльності;На посадах спеціалістів в органах військового управління, військових частинах (підрозділах), установах, ВВНЗ та ВНП ЗВО;350100, 350200;Офіцери інших ВОС, які мають споріднену цивільну освіту;
35;Військово-музичне забезпечення;350400;Організація забезпечення навчання військово-музичних підрозділів та установ;На посадах спеціалістів у ВВНЗ та ВНП ЗВО, а також викладачі;350100, 350200;Офіцери інших ВОС, які мають споріднену цивільну освіту;
36;Оборонне планування;360100;Оборонне планування в органах військового управління;На посадах спеціалістів в органах військового управління стратегічного рівня;Офіцери інших ВОС, які проходили військову службу на командних і штабних посадах в органах військового управління, військових частинах (підрозділах), установах, ВВНЗ та ВНП ЗВО;;
36;Оборонне планування;360300;Планування оборонних ресурсів в органах військового управління;;;;
36;Оборонне планування;360500;Обробка інформації оборонного планування;На посадах спеціалістів в органах військового управління, військових частинах (підрозділах), установах, ВВНЗ та ВНП ЗВО;Офіцери інших ВОС;;
39;Інші спеціальності;390100;Технічні, прикладні та соціально-гуманітарні науки;На посадах спеціалістів, наукових та науково-педагогічних працівників в органах військового управління, установах, ВВНЗ та ВНП ЗВО;Офіцери інших ВОС, які мають споріднену цивільну освіту;;
39;Інші спеціальності;390200;Економіка та планування будівельного виробництва;На посадах спеціалістів в органах військового управління, військових частинах (підрозділах), установах, ВВНЗ та ВНП ЗВО;Офіцери інших ВОС, які мають споріднену цивільну освіту;;
39;Інші спеціальності;390300;Організація патентно-ліцензійної, винахідницької, раціоналізаторської роботи та охорони інтелектуальної власності;На посадах керівного складу в органах військового управління, установах, ВВНЗ та ВНП ЗВО і на підприємствах;Офіцери інших ВОС, які мають споріднену цивільну освіту;;
39;Інші спеціальності;390400;Іноземна мова;На посадах спеціалістів, військових перекладачів, включаючи бортових перекладачів в льотних екіпажах, в органах військового управління, з’єднань, військових частинах, установах та ВВНЗ та ВНП ЗВО;Офіцери інших ВОС, які мають рівень знань іноземної мови на рівні не нижче СМР-2;;
39;Інші спеціальності;390500;Міжнародні відносини у воєнній сфері;На посадах спеціалістів євроатлантичної інтеграції, військового співробітництва, верифікаційної діяльності в органах військового управління, установах, ВВНЗ та ВНП ЗВО;390400;Офіцери інших ВОС, які мають рівень знань іноземної мови на рівні не нижче СМР-2;
39;Інші спеціальності;390600;Правоохоронна діяльність у ЗС України;На посадах спеціалістів Військової служби правопорядку у ЗС України;850600;Офіцери інших ВОС, крім груп ВОС 90, 99;
39;Інші спеціальності;390700;Експлуатація та ремонт медичної апаратури і приладів;На посадах спеціалістів експлуатації медичної апаратури і приладів;;900200, 909000;
39;Інші спеціальності;390800;Службове собаківництво (кінологія);На посадах спеціалістів в органах військового управління, військових частинах (підрозділах), установах, ВВНЗ та ВНП ЗВО;Офіцери інших ВОС, які мають споріднену цивільну освіту;;
39;Інші спеціальності;390900;Експлуатація та ремонт підйомно-транспортних машин і механізмів;На посадах керівного складу та спеціалістів з охорони праці та інспекторського складу в органах військового управління, військових частинах, установах, ВВНЗ та ВНП ЗВО, а також спеціалістів підйомно-транспортних машин і механізмів;620300;Офіцери інших ВОС, які мають споріднену цивільну освіту;
39;Інші спеціальності;391000;Внутрішній аудит;На посадах спеціалістів в органах військового управління, військових частинах (підрозділах), установах, ВВНЗ та ВНП ЗВО;Офіцери інших ВОС, які пройшли відповідну підготовку;;
39;Інші спеціальності;391010;Внутрішній контроль;На посадах спеціалістів в органах військового управління, військових частинах (підрозділах), установах, ВВНЗ та ВНП ЗВО;Офіцери інших ВОС, які пройшли відповідну підготовку, або мають споріднену цивільну освіту;;
39;Інші спеціальності;392000;Військова капеланська діяльність;На штабних посадах служби військового капеланства в органах військового управління та на посадах військових капеланів у військових частинах (підрозділах), установах, ВВНЗ та ВНП ЗВО;Особи, які в установленому порядку отримали мандат на право здійснення військової капеланської діяльності та пройшли навчання за спеціальною програмою підготовки військових капеланів;;
39;Інші спеціальності;393000;Бойове застосування, управління та забезпечення дій безпілотних систем;На посадах спеціалістів в органах військового управління, військових частинах (підрозділах), установах, ВВНЗ та ВНП ЗВО;063400, 063401, 063402, 706300;096300;
39;Інші спеціальності;393005;Бойове застосування, управління та забезпечення дій морських безекіпажних систем (комплексів);На посадах спеціалістів в органах військового управління, військових частинах (підрозділах), установах, ВВНЗ та ВНП ЗВО;;070100, 071100, 071300, 071400, 072000, 072300;
39;Інші спеціальності;399800;Офіцери, які мають військову спеціальність, що не застосовується у ЗС України;;;;
41;Організація застосування та експлуатації будівель і споруд спеціального призначення (пунктів управління);410100;Організація застосування стаціонарних та рухомих пунктів управління;На посадах керівного складу в органах військового управління, військових частинах, установах, ВВНЗ та ВНП ЗВО, а також на стаціонарних та рухомих пунктах управління;410200, 410300, 410400, 410500;;
41;Організація застосування та експлуатації будівель і споруд спеціального призначення (пунктів управління);410200;Бойове застосування стаціонарних пунктів управління;На командних і штабних посадах в органах військового управління, військових частинах (підрозділах), установах, ВВНЗ та ВНП ЗВО;410300, 410400, 410500;Офіцери інших ВОС, які пройшли відповідну підготовку;
41;Організація застосування та експлуатації будівель і споруд спеціального призначення (пунктів управління);410300;Бойове застосування рухомих пунктів управління;На командних і штабних посадах в органах військового управління, військових частинах (підрозділах), установах, ВВНЗ та ВНП ЗВО;410200, 410400, 410500;Офіцери інших ВОС, які пройшли відповідну підготовку;
41;Організація застосування та експлуатації будівель і споруд спеціального призначення (пунктів управління);410400;Експлуатація та ремонт стаціонарних пунктів управління;На посадах спеціалістів у військових частинах (підрозділах), установах, ВВНЗ та ВНП ЗВО;410200, 410300, 410500;Офіцери інших ВОС, які пройшли відповідну підготовку;
41;Організація застосування та експлуатації будівель і споруд спеціального призначення (пунктів управління);410500;Експлуатація та ремонт рухомих пунктів управління;На посадах спеціалістів у військових частинах (підрозділах), установах, ВВНЗ та ВНП ЗВО;410200, 410300, 410400;Офіцери інших ВОС, які пройшли відповідну підготовку;
44;Зенітне ракетне, зенітне артилерійське та радіотехнічне озброєння протиповітряної оборони;440200;Організація технічного забезпечення, експлуатації та ремонту озброєння військ ППО СВ ЗС України;На посадах керівного складу в органах військового управління, військових частинах, установах, ВВНЗ та ВНП ЗВО, а також заступників командирів військових частин з озброєння (технічної частини);;041600, 041900, 042100, 042600;
44;Зенітне ракетне, зенітне артилерійське та радіотехнічне озброєння протиповітряної оборони;441100;Експлуатація та ремонт радіотехнічних засобів наведення зенітних ракетних комплексів військ ППО СВ ЗС України;На посадах спеціалістів в органах військового управління, військових частинах (підрозділах), установах, ВВНЗ та ВНП ЗВО;441300;041600, 441500;
44;Зенітне ракетне, зенітне артилерійське та радіотехнічне озброєння протиповітряної оборони;441300;Експлуатація та ремонт бортових приладів управління і контрольно-випробного устаткування зенітних ракетних комплексів СВ ЗС України;На посадах спеціалістів в органах військового управління, військових частинах (підрозділах), установах, ВВНЗ та ВНП ЗВО;441100, 441500;708400;
44;Зенітне ракетне, зенітне артилерійське та радіотехнічне озброєння протиповітряної оборони;441500;Технічне забезпечення, експлуатація та ремонт стартового і технологічного обладнання зенітних ракетних комплексів СВ ЗС України;На посадах спеціалістів в органах військового управління, військових частинах (підрозділах), установах, ВВНЗ та ВНП ЗВО;;441100, 441300, 708500;
44;Зенітне ракетне, зенітне артилерійське та радіотехнічне озброєння протиповітряної оборони;441600;Технічне забезпечення, експлуатація та ремонт радіотехнічних засобів наведення безпілотних літальних апаратів-перехоплювачів військ ЗС України;На посадах спеціалістів в органах військового управління, військових частинах (підрозділах), установах, ВВНЗ та ВНП ЗВО;;045100, 706300, офіцери 46 групи ВОС;
44;Зенітне ракетне, зенітне артилерійське та радіотехнічне озброєння протиповітряної оборони;442000;Технічне забезпечення, експлуатація та ремонт матеріальної частини зенітної артилерії;На посадах спеціалістів в органах військового управління, військових частинах (підрозділах), установах, ВВНЗ та ВНП ЗВО;;042000, 042100;
44;Зенітне ракетне, зенітне артилерійське та радіотехнічне озброєння протиповітряної оборони;442100;Технічне забезпечення, експлуатація та ремонт радіолокаційних станцій гарматного наведення і радіолокаційних комплексів зенітної артилерії;На посадах спеціалістів в органах військового управління, військових частинах (підрозділах), установах, ВВНЗ та ВНП ЗВО;;042000, 042100;
44;Зенітне ракетне, зенітне артилерійське та радіотехнічне озброєння протиповітряної оборони;443100;Технічне забезпечення, експлуатація та ремонт засобів автоматизованого управління зенітних ракетних комплексів і зенітної артилерії військ ППО СВ ЗС України;На посадах спеціалістів в органах військового управління, військових частинах (підрозділах), установах, ВВНЗ та ВНП ЗВО;;442100, 708600;
44;Зенітне ракетне, зенітне артилерійське та радіотехнічне озброєння протиповітряної оборони;448000;Технічне забезпечення радіотехнічних засобів виявлення військ ППО СВ ЗС України;На посадах спеціалістів в органах військового управління, військових частинах (підрозділах), установах, ВВНЗ та ВНП ЗВО;044000, 450100;040500;
45;Засоби попередження про ракетний напад;450100;Організація технічного забезпечення, експлуатації та ремонту засобів попередження про ракетний напад;На посадах керівного складу в органах військового управління, військових частинах, установах, ВВНЗ та ВНП ЗВО, а також заступників командирів військових частин з озброєння (технічної частини);044000, 448000;040500;
46;Авіаційна техніка та озброєння. Повітрянодесантна (парашутно-десантна) техніка;460100;Організація експлуатації та ремонту авіаційної техніки і озброєння;На посадах керівного складу в органах військового управління, військових частинах, установах, ВВНЗ та ВНП ЗВО, а також на посадах спеціалістів з інженерно-авіаційної служби;461000, 461003, 461004;461100, 461200, 461300;
46;Авіаційна техніка та озброєння. Повітрянодесантна (парашутно-десантна) техніка;461000;Експлуатація та ремонт літаків, вертольотів та авіаційних двигунів;На посадах спеціалістів в органах військового управління, військових частинах (підрозділах), установах, ВВНЗ та ВНП ЗВО;461001, 461002, 461003, 461004;;
46;Авіаційна техніка та озброєння. Повітрянодесантна (парашутно-десантна) техніка;461001;Бортова експлуатація літаків і авіаційних двигунів;На посадах спеціалістів у льотних екіпажах;461003;461002, 461004;
46;Авіаційна техніка та озброєння. Повітрянодесантна (парашутно-десантна) техніка;461002;Бортова експлуатація вертольотів і авіаційних двигунів;На посадах спеціалістів у льотних екіпажах;461004;461001, 461003;
46;Авіаційна техніка та озброєння. Повітрянодесантна (парашутно-десантна) техніка;461003;Експлуатація та ремонт літаків і авіаційних двигунів;На посадах спеціалістів в органах військового управління, військових частинах (підрозділах), установах, ВВНЗ та ВНП ЗВО;461001;461000, 461004;
46;Авіаційна техніка та озброєння. Повітрянодесантна (парашутно-десантна) техніка;461004;Експлуатація та ремонт вертольотів і авіаційних двигунів;На посадах спеціалістів в органах військового управління, військових частинах (підрозділах), установах, ВВНЗ та ВНП ЗВО;461002, 461003;;
46;Авіаційна техніка та озброєння. Повітрянодесантна (парашутно-десантна) техніка;461008;Експлуатація та ремонт безпілотних авіаційних комплексів;На посадах спеціалістів в органах військового управління, військових частинах (підрозділах), установах, ВВНЗ та ВНП ЗВО;063400, 063401, 063402, 461003, 461004;;
46;Авіаційна техніка та озброєння. Повітрянодесантна (парашутно-десантна) техніка;461100;Експлуатація та ремонт авіаційного озброєння;На посадах спеціалістів в органах військового управління, військових частинах (підрозділах), установах, ВВНЗ та ВНП ЗВО;461102, 461103;;
46;Авіаційна техніка та озброєння. Повітрянодесантна (парашутно-десантна) техніка;461102;Експлуатація та ремонт авіаційного ракетного озброєння;На посадах спеціалістів в органах військового управління, військових частинах (підрозділах), установах, ВВНЗ та ВНП ЗВО;;;
46;Авіаційна техніка та озброєння. Повітрянодесантна (парашутно-десантна) техніка;461103;Експлуатація та ремонт авіаційного бомбардувального та артилерійського озброєння;На посадах спеціалістів в органах військового управління, військових частинах (підрозділах), установах, ВВНЗ та ВНП ЗВО;461102;461104;
46;Авіаційна техніка та озброєння. Повітрянодесантна (парашутно-десантна) техніка;461104;Експлуатація та ремонт авіаційного протичовнового та мінно-торпедного озброєння;На посадах спеціалістів в органах військового управління, військових частинах (підрозділах), установах, ВВНЗ та ВНП ЗВО;;461103;
46;Авіаційна техніка та озброєння. Повітрянодесантна (парашутно-десантна) техніка;461200;Експлуатація та ремонт авіаційного устаткування літаків і вертольотів;На посадах спеціалістів в органах військового управління, військових частинах (підрозділах), установах, ВВНЗ та ВНП ЗВО;461202, 461203;461201;
46;Авіаційна техніка та озброєння. Повітрянодесантна (парашутно-десантна) техніка;461201;Бортова експлуатація авіаційного устаткування літаків і вертольотів;На посадах спеціалістів у льотних екіпажах;461202, 461203;;
46;Авіаційна техніка та озброєння. Повітрянодесантна (парашутно-десантна) техніка;461202;Експлуатація та ремонт електроустаткування літаків і вертольотів та електроавтоматики силових установок;На посадах спеціалістів в органах військового управління, військових частинах (підрозділах), установах, ВВНЗ та ВНП ЗВО;461203;461201;
46;Авіаційна техніка та озброєння. Повітрянодесантна (парашутно-десантна) техніка;461203;Експлуатація та ремонт приладного, висотного устаткування та бортових засобів реєстрації польотних даних літаків і вертольотів;На посадах спеціалістів в органах військового управління, військових частинах (підрозділах), установах, ВВНЗ та ВНП ЗВО;461202;461201;
46;Авіаційна техніка та озброєння. Повітрянодесантна (парашутно-десантна) техніка;461300;Експлуатація та ремонт радіоелектронного устаткування літаків, вертольотів і авіаційних ракет;На посадах спеціалістів в органах військового управління, військових частинах (підрозділах), установах, ВВНЗ та ВНП ЗВО;;461301, 461304, 461305;
46;Авіаційна техніка та озброєння. Повітрянодесантна (парашутно-десантна) техніка;461301;Бортова експлуатація радіоелектронного устаткування літаків і вертольотів;На посадах спеціалістів у льотних екіпажах;;;
46;Авіаційна техніка та озброєння. Повітрянодесантна (парашутно-десантна) техніка;461304;Експлуатація та ремонт радіотехнічних засобів виявлення цілей і управління авіаційним озброєнням;На посадах спеціалістів в органах військового управління, військових частинах (підрозділах), установах, ВВНЗ та ВНП ЗВО;;461301, 461305;
46;Авіаційна техніка та озброєння. Повітрянодесантна (парашутно-десантна) техніка;461305;Експлуатація та ремонт авіаційних радіотехнічних засобів пошуку і виявлення підводних човнів;На посадах спеціалістів в органах військового управління, військових частинах (підрозділах), установах, ВВНЗ та ВНП ЗВО;461304;;
46;Авіаційна техніка та озброєння. Повітрянодесантна (парашутно-десантна) техніка;461400;Експлуатація та ремонт повітрянодесантної (парашутно-десантної) техніки та пошуково-рятувальних і евакуаційних робіт;На посадах спеціалістів в органах військового управління, військових частинах (підрозділах), установах, ВВНЗ та ВНП ЗВО;;;
46;Авіаційна техніка та озброєння. Повітрянодесантна (парашутно-десантна) техніка;461700;Експлуатація та ремонт радіотехнічних засобів забезпечення польотів авіації;На посадах спеціалістів в органах військового управління, військових частинах (підрозділах), установах, ВВНЗ та ВНП ЗВО;121100, 520200;461701, 461702, 461703, 461704, 461705;
46;Авіаційна техніка та озброєння. Повітрянодесантна (парашутно-десантна) техніка;461701;Експлуатація та ремонт радіосвітлотехнічних засобів забезпечення польотів авіації;На посадах спеціалістів в органах військового управління, військових частинах (підрозділах), установах, ВВНЗ та ВНП ЗВО;461702;461703, 461704, 461705;
46;Авіаційна техніка та озброєння. Повітрянодесантна (парашутно-десантна) техніка;461702;Експлуатація та ремонт засобів ближньої радіонавігації авіації та інструментальної посадки літаків;На посадах спеціалістів в органах військового управління, військових частинах (підрозділах), установах, ВВНЗ та ВНП ЗВО;461703;461704, 461705;
46;Авіаційна техніка та озброєння. Повітрянодесантна (парашутно-десантна) техніка;461703;Експлуатація та ремонт засобів дальньої радіонавігації авіації;На посадах спеціалістів в органах військового управління, військових частинах (підрозділах), установах, ВВНЗ та ВНП ЗВО;461702;461704, 461705;
46;Авіаційна техніка та озброєння. Повітрянодесантна (парашутно-десантна) техніка;461704;Експлуатація та ремонт радіолокаційних засобів забезпечення польотів та посадки літаків;На посадах спеціалістів в органах військового управління, військових частинах (підрозділах), установах, ВВНЗ та ВНП ЗВО;461705;461702, 461703;
46;Авіаційна техніка та озброєння. Повітрянодесантна (парашутно-десантна) техніка;461705;Експлуатація та ремонт радіолокаційних засобів посадки літаків;На посадах спеціалістів в органах військового управління, військових частинах (підрозділах), установах, ВВНЗ та ВНП ЗВО;461704;461702, 461703;
47;Корабельна техніка та озброєння;470100;Організація технічної експлуатації кораблів;На посадах керівного складу в органах військового управління, установах, ВВНЗ та ВНП ЗВО;472100, 472200, 472400, 473102;472700, 472702, 472800, 472900, 473000;
47;Корабельна техніка та озброєння;470200;Організація технічного забезпечення, експлуатації та ремонту ракетно-артилерійського озброєння ВМС ЗС України;На посадах керівного складу в органах військового управління, установах, ВВНЗ та ВНП ЗВО;471100, 471200, 471500;707100, 707400;
47;Корабельна техніка та озброєння;470300;Організація технічного забезпечення, експлуатації та ремонту протичовнового, мінно-торпедного і трального озброєння;На посадах керівного складу в органах військового управління, установах, ВВНЗ та ВНП ЗВО;471600, 472200;073400;
47;Корабельна техніка та озброєння;470400;Організація технічного забезпечення, експлуатації та ремонту радіотехнічного озброєння ВМС ЗС України;На посадах керівного складу в органах військового управління, установах, ВВНЗ та ВНП ЗВО;073601;472100, 472200;
47;Корабельна техніка та озброєння;470600;Експлуатація та ремонт гідрографічних засобів навігаційних комплексів надводних кораблів (суден) і підводних човнів;На посадах спеціалістів в органах військового управління, військових частинах (підрозділах), установах, ВВНЗ та ВНП ЗВО, а також на кораблях (суднах) та підводних човнах;072300;;
47;Корабельна техніка та озброєння;471100;Експлуатація та ремонт корабельних комплексів крилатих ракет;На посадах спеціалістів на кораблях (суднах) і підводних човнах, в органах військового управління, військових частинах (підрозділах), установах, ВВНЗ та ВНП ЗВО;;073000, 472100;
47;Корабельна техніка та озброєння;471200;Експлуатація та ремонт корабельних комплексів зенітних ракет;На посадах спеціалістів на кораблях (суднах) і підводних човнах, в органах військового управління, військових частинах (підрозділах), установах, ВВНЗ та ВНП ЗВО;;441500, 471100;
47;Корабельна техніка та озброєння;471300;Експлуатація та ремонт радіотехнічних засобів наведення корабельних комплексів крилатих і зенітних ракет;На посадах спеціалістів в органах військового управління, військових частинах (підрозділах), установах, ВВНЗ та ВНП ЗВО, а також на кораблях (суднах);;471100, 471200, 472100, 708300;
47;Корабельна техніка та озброєння;471400;Експлуатація та ремонт корабельних комплексів спеціального озброєння;На посадах спеціалістів в органах військового управління, військових частинах (підрозділах), установах, ВВНЗ та ВНП ЗВО, а також на кораблях (суднах);;471200;
47;Корабельна техніка та озброєння;471500;Експлуатація та ремонт корабельного артилерійського озброєння;На посадах спеціалістів на кораблях (суднах) і підводних човнах, в органах військового управління, військових частинах (підрозділах), установах, ВВНЗ та ВНП ЗВО;;707200;
47;Корабельна техніка та озброєння;471600;Експлуатація та ремонт корабельного мінного озброєння;На посадах спеціалістів на кораблях (суднах) і підводних човнах, в органах військового управління, військових частинах (підрозділах), установах, ВВНЗ та ВНП ЗВО;073400;;
47;Корабельна техніка та озброєння;472000;Експлуатація та ремонт корабельних торпед і торпедних апаратів;На посадах спеціалістів на кораблях (суднах) і підводних човнах, в органах військового управління, військових частинах (підрозділах), установах, ВВНЗ та ВНП ЗВО;073400, 472001;472002;
47;Корабельна техніка та озброєння;472001;Експлуатація та ремонт конструкцій, двигунів корабельних торпед і торпедних апаратів;На посадах спеціалістів в органах військового управління, військових частинах (підрозділах), установах, ВВНЗ та ВНП ЗВО, а також на кораблях (суднах);073400, 472000;472002;
47;Корабельна техніка та озброєння;472002;Експлуатація та ремонт систем управління корабельних торпед;На посадах спеціалістів в органах військового управління, військових частинах (підрозділах), установах, ВВНЗ та ВНП ЗВО, а також на кораблях (суднах);472000;472001;
47;Корабельна техніка та озброєння;472100;Експлуатація та ремонт радіотехнічних засобів підводних човнів та надводних кораблів (суден);На посадах спеціалістів на кораблях (суднах) і підводних човнах, в органах військового управління, військових частинах (підрозділах), установах, ВВНЗ та ВНП ЗВО;073601;471300;
47;Корабельна техніка та озброєння;472200;Експлуатація та ремонт гідроакустичних засобів надводних кораблів (суден) і підводних човнів;На посадах спеціалістів на кораблях (суднах) і підводних човнах, в органах військового управління, військових частинах (підрозділах), установах, ВВНЗ та ВНП ЗВО;073600;073601, 472100;
47;Корабельна техніка та озброєння;472400;Експлуатація та ремонт автоматичних і телемеханічних систем управління технічними засобами кораблів та корабельних бойових інформаційних керуючих систем;На посадах спеціалістів на кораблях (суднах) і підводних човнах, в органах військового управління, військових частинах (підрозділах), установах, ВВНЗ та ВНП ЗВО;471100, 471500;470400;
47;Корабельна техніка та озброєння;472700;Експлуатація та ремонт корабельних дизель-електричних і дизель-енергетичних установок;На посадах спеціалістів в органах військового управління, військових частинах (підрозділах), установах, ВВНЗ та ВНП ЗВО;;472702;
47;Корабельна техніка та озброєння;472702;Експлуатація та ремонт дизель-енергетичних установок надводних кораблів (суден);На посадах спеціалістів на кораблях (суднах) в органах військового управління, військових частинах (підрозділах), установах, ВВНЗ та ВНП ЗВО;472700;472200, 472900;
47;Корабельна техніка та озброєння;472800;Експлуатація та ремонт паросилових енергетичних установок надводних кораблів (суден);На посадах спеціалістів на надводних кораблях (суднах), в органах військового управління, військових частинах (підрозділах), установах, ВВНЗ та ВНП ЗВО;;472702, 472900;
47;Корабельна техніка та озброєння;472900;Експлуатація та ремонт газотурбінних енергетичних установок надводних кораблів (суден);На посадах спеціалістів на надводних кораблях (суднах), в органах військового управління, військових частинах (підрозділах), установах, ВВНЗ та ВНП ЗВО;;472702, 472800;
47;Корабельна техніка та озброєння;473000;Експлуатація та ремонт корабельних електроенергетичних систем і підводних човнів;На посадах спеціалістів в органах військового управління, військових частинах (підрозділах), установах, ВВНЗ та ВНП ЗВО;;472700, 472702;
47;Корабельна техніка та озброєння;473100;Кораблебудування, судноремонт та забезпечення бойових і технічних властивостей кораблів;На посадах спеціалістів в органах військового управління, військових частинах (підрозділах), установах, ВВНЗ та ВНП ЗВО;;473102;
47;Корабельна техніка та озброєння;473102;Будівництво та ремонт надводних кораблів (суден) та забезпечення їх бойових і технічних властивостей;На посадах спеціалістів на надводних кораблях (суднах), в органах військового управління, військових частинах (підрозділах), установах, ВВНЗ та ВНП ЗВО;473100;;
47;Корабельна техніка та озброєння;473200;Забезпечення скритності та захисту кораблів і суден по фізичних полях;На посадах спеціалістів в органах військового управління, військових частинах (підрозділах), установах, ВВНЗ та ВНП ЗВО;;473000;
47;Корабельна техніка та озброєння;473300;Ведення пошукових, аварійно-рятувальних, підйомних і водолазних робіт;На посадах спеціалістів в органах військового управління, військових частинах (підрозділах), установах, ВВНЗ та ВНП ЗВО;074000;;
48;Космічні засоби;480100;Організація технічного забезпечення, експлуатації та ремонту космічних засобів;На командних і штабних посадах в органах військового управління, військових частинах (підрозділах), установах, ВВНЗ та ВНП ЗВО, а також на посадах спеціалістів;;481400, 481900;
48;Космічні засоби;481400;Експлуатація та ремонт бортових систем управління устаткування перевірки космічних апаратів;На посадах спеціалістів в органах військового управління, військових частинах (підрозділах), установах, ВВНЗ та ВНП ЗВО;;480100;
48;Космічні засоби;481900;Експлуатація та ремонт радіотехнічних та оптико-електронних засобів командно-вимірювальних комплексів космічних систем;На посадах спеціалістів в органах військового управління, військових частинах (підрозділах), установах, ВВНЗ та ВНП ЗВО;;480100;
48;Космічні засоби;482300;Автоматизована обробка та аналіз інформації космічних засобів;На посадах спеціалістів в органах військового управління, військових частинах (підрозділах), установах, ВВНЗ та ВНП ЗВО;491800;480100;
49;Засоби військової розвідки;491000;Експлуатація та ремонт засобів радіорозвідки;На посадах спеціалістів в органах військового управління, військових частинах (підрозділах), установах, ВВНЗ та ВНП ЗВО;090300, 094400, 094500, 096400, 491100;;
49;Засоби військової розвідки;491100;Експлуатація та ремонт засобів радіотехнічної розвідки;На посадах спеціалістів в органах військового управління, військових частинах (підрозділах), установах, ВВНЗ та ВНП ЗВО;090300, 094400, 094500, 096400, 491000;;
49;Засоби військової розвідки;491200;Експлуатація та ремонт бортових та авіаційних засобів розвідки;На посадах спеціалістів в органах військового управління, військових частинах (підрозділах), установах, ВВНЗ та ВНП ЗВО;;;
49;Засоби військової розвідки;491300;Експлуатація та ремонт корабельних засобів розвідки;На посадах спеціалістів в органах військового управління, кораблях (суднах), підрозділах, установах, ВВНЗ та ВНП ЗВО;;491100;
49;Засоби військової розвідки;491700;Експлуатація та ремонт засобів спеціального контролю за ядерними вибухами;На посадах спеціалістів в органах військового управління, військових частинах (підрозділах), установах, ВВНЗ та ВНП ЗВО;;;
49;Засоби військової розвідки;491800;Обробка даних космічної розвідки;На посадах спеціалістів в органах військового управління, військових частинах (підрозділах), установах, ВВНЗ та ВНП ЗВО;482300;;
49;Засоби військової розвідки;495000;Експлуатація та ремонт засобів радіозв’язку спеціальної розвідки;На посадах спеціалістів в органах військового управління, військових частинах (підрозділах), установах, ВВНЗ та ВНП ЗВО;093300;491100, 521000;
50;Інженерне озброєння;500100;Організація технічного забезпечення експлуатації та ремонту інженерного озброєння;На посадах керівного складу в органах військового управління, військових частинах, установах, ВВНЗ та ВНП ЗВО;100100;500200, 500201;
50;Інженерне озброєння;500200;Експлуатація та ремонт інженерного озброєння;На посадах керівного складу в органах військового управління, військових частинах, установах, ВВНЗ та ВНП ЗВО;100100;;
50;Інженерне озброєння;500201;Експлуатація та ремонт інженерних машин та засобів водопостачання;На посадах керівного складу в органах військового управління, військових частинах, установах, ВВНЗ та ВНП ЗВО;100100, 101400;;
50;Інженерне озброєння;500300;Експлуатація та ремонт інженерних електротехнічних засобів;На посадах керівного складу в органах військового управління, військових частинах, установах, ВВНЗ та ВНП ЗВО;100100, 101500;;
50;Інженерне озброєння;500500;Будівництво та експлуатація фортифікаційних споруд маскування;На посадах керівного складу в органах військового управління, військових частинах, установах, ВВНЗ та ВНП ЗВО;100100, 101501, 101502;;
50;Інженерне озброєння;500700;Розробка, експлуатація та ремонт робототехніки, систем керованого мінування, боєприпасів, засобів їх пошуку та засобів маскування;На посадах спеціалістів в органах військового управління, військових частинах (підрозділах), установах, ВВНЗ та ВНП ЗВО;100100, 101000;;
51;Озброєння і засоби радіаційного, хімічного, біологічного захисту;510100;Організація технічного забезпечення, експлуатації та ремонту озброєння радіаційного, хімічного, біологічного захисту;На командних і штабних посадах в органах військового управління, військових частинах (підрозділах), установах, ВВНЗ та ВНП ЗВО, а також на посадах спеціалістів;110100, 111000, 111100, 510200;510900;
51;Озброєння і засоби радіаційного, хімічного, біологічного захисту;510200;Експлуатація та ремонт озброєння радіаційного, хімічного, біологічного захисту;На посадах спеціалістів в органах військового управління, військових частинах (підрозділах), установах, ВВНЗ та ВНП ЗВО;110100, 111000, 111100, 510100;510900;
51;Озброєння і засоби радіаційного, хімічного, біологічного захисту;510900;Організація екологічного забезпечення ЗС України;На посадах спеціалістів в органах військового управління, військових частинах (підрозділах), установах, ВВНЗ та ВНП ЗВО;098000, 110100, 111000, 111100;510100, 510200;
52;Засоби зв’язку;520100;Організація технічного забезпечення, експлуатації та ремонту засобів зв’язку (крім авіації та ВМС ЗС України);На посадах керівного складу в органах військового управління, військових частинах, установах, ВВНЗ та ВНП ЗВО, а також заступників командирів військових частин з озброєння (технічної частини);521000, 521305;120100, 120500, 121000, 121100, 121501, 520200, 520300, 521800;
52;Засоби зв’язку;520200;Організація технічного забезпечення, експлуатації та ремонту засобів радіотехнічного забезпечення авіації;На посадах керівного складу в органах військового управління, військових частинах, установах, ВВНЗ та ВНП ЗВО;461700, 520100, 521000;120100, 120500, 121000, 121100, 121501, 521305, 520300, 521800;
52;Засоби зв’язку;520300;Організація технічного забезпечення, експлуатації та ремонту засобів зв’язку у ВМС ЗС України;На посадах керівного складу в органах військового управління, військових частинах, установах, ВВНЗ та ВНП ЗВО;521000, 521800;120100, 121000, 121501, 521305, 520100, 520200;
52;Засоби зв’язку;521000;Експлуатація та ремонт наземної апаратури радіозв’язку різної потужності;На посадах спеціалістів в органах військового управління, військових частинах (підрозділах), установах, ВВНЗ та ВНП ЗВО;520100, 521305;120100, 120500, 121000, 121100, 121501, 520300, 521800;
52;Засоби зв’язку;521305;Експлуатація та ремонт комплексів (засобів) захисту інформації та кібернетичної безпеки в інформаційно-телекомунікаційних системах;На посадах спеціалістів в органах військового управління, військових частинах (підрозділах), установах, ВВНЗ та ВНП ЗВО;121501, 160000, 160100, 160200, 160300, 530200;530100, 531100;
52;Засоби зв’язку;521800;Експлуатація та ремонт апаратури зв’язку надводних кораблів та підводних човнів;На посадах спеціалістів в органах військового управління, військових частинах (підрозділах), установах, ВВНЗ та ВНП ЗВО;520300;120100, 121000, 121501, 521305, 520300;
53;Математичне, програмне, інформаційне та технічне забезпечення функціонування автоматизованих систем управління;530100;Системний аналіз функціонування автоматизованих систем управління;На посадах спеціалістів в органах військового управління, військових частинах (підрозділах), установах, ВВНЗ та ВНП ЗВО;531100, 531103, 530200;531200;
53;Математичне, програмне, інформаційне та технічне забезпечення функціонування автоматизованих систем управління;530200;Математичне та програмне забезпечення функціонування автоматизованих систем, систем захисту інформації та кібернетичної безпеки;На посадах керівного складу в органах військового управління, військових частинах, установах, ВВНЗ та ВНП ЗВО, а також на посадах спеціалістів;121501, 160000, 160100, 160200, 160300, 521305;530100, 531100;
53;Математичне, програмне, інформаційне та технічне забезпечення функціонування автоматизованих систем управління;531100;Технічне забезпечення функціонування стаціонарних засобів автоматизованих систем управління;На посадах спеціалістів в органах військового управління, військових частинах (підрозділах), установах, ВВНЗ та ВНП ЗВО;530100, 531103, 530200;531200;
53;Математичне, програмне, інформаційне та технічне забезпечення функціонування автоматизованих систем управління;531103;Експлуатація та ремонт апаратури приладного наведення;На посадах спеціалістів в органах військового управління, військових частинах (підрозділах), установах, ВВНЗ та ВНП ЗВО;530100, 531100;531200;
53;Математичне, програмне, інформаційне та технічне забезпечення функціонування автоматизованих систем управління;531200;Технічне забезпечення функціонування корабельних засобів автоматизованих систем управління;На посадах спеціалістів в органах військового управління, військових частинах (підрозділах), установах, ВВНЗ та ВНП ЗВО;530100, 531103;;
53;Математичне, програмне, інформаційне та технічне забезпечення функціонування автоматизованих систем управління;530600;Адміністрування інформаційно-телекомунікаційних систем управління авіацією та протиповітряною обороною;На посадах спеціалістів в органах військового управління, військових частинах (підрозділах), установах, ВВНЗ та ВНП ЗВО;;530100, 530200, 531103;
54;Засоби електромагнітної та кіберборотьби (включаючи радіоелектронної боротьби);540001;Експлуатація засобів електромагнітної та кіберборотьби;На посадах спеціалістів у військових частинах (підрозділах), установах, ВВНЗ та ВНП ЗВО;540002, 540100, 541000, 708700;150200, 150300, 191100, 482300, 491800, 530100, 530200, 530600;
54;Засоби електромагнітної та кіберборотьби (включаючи радіоелектронної боротьби);540002;Спеціальне програмне забезпечення та апаратно-програмні комплекси електромагнітної та кіберборотьби;На посадах спеціалістів у військових частинах (підрозділах), установах, ВВНЗ та ВНП ЗВО;540001, 540100, 541000;530100, 530200, 530600;
54;Засоби електромагнітної та кіберборотьби (включаючи радіоелектронної боротьби);540100;Організація технічного забезпечення, експлуатації та ремонту засобів радіоелектронної боротьби ЗС України;На посадах керівного складу в органах військового управління, установах, ВВНЗ та ВНП ЗВО;520100;140300;
54;Засоби електромагнітної та кіберборотьби (включаючи радіоелектронної боротьби);541000;Експлуатація та ремонт засобів радіоелектронної боротьби;На посадах спеціалістів в органах військового управління, військових частинах (підрозділах), установах, ВВНЗ та ВНП ЗВО;540100;140300, 141000;
58;Відбудова та будівництво автодоріг і мостів на автомобільних шляхах;580100;Відбудова та будівництво автодоріг і мостів на автомобільних шляхах та об’єктів національної транспортної системи;На посадах керівного складу в органах військового управління, військових частинах, установах, ВВНЗ та ВНП ЗВО;100100, 180200;101501;
58;Відбудова та будівництво автодоріг і мостів на автомобільних шляхах;580200;Експлуатація та ремонт дорожньобудівельних і мостобудівельних машин і механізмів;На посадах спеціалістів в органах військового управління, військових частинах (підрозділах), установах, ВВНЗ та ВНП ЗВО;100100, 180200;101501;
59;Топогеодезичні роботи і техніка;590200;Топографічні роботи;На посадах спеціалістів в органах військового управління, військових частинах (підрозділах), установах, ВВНЗ та ВНП ЗВО;;590300, 591000;
59;Топогеодезичні роботи і техніка;590300;Картографічні роботи (крім ВМС ЗС України);На посадах спеціалістів в органах військового управління, військових частинах (підрозділах), установах, ВВНЗ та ВНП ЗВО;191400;;
59;Топогеодезичні роботи і техніка;591000;Експлуатація та ремонт топогеодезичної техніки і приладів;На посадах спеціалістів в органах військового управління, військових частинах (підрозділах), установах, ВВНЗ та ВНП ЗВО;;590200;
60;Гідрометеорологічні (метеорологічні) та геофізичні роботи і техніка;600100;Обробка гідрометеорологічної (метеорологічної) та геофізичної інформації;На посадах спеціалістів в органах військового управління, військових частинах (підрозділах), установах, ВВНЗ та ВНП ЗВО;200200, 211000;210100, 601000;
60;Гідрометеорологічні (метеорологічні) та геофізичні роботи і техніка;601000;Експлуатація та ремонт гідрометеорологічних (метеорологічних), геофізичних та геологічних засобів і приладів;На посадах спеціалістів в органах військового управління, військових частинах (підрозділах), установах, ВВНЗ та ВНП ЗВО;200200, 600100;210100, 211000;
61;Навігаційно-гідрографічні, геофізичні та гідрометеорологічні роботи. Навігаційно-гідрографічна техніка;610200;Картографічні роботи та обробка гідрометеорологічної і геофізичної інформації для ВМС ЗС України;На посадах спеціалістів в органах військового управління, військових частинах (підрозділах), установах, ВВНЗ та ВНП ЗВО;470600;072300;
62;Проведення та забезпечення будівельних робіт. Технічна експлуатація будівель і споруд;620100;Будівництво та експлуатація будівель і споруд спеціального та загальновійськового призначення;На посадах спеціалістів в органах військового управління, військових частинах (підрозділах), установах, ВВНЗ та ВНП ЗВО;220100;620200;
62;Проведення та забезпечення будівельних робіт. Технічна експлуатація будівель і споруд;620200;Будівництво та експлуатація аеродромів і захисних споруд;На посадах спеціалістів в органах військового управління, військових частинах (підрозділах), установах, ВВНЗ та ВНП ЗВО;;620100;
62;Проведення та забезпечення будівельних робіт. Технічна експлуатація будівель і споруд;620300;Монтаж, експлуатація та ремонт систем електропостачання і електрообладнання будівель та споруд спеціального та загальновійськового призначення;На посадах спеціалістів в органах військового управління, військових частинах (підрозділах), установах, ВВНЗ та ВНП ЗВО, а також спеціалістів з охорони праці та інспекторського складу;221000, 390900, 620100;Офіцери інших ВОС, які мають споріднену цивільну освіту;
62;Проведення та забезпечення будівельних робіт. Технічна експлуатація будівель і споруд;620400;Монтаж, експлуатація та ремонт санітарно-технічного устаткування будівель і споруд спеціального та загальновійськового призначення;На посадах спеціалістів в органах військового управління, військових частинах (підрозділах), установах, ВВНЗ та ВНП ЗВО;620100;221000;
70;Логістичне забезпечення;700100;Організація тилового забезпечення;На посадах керівного складу в органах військового управління, військових частинах (підрозділах), установах, ВВНЗ та ВНП ЗВО;700110;220100, 620100, 701000, 702100, 702200, 702300, 703100, 703500, 703600;
70;Логістичне забезпечення;700110;Організація логістичного забезпечення;На посадах керівного складу в органах військового управління, військових частинах (підрозділах), установах, ВВНЗ та ВНП ЗВО;700100, 705000;220100, 221000, 620100, 701000, 702100, 702200, 702300, 703100, 703500, 703600, 706100, 706200, 707100, 707200, 707300, 707400, 709700;
70;Логістичне забезпечення;701000;Організація забезпечення військ (сил) пальним та мастильними матеріалами;На командних і штабних посадах в органах військового управління, авіаційних військових частинах (підрозділах), установах, ВВНЗ та ВНП ЗВО, а також на посадах спеціалістів;703600;;
70;Логістичне забезпечення;701100;Організація забезпечення матеріально-технічними засобами служби пального авіаційних військових частин;На командних і штабних посадах в органах військового управління, військових частинах (підрозділах), установах, ВВНЗ та ВНП ЗВО;;701000;
70;Логістичне забезпечення;702100;Організація продовольчого, речового, шкіперського і торговельно-побутового забезпечення;На командних і штабних посадах в органах військового управління, установах, ВВНЗ та ВНП ЗВО, а також начальників продовольчої та речової служби;700100;702200, 702300;
70;Логістичне забезпечення;702200;Організація продовольчого забезпечення військ (сил), експлуатація та ремонт технічних засобів продовольчої служби;На командних і штабних посадах в органах військового управління, установах, військових частинах, ВВНЗ та ВНП ЗВО, а також на посадах спеціалістів;700100, 702100;;
70;Логістичне забезпечення;702300;Організація речового забезпечення військ (сил), експлуатація та ремонт технічних засобів речової служби;На командних і штабних посадах в органах військового управління, установах, військових частинах, ВВНЗ та ВНП ЗВО, а також на посадах спеціалістів;700100, 702100;702200;
70;Логістичне забезпечення;703100;Організація військових сполучень і військових перевезень;На командних і штабних посадах в органах військового управління, військових частинах (підрозділах), установах, ВВНЗ та ВНП ЗВО, а також на посадах спеціалістів;703200;;
70;Логістичне забезпечення;703200;Організація військових сполучень і військових перевезень залізничним транспортом;На командних і штабних посадах в органах військового управління, військових частинах (підрозділах), установах, ВВНЗ та ВНП ЗВО, а також на посадах спеціалістів;703100;703300, 703400;
70;Логістичне забезпечення;703300;Організація військових сполучень і військових перевезень водним транспортом;На командних і штабних посадах в органах військового управління, військових частинах (підрозділах), установах, ВВНЗ та ВНП ЗВО, а також на посадах спеціалістів;703100, 703200;703400;
70;Логістичне забезпечення;703400;Організація військових сполучень і військових перевезень повітряним транспортом;На командних і штабних посадах в органах військового управління, військових частинах (підрозділах), установах, ВВНЗ та ВНП ЗВО, а також на посадах спеціалістів;703100, 703200;703300;
70;Логістичне забезпечення;703500;Організація перевезень і управління на автомобільному транспорті;На командних і штабних посадах в органах військового управління, військових частинах (підрозділах), установах, ВВНЗ та ВНП ЗВО, а також на посадах спеціалістів;;706200;
70;Логістичне забезпечення;703600;Організація транспортування, зберігання, розподілу пального, мастильних матеріалів та матеріально-технічних засобів служби пального, їх експлуатація і ремонт;На командних і штабних посадах в органах військового управління, військових частинах (підрозділах), установах, ВВНЗ та ВНП ЗВО, а також на посадах спеціалістів;701000;;
70;Логістичне забезпечення;704000;Організація логістичного забезпечення авіації;На командних і штабних посадах в органах військового управління, авіаційних військових частинах (підрозділах), установах, ВВНЗ та ВНП ЗВО, а також на посадах спеціалістів;;620200, 700100, 700110, 701000, 702100, 702200, 702300, 705000, 709506;
70;Логістичне забезпечення;705000;Організація технічного забезпечення;На посадах керівного складу в органах військового управління, військових частинах (підрозділах), установах, ВВНЗ та ВНП ЗВО;700110;706100, 706200, 707200, 708100, 709100, 709700;
70;Логістичне забезпечення;706100;Організація експлуатації та ремонту бронетанкової техніки;На командних і штабних посадах в органах військового управління, військових частинах (підрозділах), установах, ВВНЗ та ВНП ЗВО, а також на посадах спеціалістів;;021000, 021100;
70;Логістичне забезпечення;706200;Експлуатація та ремонт автомобільної техніки та її аналогів;На командних і штабних посадах в органах військового управління, військових частинах (підрозділах), установах, ВВНЗ та ВНП ЗВО, а також на посадах спеціалістів;;703500;
70;Логістичне забезпечення;706300;Експлуатація та ремонт безпілотних систем;На посадах спеціалістів в органах військового управління, військових частинах (підрозділах), установах, ВВНЗ та ВНП ЗВО;;063400, 063401, 063402, 096300, офіцери 46 групи ВОС, які не використовуються за спеціальністю;
70;Логістичне забезпечення;706305;Експлуатація та ремонт морських безекіпажних систем (комплексів);На посадах спеціалістів в органах військового управління, військових частинах (підрозділах), установах, ВВНЗ та ВНП ЗВО;;470100, 471400, 472400;
70;Логістичне забезпечення;707100;Організація експлуатації та ремонту ракетного озброєння;На командних і штабних посадах в органах військового управління, військових частинах (підрозділах), установах, ВВНЗ та ВНП ЗВО, а також на посадах спеціалістів;;707200;
70;Логістичне забезпечення;707200;Організація експлуатації та ремонту артилерійського озброєння;На командних і штабних посадах в органах військового управління, військових частинах (підрозділах), установах, ВВНЗ та ВНП ЗВО, а також на посадах спеціалістів;;707100;
70;Логістичне забезпечення;707300;Експлуатація та ремонт стрілецького озброєння і засобів ближнього бою;На посадах спеціалістів в органах військового управління, військових частинах (підрозділах), установах, ВВНЗ та ВНП ЗВО;707200;707400;
70;Логістичне забезпечення;707400;Зберігання та ремонт боєприпасів, детонаторів, освітлювальних і сигнальних засобів, вибухових речовин;На посадах спеціалістів в органах військового управління, військових частинах (підрозділах), установах, ВВНЗ та ВНП ЗВО;707200;707300;
70;Логістичне забезпечення;708100;Організація технічного забезпечення, експлуатації та ремонту зенітного ракетного озброєння;На командних і штабних посадах в органах військового управління, військових частинах (підрозділах), установах, ВВНЗ та ВНП ЗВО, а також на посадах спеціалістів;705000;041100, 041300, 041305, 041505;
70;Логістичне забезпечення;708200;Організація технічного забезпечення, експлуатації та ремонту радіолокаційного озброєння;На командних і штабних посадах в органах військового управління, військових частинах (підрозділах), установах, ВВНЗ та ВНП ЗВО, а також на посадах спеціалістів;044000, 044001, 044002, 044003, 705000;708300;
70;Логістичне забезпечення;708300;Експлуатація та ремонт радіотехнічних засобів наведення зенітних ракетних комплексів (систем);На посадах спеціалістів в органах військового управління, військових частинах (підрозділах), установах, ВВНЗ та ВНП ЗВО;041100;708100;
70;Логістичне забезпечення;708400;Експлуатація та ремонт бортових приладів управління, контрольно-випробувального та технологічного устаткування зенітних ракетних комплексів (систем);На посадах спеціалістів в органах військового управління, військових частинах (підрозділах), установах, ВВНЗ та ВНП ЗВО;041103, 041307, 041507;041303;
70;Логістичне забезпечення;708500;Експлуатація та ремонт стартового устаткування зенітних ракетних комплексів (систем);На посадах спеціалістів в органах військового управління, військових частинах (підрозділах), установах, ВВНЗ та ВНП ЗВО;041100, 041300, 041305, 041505, 708300;041103, 041303, 041307;
70;Логістичне забезпечення;708600;Технічне забезпечення, експлуатація та ремонт засобів автоматизованого управління зенітних ракетних комплексів та систем;На посадах спеціалістів в органах військового управління, військових частинах (підрозділах), установах, ВВНЗ та ВНП ЗВО;043000;;
70;Логістичне забезпечення;708700;Експлуатація та ремонт квантово-електронних засобів;На посадах спеціалістів в органах військового управління, військових частинах (підрозділах), установах, ВВНЗ та ВНП ЗВО;Офіцери інших ВОС, які мають споріднену цивільну освіту;;
70;Логістичне забезпечення;708800;Експлуатація та ремонт наземних засобів телеметрії та траєкторних вимірювань;На посадах спеціалістів в органах військового управління, військових частинах (підрозділах), установах, ВВНЗ та ВНП ЗВО;Офіцери інших ВОС, які мають споріднену цивільну освіту;;
70;Логістичне забезпечення;709100;Організація забезпечення авіаційно-технічним майном;На посадах керівного складу в органах військового управління, установах, ВВНЗ та ВНП ЗВО;;;
70;Логістичне забезпечення;709506;Експлуатація та ремонт киснево-газових та інших засобів аеродромно-технічного обслуговування літаків і вертольотів;На посадах спеціалістів в органах військового управління, військових частинах (підрозділах), установах, ВВНЗ та ВНП ЗВО;;;
70;Логістичне забезпечення;709700;Метрологічне забезпечення військ (сил);На посадах спеціалістів в органах військового управління, військових частинах (підрозділах), установах, ВВНЗ та ВНП ЗВО;;521000, 705000;
85;Спеціальності юридичного профілю;850200;Прокурорсько-слідча робота;На прокурорсько-слідчих посадах в органах військової прокуратури, спеціалістів в органах військового управління, військових частинах (підрозділах);850300;850500;
85;Спеціальності юридичного профілю;850300;Юрисконсультська робота;На посадах спеціалістів в органах військового управління, військових частинах (підрозділах), установах, ВВНЗ та ВНП ЗВО;850200;850500;
85;Спеціальності юридичного профілю;850400;Цивільно-військове співробітництво;На посадах спеціалістів в органах військового управління, військових частинах (підрозділах), установах, ВВНЗ та ВНП ЗВО;850200, 850300;Офіцери інших ВОС;
85;Спеціальності юридичного профілю;850500;Правовиховна робота;На посадах спеціалістів в органах військового управління, військових частинах (підрозділах), установах, ВВНЗ та ВНП ЗВО, а також викладачі;850200, 850300;;
85;Спеціальності юридичного профілю;850600;Правоохоронна діяльність у ЗС України;На посадах спеціалістів Військової служби правопорядку у ЗС України;850200, 850300;Офіцери інших ВОС, які мають ступінь вищої юридичної освіти не нижче бакалавра;
90;Охорона здоров’я;900100;Організація медичного забезпечення у ЗС України;На посадах керівного складу в органах військового управління, закладах охорони здоров’я, ВВНЗ та ВНП ЗВО;;900101, 900200, 901300, 902000, 902900, 903400, 905000;
90;Охорона здоров’я;900101;Організація медичного забезпечення в наземних, десантно-штурмових військах, авіації та ВМС ЗС України;На посадах начальників медичної служби військових частин, командирів медичної роти військових частин, ВВНЗ та ВНП ЗВО;;901000, 901100, 901101, 901200;
90;Охорона здоров’я;900200;Організація забезпечення медичним майном і технікою;На посадах керівного складу в органах військового управління, закладах охорони здоров’я, ВВНЗ та ВНП ЗВО фармацевтичного профілю;;909000, 909001, 909002;
90;Охорона здоров’я;901000;Лікувальна справа в наземних військах (загальна практика);На посадах спеціалістів у військових частинах (підрозділах), закладах охорони здоров’я, ВВНЗ та ВНП ЗВО, а також лікарі загальної практики;;901100, 901200, 902001;
90;Охорона здоров’я;901010;Лікувальна справа в наземних військах, авіації та на кораблях (помічник лікаря);На посадах спеціалістів у військових частинах (підрозділах), установах, ВВНЗ та ВНП ЗВО, а також помічників лікарів та слухачів-інтернів;;;
90;Охорона здоров’я;901100;Лікувальна справа в державній авіації (загальна практика);На посадах спеціалістів у військових частинах (підрозділах) державної авіації, закладах охорони здоров’я, ВВНЗ та ВНП ЗВО, а також лікарі загальної практики;;901000, 902001;
90;Охорона здоров’я;901101;Авіаційна і космічна медицина;На посадах спеціалістів у військових частинах (підрозділах) державної авіації, закладах охорони здоров’я, ВВНЗ та ВНП ЗВО, а також лікарі авіаційної медицини;;Офіцери інших ВОС, які залучаються до допуску до польотів та проведення лікарсько-льотної комісії;
90;Охорона здоров’я;901200;Лікувальна справа у ВМС ЗС України (загальна практика);На посадах спеціалістів у військових частинах (підрозділах) ВМС ЗС України, закладах охорони здоров’я, ВВНЗ та ВНП ЗВО, а також лікарі загальної практики;;901000, 901100, 901301;
90;Охорона здоров’я;901300;Організація хірургічної та анестезіологічної допомоги;На посадах головних (провідних) спеціалістів в органах військового управління (закладах охорони здоров’я);;901301, 901303, 901304, 901305, 901307, 901312, 901313, 901400, 901500, 901600, 902700, 902800, 903100, 903300, 906100, 907300, 907400;
90;Охорона здоров’я;901301;Хірургія;На посадах спеціалістів у закладах охорони здоров’я, ВВНЗ та ВНП ЗВО;901304, 901305, 901307, 907300;901000, 901100, 901200, 901313;
90;Охорона здоров’я;901303;Нейрохірургія;На посадах спеціалістів у закладах охорони здоров’я, ВВНЗ та ВНП ЗВО;;901301, 901313;
90;Охорона здоров’я;901304;Хірургія торакальна;На посадах спеціалістів у закладах охорони здоров’я, ВВНЗ та ВНП ЗВО;;901301, 901305;
90;Охорона здоров’я;901305;Хірургія серця і магістральних судин;На посадах спеціалістів у закладах охорони здоров’я, ВВНЗ та ВНП ЗВО;;901301;
90;Охорона здоров’я;901307;Хірургія судинна;На посадах спеціалістів у закладах охорони здоров’я, ВВНЗ та ВНП ЗВО;;901301, 901305;
90;Охорона здоров’я;901312;Щелепно-лицева хірургія;На посадах спеціалістів у закладах охорони здоров’я, ВВНЗ та ВНП ЗВО;;902901, 902902, 902903, 902904, 902905;
90;Охорона здоров’я;901313;Ортопедія і травматологія;На посадах спеціалістів у закладах охорони здоров’я, ВВНЗ та ВНП ЗВО;;901301;
90;Охорона здоров’я;901400;Анестезіологія;На посадах спеціалістів у закладах охорони здоров’я, ВВНЗ та ВНП ЗВО;;901301, 901600;
90;Охорона здоров’я;901500;Трансфузіологія;На посадах спеціалістів у закладах охорони здоров’я, ВВНЗ та ВНП ЗВО;;901301, 902001;
90;Охорона здоров’я;901600;Медицина невідкладних станів;На посадах спеціалістів у закладах охорони здоров’я, ВВНЗ та ВНП ЗВО;;901000, 901100, 901200, 901400, 902001;
90;Охорона здоров’я;902000;Організація терапевтичної допомоги;На посадах головних (провідних) спеціалістів в органах військового управління (закладах охорони здоров’я);;902001, 902002, 902003, 902004, 902006, 902007, 902008, 902009, 902200, 902300, 902400, 902500, 902600, 903900, 904501, 904701;
90;Охорона здоров’я;902001;Терапія;На посадах спеціалістів у закладах охорони здоров’я, ВВНЗ та ВНП ЗВО;902006, 902007;901000, 901100, 901200;
90;Охорона здоров’я;902002;Кардіологія;На посадах спеціалістів у закладах охорони здоров’я, ВВНЗ та ВНП ЗВО;;901000, 901100, 901200, 901305, 902001, 902009;
90;Охорона здоров’я;902003;Гастроентерологія;На посадах спеціалістів у закладах охорони здоров’я, ВВНЗ та ВНП ЗВО;;901000, 901100, 901200, 902001;
90;Охорона здоров’я;902004;Пульмонологія;На посадах спеціалістів у закладах охорони здоров’я, ВВНЗ та ВНП ЗВО;;902001, 902200;
90;Охорона здоров’я;902006;Гематологія;На посадах спеціалістів у закладах охорони здоров’я, ВВНЗ та ВНП ЗВО;;902001;
90;Охорона здоров’я;902007;Нефрологія;На посадах спеціалістів у закладах охорони здоров’я, ВВНЗ та ВНП ЗВО;;902001;
90;Охорона здоров’я;902008;Ендокринологія;На посадах спеціалістів у закладах охорони здоров’я, ВВНЗ та ВНП ЗВО;;901000, 901100, 901200, 902001;
90;Охорона здоров’я;902009;Ревматологія;На посадах спеціалістів у закладах охорони здоров’я, ВВНЗ та ВНП ЗВО;;902001, 902002;
90;Охорона здоров’я;902200;Фтизіатрія;На посадах спеціалістів у закладах охорони здоров’я, ВВНЗ та ВНП ЗВО;;901000, 901100, 901200, 902001;
90;Охорона здоров’я;902300;Інфекційні хвороби;На посадах спеціалістів у закладах охорони здоров’я, ВВНЗ та ВНП ЗВО;;901000, 901100, 901200, 901400, 902001;
90;Охорона здоров’я;902400;Неврологія;На посадах спеціалістів у закладах охорони здоров’я, ВВНЗ та ВНП ЗВО;;901000, 901100, 901200, 902001;
90;Охорона здоров’я;902500;Психіатрія;На посадах спеціалістів у закладах охорони здоров’я, ВВНЗ та ВНП ЗВО;;901000, 901100, 901200, 902001;
90;Охорона здоров’я;902501;Клінічна психологія;На посадах спеціалістів у закладах охорони здоров’я, ВВНЗ та ВНП ЗВО;;Офіцери інших ВОС, які мають споріднену цивільну освіту;
90;Охорона здоров’я;902600;Дерматовенерологія;На посадах спеціалістів у закладах охорони здоров’я, ВВНЗ та ВНП ЗВО;;901000, 901100, 901200, 902001;
90;Охорона здоров’я;902700;Офтальмологія;На посадах спеціалістів у закладах охорони здоров’я, ВВНЗ та ВНП ЗВО;;901301;
90;Охорона здоров’я;902800;Отоларингологія;На посадах спеціалістів у закладах охорони здоров’я, ВВНЗ та ВНП ЗВО;;901301;
90;Охорона здоров’я;902900;Організація надання стоматологічної допомоги;На посадах головних (провідних) спеціалістів в органах військового управління (закладах охорони здоров’я);;902901, 902902, 902903, 902904, 902905;
90;Охорона здоров’я;902901;Стоматологія;На посадах спеціалістів у закладах охорони здоров’я, ВВНЗ та ВНП ЗВО;;;
90;Охорона здоров’я;902902;Терапевтична стоматологія;На посадах спеціалістів у закладах охорони здоров’я, ВВНЗ та ВНП ЗВО;;902901;
90;Охорона здоров’я;902903;Ортопедична стоматологія;На посадах спеціалістів у закладах охорони здоров’я, ВВНЗ та ВНП ЗВО;;902901;
90;Охорона здоров’я;902904;Хірургічна стоматологія;На посадах спеціалістів у закладах охорони здоров’я, ВВНЗ та ВНП ЗВО;;902901;
90;Охорона здоров’я;902905;Ортодонтія;На посадах спеціалістів у закладах охорони здоров’я, ВВНЗ та ВНП ЗВО;;902901;
90;Охорона здоров’я;903100;Акушерство і гінекологія;На посадах спеціалістів у закладах охорони здоров’я, ВВНЗ та ВНП ЗВО;;901301;
90;Охорона здоров’я;903300;Ендоскопія;На посадах спеціалістів у закладах охорони здоров’я, ВВНЗ та ВНП ЗВО;;901000, 901100, 901200, 901301, 902001;
90;Охорона здоров’я;903400;Організація реабілітації в сфері охорони здоров’я;На посадах головних (провідних) спеціалістів в органах військового управління (закладах охорони здоров’я);;903401, 903402, 904000, 904001;
90;Охорона здоров’я;903401;Фізична та реабілітаційна медицина;На посадах спеціалістів у закладах охорони здоров’я, ВВНЗ та ВНП ЗВО;;901000, 901100, 901200, 902001, 903402;
90;Охорона здоров’я;903402;Фізіотерапія;На посадах спеціалістів у закладах охорони здоров’я, ВВНЗ та ВНП ЗВО;903401;902001;
90;Охорона здоров’я;903403;Фізична терапія;На посадах спеціалістів у закладах охорони здоров’я, ВВНЗ та ВНП ЗВО;903404;;
90;Охорона здоров’я;903404;Ерготерапія;На посадах спеціалістів у закладах охорони здоров’я, ВВНЗ та ВНП ЗВО;903403;;
90;Охорона здоров’я;903900;Функціональна діагностика;На посадах спеціалістів у закладах охорони здоров’я, ВВНЗ та ВНП ЗВО;;901000, 901100, 901200, 902001;
90;Охорона здоров’я;904000;Психофізіологія;На посадах спеціалістів у закладах охорони здоров’я, ВВНЗ та ВНП ЗВО;;902001, 902400, 902500;
90;Охорона здоров’я;904001;Медична психологія;На посадах спеціалістів у закладах охорони здоров’я, ВВНЗ та ВНП ЗВО;;902500;
90;Охорона здоров’я;904100;Спеціальна фізіологія (в наземних військах та авіації);На посадах спеціалістів у закладах охорони здоров’я, військових частинах, установах, ВВНЗ та ВНП ЗВО;;901000, 901100, 901200, 902001;
90;Охорона здоров’я;904103;Суднова медицина (спеціальна фізіологія);На посадах спеціалістів надводних кораблів (суден) та підводних човнів;;901200, 901600;
90;Охорона здоров’я;904200;Рентгенологія;На посадах спеціалістів у закладах охорони здоров’я, ВВНЗ та ВНП ЗВО;;904701;
90;Охорона здоров’я;904201;Ультразвукова діагностика;На посадах спеціалістів у закладах охорони здоров’я, ВВНЗ та ВНП ЗВО;;901000, 901100, 901200, 901301, 902001;
90;Охорона здоров’я;904300;Клінічна лабораторна діагностика;На посадах спеціалістів у закладах охорони здоров’я, ВВНЗ та ВНП ЗВО;;905200;
90;Охорона здоров’я;904501;Токсикологія;На посадах спеціалістів у закладах охорони здоров’я, ВВНЗ та ВНП ЗВО;;901000, 901100, 901200, 902001;
90;Охорона здоров’я;904701;Радіологія;На посадах спеціалістів у закладах охорони здоров’я, ВВНЗ та ВНП ЗВО;;901000, 901100, 901200, 902001;
90;Охорона здоров’я;905000;Організація превентивної медицини;На посадах головних (провідних) спеціалістів в органах військового управління (керівники закладів охорони здоров’я);;905100, 905200, 905300, 905600;
90;Охорона здоров’я;905100;Епідеміологія;На посадах спеціалістів у закладах охорони здоров’я, ВВНЗ та ВНП ЗВО;905600;901000, 901100, 901200;
90;Охорона здоров’я;905200;Бактеріологія, вірусологія, паразитологія;На посадах спеціалістів у закладах охорони здоров’я, ВВНЗ та ВНП ЗВО;;905100;
90;Охорона здоров’я;905300;Радіаційна гігієна;На посадах спеціалістів у закладах охорони здоров’я, ВВНЗ та ВНП ЗВО;;905100;
90;Охорона здоров’я;905600;Загальна гігієна;На посадах спеціалістів у закладах охорони здоров’я, ВВНЗ та ВНП ЗВО;;905100;
90;Охорона здоров’я;906100;Патологічна анатомія;На посадах спеціалістів у закладах охорони здоров’я, ВВНЗ та ВНП ЗВО;;901000, 901100, 901200, 901301, 902001;
90;Охорона здоров’я;907300;Урологія;На посадах спеціалістів у закладах охорони здоров’я, ВВНЗ та ВНП ЗВО;;901301;
90;Охорона здоров’я;907400;Проктологія;На посадах спеціалістів у закладах охорони здоров’я, ВВНЗ та ВНП ЗВО;;901301;
90;Охорона здоров’я;909000;Фармація;На посадах спеціалістів у закладах охорони здоров’я, ВВНЗ та ВНП ЗВО;900200;;
90;Охорона здоров’я;909001;Аналітично-контрольна фармація;На посадах спеціалістів у закладах охорони здоров’я, ВВНЗ та ВНП ЗВО;;909000;
90;Охорона здоров’я;909002;Клінічна фармація;На посадах спеціалістів у закладах охорони здоров’я, ВВНЗ та ВНП ЗВО;;909000;
99;Спеціальності ветеринарного профілю;990100;Організація ветеринарного забезпечення;На посадах керівного складу в органах військового управління, військових частинах, установах, ВВНЗ та ВНП ЗВО;;991100, 991600;
99;Спеціальності ветеринарного профілю;991100;Бактеріологія та вірусологія ветеринарна загальна;На посадах спеціалістів в органах військового управління, військових частинах (підрозділах), установах, ВВНЗ та ВНП ЗВО;990100;;
99;Спеціальності ветеринарного профілю;991600;Радіологія та токсикологія ветеринарна;На посадах спеціалістів в органах військового управління, військових частинах (підрозділах), установах, ВВНЗ та ВНП ЗВО;990100;;
